id,match_id,match_full_time,extra_full_time,player_id,back_number,player_name,player_last_name,team_id,team_name,event_time,event_period,is_side_changed,event_types,filtered_event_types,x,y,relative_player_id,relative_player_name,relative_player_last_name,relative_x,relative_y
115395263,118575,5400000,0,476362,9,,,31425,筑波大学 サッカー同好会,640,FIRST_HALF,True,passSucceeded passSucceededFrom11 passSucceededTo8 passSucceededFrom11To8 backwardPassSucceeded shortPassSucceeded,passSucceeded backwardPassSucceeded shortPassSucceeded,0.464845,0.502524,476357,,,0.411827,0.374734
115395264,118575,5400000,0,476357,17,,,31425,筑波大学 サッカー同好会,1960,FIRST_HALF,True,passReceived passReceivedFrom8,passReceived,0.411827,0.374734,,,,,
115395268,118575,5400000,0,476357,17,,,31425,筑波大学 サッカー同好会,2976,FIRST_HALF,True,passSucceeded passSucceededFrom8 passSucceededTo6 passSucceededFrom8To6 sidewaysPassSucceeded mediumPassSucceeded,passSucceeded sidewaysPassSucceeded mediumPassSucceeded,0.437851,0.365117,476356,,,0.845738,0.289626
115395269,118575,5400000,0,476356,14,,,31425,筑波大学 サッカー同好会,5720,FIRST_HALF,True,passReceived passReceivedFrom6,passReceived,0.845738,0.289626,,,,,
115395288,118575,5400000,0,476356,14,,,31425,筑波大学 サッカー同好会,6720,FIRST_HALF,True,passSucceeded passSucceededFrom6 passSucceededTo12 passSucceededFrom6To12 forwardPassSucceeded mediumPassSucceeded,passSucceeded forwardPassSucceeded mediumPassSucceeded,0.865237,0.299634,476362,,,0.781383,0.540082
115395289,118575,5400000,0,476362,9,,,31425,筑波大学 サッカー同好会,8560,FIRST_HALF,True,passSucceeded passReceived passSucceededFrom12 passSucceededTo12 passSucceededFrom12To12 sidewaysPassSucceeded shortPassSucceeded,passSucceeded sidewaysPassSucceeded shortPassSucceeded passReceived,0.781383,0.540082,476361,,,0.898821,0.506096
115395290,118575,5400000,0,476361,10,,,31425,筑波大学 サッカー同好会,9400,FIRST_HALF,True,passReceived passReceivedFrom12,passReceived,0.898821,0.506096,,,,,
115386549,118575,5400000,0,476371,5,,,31424,筑波大学 - C3,11920,FIRST_HALF,True,cutoff,cutoff,0.513359,0.33581,,,,,
115386554,118575,5400000,0,476370,14,,,31424,筑波大学 - C3,14200,FIRST_HALF,True,possession passSucceeded passSucceededFrom7 passSucceededTo4 passSucceededFrom7To4 backwardPassSucceeded shortPassSucceeded,passSucceeded backwardPassSucceeded shortPassSucceeded possession,0.0940772,0.396103,476368,,,0.154566,0.266823
115386555,118575,5400000,0,476368,40,,,31424,筑波大学 - C3,15960,FIRST_HALF,True,passReceived passReceivedFrom4,passReceived,0.154566,0.266823,,,,,
115386557,118575,5400000,0,476368,40,,,31424,筑波大学 - C3,17611,FIRST_HALF,True,passSucceeded passSucceededFrom4 passSucceededTo2 passSucceededFrom4To2 sidewaysPassSucceeded mediumPassSucceeded,passSucceeded sidewaysPassSucceeded mediumPassSucceeded,0.198059,0.251416,476367,,,0.496847,0.150376
115386558,118575,5400000,0,476367,1,,,31424,筑波大学 - C3,19262,FIRST_HALF,True,passReceived passReceivedFrom2,passReceived,0.496847,0.150376,,,,,
115386561,118575,5400000,0,476367,1,,,31424,筑波大学 - C3,20757,FIRST_HALF,True,passSucceeded passSucceededFrom2 passSucceededTo5 passSucceededFrom2To5 forwardPassSucceeded shortPassSucceeded,passSucceeded forwardPassSucceeded shortPassSucceeded,0.54571,0.16186,476369,,,0.663177,0.208599
115386562,118575,5400000,0,476369,30,,,31424,筑波大学 - C3,21640,FIRST_HALF,True,passReceived passReceivedFrom5,passReceived,0.663177,0.208599,,,,,
115386568,118575,5400000,0,476369,30,,,31424,筑波大学 - C3,23889,FIRST_HALF,True,passFailed passFailedFrom6 passFailedTo14 passFailedFrom6To14 forwardPassFailed longPassFailed,passFailed forwardPassFailed longPassFailed,0.705924,0.235851,,,,0.530918,0.715823
115386569,118575,5400000,0,,,,,31424,筑波大学 - C3,26960,FIRST_HALF,True,,,0.530918,0.715823,,,,,
115397712,118575,5400000,0,476355,31,,,31425,筑波大学 サッカー同好会,27320,FIRST_HALF,True,possession passSucceeded passSucceededFrom5 passSucceededTo4 passSucceededFrom5To4 backwardPassSucceeded shortPassSucceeded,passSucceeded backwardPassSucceeded shortPassSucceeded possession,0.478559,0.275366,476354,,,0.29952,0.198907
115397713,118575,5400000,0,476354,29,,,31425,筑波大学 サッカー同好会,29422,FIRST_HALF,True,passReceived passReceivedFrom4,passReceived,0.29952,0.198907,,,,,
115395321,118575,5400000,0,476354,29,,,31425,筑波大学 サッカー同好会,33200,FIRST_HALF,True,passFailed passFailedFrom4 passFailedTo13 passFailedFrom4To13 forwardPassFailed longPassFailed,passFailed forwardPassFailed longPassFailed,0.209862,0.216146,,,,0.0,0.771837
115395322,118575,5400000,0,,,,,31425,筑波大学 サッカー同好会,39240,FIRST_HALF,True,,,0.0,0.771837,,,,,
115386574,118575,5400000,0,476371,5,,,31424,筑波大学 - C3,40920,FIRST_HALF,True,throwIn passSucceeded passSucceededFrom6 passSucceededTo3 passSucceededFrom6To3 backwardPassSucceeded shortPassSucceeded,throwIn passSucceeded backwardPassSucceeded shortPassSucceeded,1.0,0.231203,476369,,,0.958644,0.10874
115386575,118575,5400000,0,476369,30,,,31424,筑波大学 - C3,42880,FIRST_HALF,True,passReceived passReceivedFrom3,passReceived,0.958644,0.10874,,,,,
115386578,118575,5400000,0,476369,30,,,31424,筑波大学 - C3,50257,FIRST_HALF,True,passSucceeded passSucceededFrom6 passSucceededTo6 passSucceededFrom6To6 forwardPassSucceeded shortPassSucceeded,passSucceeded forwardPassSucceeded shortPassSucceeded,0.749065,0.167793,476372,,,0.744908,0.231443
115386579,118575,5400000,0,476372,34,,,31424,筑波大学 - C3,50920,FIRST_HALF,True,passReceived passReceivedFrom6,passReceived,0.744908,0.231443,,,,,
115386580,118575,5400000,0,476372,34,,,31424,筑波大学 - C3,51889,FIRST_HALF,True,passSucceeded passSucceededFrom6 passSucceededTo2 passSucceededFrom6To2 sidewaysPassSucceeded mediumPassSucceeded,passSucceeded sidewaysPassSucceeded mediumPassSucceeded,0.711988,0.223564,476368,,,0.369949,0.13504
115386581,118575,5400000,0,476368,40,,,31424,筑波大学 - C3,54200,FIRST_HALF,True,passReceived passReceivedFrom2,passReceived,0.369949,0.13504,,,,,
115386584,118575,5400000,0,476368,40,,,31424,筑波大学 - C3,59540,FIRST_HALF,True,passSucceeded passSucceededFrom5 passSucceededTo6 passSucceededFrom5To6 sidewaysPassSucceeded mediumPassSucceeded,passSucceeded sidewaysPassSucceeded mediumPassSucceeded,0.387844,0.186441,476369,,,0.720998,0.237585
115386585,118575,5400000,0,476369,30,,,31424,筑波大学 - C3,61622,FIRST_HALF,True,passReceived passReceivedFrom6,passReceived,0.720998,0.237585,,,,,
115386588,118575,5400000,0,476369,30,,,31424,筑波大学 - C3,64107,FIRST_HALF,True,passFailed passFailedFrom6 passFailedTo14 passFailedFrom6To14 forwardPassFailed longPassFailed,passFailed forwardPassFailed longPassFailed,0.87236,0.317857,,,,0.529568,0.713589
115386589,118575,5400000,0,,,,,31424,筑波大学 - C3,66790,FIRST_HALF,True,,,0.529568,0.713589,,,,,
115395347,118575,5400000,0,476355,31,,,31425,筑波大学 サッカー同好会,67080,FIRST_HALF,True,intercept passSucceeded passSucceededFrom5 passSucceededTo8 passSucceededFrom5To8 forwardPassSucceeded mediumPassSucceeded,passSucceeded forwardPassSucceeded mediumPassSucceeded intercept,0.438892,0.272219,476358,,,0.431138,0.449362
115395348,118575,5400000,0,476358,22,,,31425,筑波大学 サッカー同好会,68720,FIRST_HALF,True,passReceived passReceivedFrom8,passReceived,0.431138,0.449362,,,,,
115386592,118575,5400000,0,476373,39,,,31424,筑波大学 - C3,70001,FIRST_HALF,True,cutoff,cutoff,0.602504,0.537297,,,,,
115386595,118575,5400000,0,476372,34,,,31424,筑波大学 - C3,70800,FIRST_HALF,True,possession dribbleToSpace,dribbleToSpace possession,0.593251,0.509142,,,,,
115395357,118575,5400000,0,476359,16,,,31425,筑波大学 サッカー同好会,73960,FIRST_HALF,True,tackleSucceeded,tackleSucceeded,0.583744,0.410886,,,,,
115395366,118575,5400000,0,476359,16,,,31425,筑波大学 サッカー同好会,76000,FIRST_HALF,True,passFailed passFailedFrom8 passFailedTo17 passFailedFrom8To17 forwardPassFailed longPassFailed,passFailed forwardPassFailed longPassFailed,0.611023,0.430685,,,,0.462598,0.884944
115386606,118575,5400000,0,476367,1,,,31424,筑波大学 - C3,80964,FIRST_HALF,True,possession,possession,0.499472,0.141464,,,,,
115395367,118575,5400000,0,,,,,31425,筑波大学 サッカー同好会,81040,FIRST_HALF,True,,,0.462598,0.884944,,,,,
115386613,118575,5400000,0,476367,1,,,31424,筑波大学 - C3,82509,FIRST_HALF,True,passSucceeded passSucceededFrom2 passSucceededTo5 passSucceededFrom2To5 forwardPassSucceeded shortPassSucceeded,passSucceeded forwardPassSucceeded shortPassSucceeded,0.486793,0.129148,476368,,,0.368156,0.183885
115386614,118575,5400000,0,476368,40,,,31424,筑波大学 - C3,84000,FIRST_HALF,True,passReceived passReceivedFrom5,passReceived,0.368156,0.183885,,,,,
115386626,118575,5400000,0,476368,40,,,31424,筑波大学 - C3,87962,FIRST_HALF,True,passSucceeded passSucceededFrom5 passSucceededTo6 passSucceededFrom5To6 sidewaysPassSucceeded mediumPassSucceeded,passSucceeded sidewaysPassSucceeded mediumPassSucceeded,0.433002,0.222123,476369,,,0.711709,0.270128
115386627,118575,5400000,0,476369,30,,,31424,筑波大学 - C3,89800,FIRST_HALF,True,passReceived passReceivedFrom6,passReceived,0.711709,0.270128,,,,,
115386629,118575,5400000,0,476369,30,,,31424,筑波大学 - C3,90960,FIRST_HALF,True,passSucceeded passSucceededFrom6 passSucceededTo5 passSucceededFrom6To5 sidewaysPassSucceeded mediumPassSucceeded,passSucceeded sidewaysPassSucceeded mediumPassSucceeded,0.704741,0.273844,476368,,,0.400889,0.266045
115386630,118575,5400000,0,476368,40,,,31424,筑波大学 - C3,92760,FIRST_HALF,True,passReceived passReceivedFrom5,passReceived,0.400889,0.266045,,,,,
115386633,118575,5400000,0,476368,40,,,31424,筑波大学 - C3,95401,FIRST_HALF,True,passFailed passFailedFrom8 passFailedTo10 passFailedFrom8To10 forwardPassFailed longPassFailed,passFailed forwardPassFailed longPassFailed,0.375974,0.343287,,,,0.0,0.64578
115386634,118575,5400000,0,,,,,31424,筑波大学 - C3,97960,FIRST_HALF,True,,,0.0,0.64578,,,,,
115395390,118575,5400000,0,476356,14,,,31425,筑波大学 サッカー同好会,116640,FIRST_HALF,True,throwIn passSucceeded passSucceededFrom6 passSucceededTo6 passSucceededFrom6To6 forwardPassSucceeded shortPassSucceeded,throwIn passSucceeded forwardPassSucceeded shortPassSucceeded,1.0072,0.228109,476358,,,0.921941,0.30474
115395391,118575,5400000,0,476358,22,,,31425,筑波大学 サッカー同好会,117720,FIRST_HALF,True,passSucceeded passReceived passSucceededFrom6 passSucceededTo6 passSucceededFrom6To6 sidewaysPassSucceeded shortPassSucceeded,passSucceeded sidewaysPassSucceeded shortPassSucceeded passReceived,0.921941,0.30474,476356,,,0.995302,0.279536
115395392,118575,5400000,0,476356,14,,,31425,筑波大学 サッカー同好会,118680,FIRST_HALF,True,passSucceeded passReceived passSucceededFrom6 passSucceededTo9 passSucceededFrom6To9 forwardPassSucceeded shortPassSucceeded,passSucceeded forwardPassSucceeded shortPassSucceeded passReceived,0.995302,0.279536,476361,,,0.964213,0.371148
115395393,118575,5400000,0,476361,10,,,31425,筑波大学 サッカー同好会,119440,FIRST_HALF,True,groundDuelSucceeded passSucceeded passReceived passSucceededFrom9 passSucceededTo9 passSucceededFrom9To9 sidewaysPassSucceeded shortPassSucceeded,passSucceeded sidewaysPassSucceeded shortPassSucceeded duelSucceeded groundDuelSucceeded passReceived,0.964213,0.371148,476359,,,0.81219,0.353598
115386637,118575,5400000,0,476370,14,,,31424,筑波大学 - C3,119520,FIRST_HALF,True,groundDuelFailed tackleFailed,duelFailed groundDuelFailed tackleFailed,0.0378267,0.626754,,,,,
115395394,118575,5400000,0,476359,16,,,31425,筑波大学 サッカー同好会,121400,FIRST_HALF,True,passSucceeded passReceived passSucceededFrom9 passSucceededTo7 passSucceededFrom9To7 sidewaysPassSucceeded longPassSucceeded,passSucceeded sidewaysPassSucceeded longPassSucceeded passReceived,0.81219,0.353598,476360,,,0.180985,0.48351
115395395,118575,5400000,0,476360,18,,,31425,筑波大学 サッカー同好会,125240,FIRST_HALF,True,passReceived passReceivedFrom7,passReceived,0.180985,0.48351,,,,,
115395406,118575,5400000,0,476360,18,,,31425,筑波大学 サッカー同好会,127520,FIRST_HALF,True,passSucceeded passSucceededFrom10 passSucceededTo10 passSucceededFrom10To10 forwardPassSucceeded shortPassSucceeded,passSucceeded forwardPassSucceeded shortPassSucceeded,0.128525,0.549862,476353,,,0.0154964,0.599586
115395407,118575,5400000,0,476353,47,,,31425,筑波大学 サッカー同好会,128880,FIRST_HALF,True,passSucceeded passReceived passSucceededFrom10 passSucceededTo10 passSucceededFrom10To10 backwardPassSucceeded shortPassSucceeded,passSucceeded backwardPassSucceeded shortPassSucceeded passReceived,0.0154964,0.599586,476360,,,0.112985,0.557474
115395408,118575,5400000,0,476360,18,,,31425,筑波大学 サッカー同好会,130240,FIRST_HALF,True,passReceived passReceivedFrom10,passReceived,0.112985,0.557474,,,,,
115395414,118575,5400000,0,476360,18,,,31425,筑波大学 サッカー同好会,131200,FIRST_HALF,True,passFailed passFailedFrom10 passFailedTo16 passFailedFrom10To16 forwardPassFailed longPassFailed,passFailed forwardPassFailed longPassFailed,0.125285,0.581727,,,,0.333289,0.943105
115395415,118575,5400000,0,,,,,31425,筑波大学 サッカー同好会,133760,FIRST_HALF,True,,,0.333289,0.943105,,,,,
115386644,118575,5400000,0,476367,1,,,31424,筑波大学 - C3,134000,FIRST_HALF,True,intercept,intercept,0.650026,0.0819364,,,,,
115386648,118575,5400000,0,476367,1,,,31424,筑波大学 - C3,137965,FIRST_HALF,True,passSucceeded passSucceededFrom2 passSucceededTo2 passSucceededFrom2To2 sidewaysPassSucceeded shortPassSucceeded,passSucceeded sidewaysPassSucceeded shortPassSucceeded,0.581881,0.129148,476368,,,0.412971,0.100354
115386649,118575,5400000,0,476368,40,,,31424,筑波大学 - C3,140434,FIRST_HALF,True,passReceived passReceivedFrom2,passReceived,0.412971,0.100354,,,,,
115386655,118575,5400000,0,476368,40,,,31424,筑波大学 - C3,146520,FIRST_HALF,True,passSucceeded passSucceededFrom5 passSucceededTo5 passSucceededFrom5To5 sidewaysPassSucceeded shortPassSucceeded,passSucceeded sidewaysPassSucceeded shortPassSucceeded,0.437665,0.182518,476369,,,0.605652,0.230756
115386656,118575,5400000,0,476369,30,,,31424,筑波大学 - C3,147840,FIRST_HALF,True,passReceived passReceivedFrom5,passReceived,0.605652,0.230756,,,,,
115386660,118575,5400000,0,476369,30,,,31424,筑波大学 - C3,149458,FIRST_HALF,True,passSucceeded passSucceededFrom5 passSucceededTo5 passSucceededFrom5To5 sidewaysPassSucceeded shortPassSucceeded,passSucceeded sidewaysPassSucceeded shortPassSucceeded,0.592974,0.237941,476368,,,0.464078,0.19191
115386661,118575,5400000,0,476368,40,,,31424,筑波大学 - C3,150840,FIRST_HALF,True,passReceived passReceivedFrom5,passReceived,0.464078,0.19191,,,,,
115386663,118575,5400000,0,476368,40,,,31424,筑波大学 - C3,154010,FIRST_HALF,True,passSucceeded passSucceededFrom5 passSucceededTo6 passSucceededFrom5To6 sidewaysPassSucceeded mediumPassSucceeded,passSucceeded sidewaysPassSucceeded mediumPassSucceeded,0.458844,0.226923,476369,,,0.759681,0.289248
115386664,118575,5400000,0,476369,30,,,31424,筑波大学 - C3,155960,FIRST_HALF,True,passReceived passReceivedFrom6,passReceived,0.759681,0.289248,,,,,
115386665,118575,5400000,0,476369,30,,,31424,筑波大学 - C3,157577,FIRST_HALF,True,passSucceeded passSucceededFrom6 passSucceededTo9 passSucceededFrom6To9 sidewaysPassSucceeded shortPassSucceeded,passSucceeded sidewaysPassSucceeded shortPassSucceeded,0.769861,0.323368,476371,,,0.962331,0.366055
115386666,118575,5400000,0,476371,5,,,31424,筑波大学 - C3,158960,FIRST_HALF,True,passReceived passReceivedFrom9,passReceived,0.962331,0.366055,,,,,
115386670,118575,5400000,0,476371,5,,,31424,筑波大学 - C3,159618,FIRST_HALF,True,passFailed passFailedFrom9 passFailedTo15 passFailedFrom9To15 forwardPassFailed longPassFailed,passFailed forwardPassFailed longPassFailed,0.97185,0.36494,,,,1.0,0.787887
115386671,118575,5400000,0,,,,,31424,筑波大学 - C3,163392,FIRST_HALF,True,,,1.0,0.787887,,,,,
115395439,118575,5400000,0,476353,47,,,31425,筑波大学 サッカー同好会,171400,FIRST_HALF,True,throwIn passSucceeded passSucceededFrom4 passSucceededTo4 passSucceededFrom4To4 forwardPassSucceeded shortPassSucceeded,throwIn passSucceeded forwardPassSucceeded shortPassSucceeded,-0.023207,0.197881,476358,,,0.134132,0.266537
115395440,118575,5400000,0,476358,22,,,31425,筑波大学 サッカー同好会,172800,FIRST_HALF,True,passReceived passReceivedFrom4,passReceived,0.134132,0.266537,,,,,
115395441,118575,5400000,0,476358,22,,,31425,筑波大学 サッカー同好会,173748,FIRST_HALF,True,passSucceeded passSucceededFrom4 passSucceededTo4 passSucceededFrom4To4 sidewaysPassSucceeded shortPassSucceeded,passSucceeded sidewaysPassSucceeded shortPassSucceeded,0.095676,0.2692,476353,,,0.00873077,0.239707
115395442,118575,5400000,0,476353,47,,,31425,筑波大学 サッカー同好会,174760,FIRST_HALF,True,passReceived passReceivedFrom4,passReceived,0.00873077,0.239707,,,,,
115395448,118575,5400000,0,476353,47,,,31425,筑波大学 サッカー同好会,175840,FIRST_HALF,True,passFailed passFailedFrom4 passFailedTo7 passFailedFrom4To7 forwardPassFailed mediumPassFailed,passFailed forwardPassFailed mediumPassFailed,-0.0306736,0.250842,,,,0.130395,0.398056
115386683,118575,5400000,0,476373,39,,,31424,筑波大学 - C3,176520,FIRST_HALF,True,block,block,0.909072,0.606055,,,,,
115395449,118575,5400000,0,,,,,31425,筑波大学 サッカー同好会,176600,FIRST_HALF,True,,,0.130395,0.398056,,,,,
115395453,118575,5400000,0,476360,18,,,31425,筑波大学 サッカー同好会,178000,FIRST_HALF,True,possession,possession,0.0879208,0.360815,,,,,
115395459,118575,5400000,0,476360,18,,,31425,筑波大学 サッカー同好会,179400,FIRST_HALF,True,dribbleToSpace,dribbleToSpace,0.203111,0.344834,,,,,
115395472,118575,5400000,0,476360,18,,,31425,筑波大学 サッカー同好会,185520,FIRST_HALF,True,passSucceeded passSucceededFrom11 passSucceededTo15 passSucceededFrom11To15 forwardPassSucceeded longPassSucceeded,passSucceeded forwardPassSucceeded longPassSucceeded,0.551132,0.637162,476361,,,0.938669,0.78988
115395473,118575,5400000,0,476361,10,,,31425,筑波大学 サッカー同好会,188560,FIRST_HALF,True,passReceived passReceivedFrom15,passReceived,0.938669,0.78988,,,,,
115395482,118575,5400000,0,476361,10,,,31425,筑波大学 サッカー同好会,189720,FIRST_HALF,True,dribbleToSpace,dribbleToSpace,0.917169,0.811225,,,,,
115395489,118575,5400000,0,476361,10,,,31425,筑波大学 サッカー同好会,193280,FIRST_HALF,True,crossFailed,crossFailed,0.826292,0.940593,,,,0.604609,0.960682
115395490,118575,5400000,0,,,,,31425,筑波大学 サッカー同好会,194400,FIRST_HALF,True,,,0.604609,0.960682,,,,,
115386693,118575,5400000,0,476368,40,,,31424,筑波大学 - C3,194440,FIRST_HALF,True,clearance,clearance,0.412493,0.025979,,,,,
115395528,118575,5400000,0,476356,14,,,31425,筑波大学 サッカー同好会,198040,FIRST_HALF,True,attackRouteStart possession,possession,0.944203,0.759642,,,,,
115395502,118575,5400000,0,476356,14,,,31425,筑波大学 サッカー同好会,198840,FIRST_HALF,True,passSucceeded passSucceededFrom15 passSucceededTo15 passSucceededFrom15To15 backwardPassSucceeded shortPassSucceeded,passSucceeded backwardPassSucceeded shortPassSucceeded,0.93656,0.762109,476359,,,0.803716,0.696113
115395503,118575,5400000,0,476359,16,,,31425,筑波大学 サッカー同好会,200360,FIRST_HALF,True,passSucceeded passReceived passSucceededFrom15 passSucceededTo15 passSucceededFrom15To15 forwardPassSucceeded shortPassSucceeded,passSucceeded forwardPassSucceeded shortPassSucceeded passReceived,0.803716,0.696113,476356,,,0.760942,0.808321
115395504,118575,5400000,0,476356,14,,,31425,筑波大学 サッカー同好会,201840,FIRST_HALF,True,passReceived passReceivedFrom15,passReceived,0.760942,0.808321,,,,,
115395507,118575,5400000,0,476356,14,,,31425,筑波大学 サッカー同好会,202720,FIRST_HALF,True,passSucceeded passSucceededFrom15 passSucceededTo17 passSucceededFrom15To17 forwardPassSucceeded shortPassSucceeded,passSucceeded forwardPassSucceeded shortPassSucceeded,0.67104,0.817082,476362,,,0.618863,0.916515
115395508,118575,5400000,0,476362,9,,,31425,筑波大学 サッカー同好会,204040,FIRST_HALF,True,passReceived passReceivedFrom17,passReceived,0.618863,0.916515,,,,,
115395516,118575,5400000,0,476362,9,,,31425,筑波大学 サッカー同好会,204960,FIRST_HALF,True,passSucceeded keyPass passSucceededFrom17 passSucceededTo17 passSucceededFrom17To17 sidewaysPassSucceeded shortPassSucceeded keyPassFrom8To8,passSucceeded sidewaysPassSucceeded shortPassSucceeded keyPass,0.630542,0.922604,476358,,,0.465669,0.940763
115395517,118575,5400000,0,476358,22,,,31425,筑波大学 サッカー同好会,206120,FIRST_HALF,True,shotBlocked footRight attackRouteEnd passReceived passReceivedFrom17 shotBlockedInPenaltyArea,shotBlocked passReceived,0.465669,0.940763,,,,,
115386699,118575,5400000,0,476371,5,,,31424,筑波大学 - C3,206192,FIRST_HALF,True,block,block,0.518413,0.0572608,,,,,
115386708,118575,5400000,0,476377,24,,,31424,筑波大学 - C3,208880,FIRST_HALF,True,aerialDuelFailed,duelFailed aerialDuelFailed,0.306609,0.268533,,,,,
115395538,118575,5400000,0,476359,16,,,31425,筑波大学 サッカー同好会,208920,FIRST_HALF,True,aerialDuelSucceeded,duelSucceeded aerialDuelSucceeded,0.698235,0.735101,,,,,
115395540,118575,5400000,0,476361,10,,,31425,筑波大学 サッカー同好会,211840,FIRST_HALF,True,possession,possession,0.968504,0.736569,,,,,
115395545,118575,5400000,0,476361,10,,,31425,筑波大学 サッカー同好会,213560,FIRST_HALF,True,passSucceeded passSucceededFrom12 passSucceededTo12 passSucceededFrom12To12 backwardPassSucceeded shortPassSucceeded,passSucceeded backwardPassSucceeded shortPassSucceeded,0.998714,0.659498,476359,,,0.890856,0.617396
115395546,118575,5400000,0,476359,16,,,31425,筑波大学 サッカー同好会,214640,FIRST_HALF,True,passReceived passReceivedFrom12,passReceived,0.890856,0.617396,,,,,
115395549,118575,5400000,0,476359,16,,,31425,筑波大学 サッカー同好会,215180,FIRST_HALF,True,passSucceeded passSucceededFrom12 passSucceededTo12 passSucceededFrom12To12 sidewaysPassSucceeded shortPassSucceeded,passSucceeded sidewaysPassSucceeded shortPassSucceeded,0.885064,0.616749,476361,,,0.987029,0.630542
115395550,118575,5400000,0,476361,10,,,31425,筑波大学 サッカー同好会,216000,FIRST_HALF,True,passReceived passReceivedFrom12,passReceived,0.987029,0.630542,,,,,
115395552,118575,5400000,0,476361,10,,,31425,筑波大学 サッカー同好会,216680,FIRST_HALF,True,passSucceeded passSucceededFrom12 passSucceededTo12 passSucceededFrom12To12 backwardPassSucceeded shortPassSucceeded,passSucceeded backwardPassSucceeded shortPassSucceeded,0.977233,0.636052,476359,,,0.88341,0.56924
115395553,118575,5400000,0,476359,16,,,31425,筑波大学 サッカー同好会,218040,FIRST_HALF,True,passReceived passReceivedFrom12,passReceived,0.88341,0.56924,,,,,
115395561,118575,5400000,0,476359,16,,,31425,筑波大学 サッカー同好会,219040,FIRST_HALF,True,passSucceeded passSucceededFrom12 passSucceededTo8 passSucceededFrom12To8 sidewaysPassSucceeded mediumPassSucceeded,passSucceeded sidewaysPassSucceeded mediumPassSucceeded,0.847482,0.56138,476354,,,0.471505,0.453378
115395562,118575,5400000,0,476354,29,,,31425,筑波大学 サッカー同好会,221280,FIRST_HALF,True,passReceived passReceivedFrom8,passReceived,0.471505,0.453378,,,,,
115395585,118575,5400000,0,476354,29,,,31425,筑波大学 サッカー同好会,222444,FIRST_HALF,True,passSucceeded passSucceededFrom8 passSucceededTo13 passSucceededFrom8To13 forwardPassSucceeded longPassSucceeded,passSucceeded forwardPassSucceeded longPassSucceeded,0.422746,0.460996,476360,,,0.0226795,0.706697
115395586,118575,5400000,0,476360,18,,,31425,筑波大学 サッカー同好会,224840,FIRST_HALF,True,passReceived passReceivedFrom13,passReceived,0.0226795,0.706697,,,,,
115386742,118575,5400000,0,476371,5,,,31424,筑波大学 - C3,226760,FIRST_HALF,True,tackleFailed,tackleFailed,0.98676,0.311288,,,,,
115386744,118575,5400000,0,476374,2,,,31424,筑波大学 - C3,227520,FIRST_HALF,True,cutoff,cutoff,0.967921,0.355916,,,,,
115395602,118575,5400000,0,476353,47,,,31425,筑波大学 サッカー同好会,233240,FIRST_HALF,True,throwIn passSucceeded passSucceededFrom10 passSucceededTo7 passSucceededFrom10To7 backwardPassSucceeded mediumPassSucceeded,throwIn passSucceeded backwardPassSucceeded mediumPassSucceeded,-0.0230941,0.587363,476354,,,0.220066,0.396188
115395603,118575,5400000,0,476354,29,,,31425,筑波大学 サッカー同好会,237392,FIRST_HALF,True,passReceived passReceivedFrom7,passReceived,0.220066,0.396188,,,,,
115395613,118575,5400000,0,476354,29,,,31425,筑波大学 サッカー同好会,238410,FIRST_HALF,True,passFailed passFailedFrom7 passFailedTo13 passFailedFrom7To13 forwardPassFailed longPassFailed,passFailed forwardPassFailed longPassFailed,0.202934,0.395047,476360,,,0.0553939,0.768553
115386760,118575,5400000,0,476371,5,,,31424,筑波大学 - C3,241480,FIRST_HALF,True,groundDuelSucceeded cutoff,duelSucceeded groundDuelSucceeded cutoff,0.956242,0.226084,,,,,
115395614,118575,5400000,0,476360,18,,,31425,筑波大学 サッカー同好会,241640,FIRST_HALF,True,groundDuelFailed,duelFailed groundDuelFailed,0.0553939,0.768553,,,,,
115395640,118575,5400000,0,476358,22,,,31425,筑波大学 サッカー同好会,246080,FIRST_HALF,True,looseBallDuelSucceeded,duelSucceeded looseBallDuelSucceeded,0.0690468,0.71323,,,,,
115386772,118575,5400000,0,476373,39,,,31424,筑波大学 - C3,246120,FIRST_HALF,True,looseBallDuelFailed,duelFailed looseBallDuelFailed,0.927098,0.29332,,,,,
115386778,118575,5400000,0,476373,39,,,31424,筑波大学 - C3,247120,FIRST_HALF,True,looseBallDuelSucceeded,duelSucceeded looseBallDuelSucceeded,0.935044,0.314287,,,,,
115395647,118575,5400000,0,476353,47,,,31425,筑波大学 サッカー同好会,247200,FIRST_HALF,True,looseBallDuelFailed,duelFailed looseBallDuelFailed,0.0717191,0.676655,,,,,
115386797,118575,5400000,0,476374,2,,,31424,筑波大学 - C3,248480,FIRST_HALF,True,looseBallDuelFailed,duelFailed looseBallDuelFailed,0.982832,0.338522,,,,,
115395653,118575,5400000,0,476360,18,,,31425,筑波大学 サッカー同好会,248760,FIRST_HALF,True,looseBallDuelSucceeded,duelSucceeded looseBallDuelSucceeded,0.0115455,0.661279,,,,,
115386798,118575,5400000,0,476374,2,,,31424,筑波大学 - C3,248800,FIRST_HALF,True,hit,hit,0.989171,0.352891,,,,,
115395683,118575,5400000,0,476353,47,,,31425,筑波大学 サッカー同好会,258680,FIRST_HALF,True,throwIn passSucceeded passSucceededFrom10 passSucceededTo10 passSucceededFrom10To10 forwardPassSucceeded shortPassSucceeded,throwIn passSucceeded forwardPassSucceeded shortPassSucceeded,0.00829545,0.54455,476362,,,0.0408277,0.642072
115386813,118575,5400000,0,476369,30,,,31424,筑波大学 - C3,259800,FIRST_HALF,True,tackleFailed,tackleFailed,0.966984,0.354944,,,,,
115395684,118575,5400000,0,476362,9,,,31425,筑波大学 サッカー同好会,259840,FIRST_HALF,True,passSucceeded passReceived passSucceededFrom10 passSucceededTo10 passSucceededFrom10To10 backwardPassSucceeded shortPassSucceeded,passSucceeded backwardPassSucceeded shortPassSucceeded passReceived,0.0408277,0.642072,476358,,,0.0375015,0.575488
115395685,118575,5400000,0,476358,22,,,31425,筑波大学 サッカー同好会,260760,FIRST_HALF,True,passSucceeded passReceived passSucceededFrom10 passSucceededTo10 passSucceededFrom10To10 backwardPassSucceeded shortPassSucceeded,passSucceeded backwardPassSucceeded shortPassSucceeded passReceived,0.0375015,0.575488,476353,,,0.0340157,0.53013
115395686,118575,5400000,0,476353,47,,,31425,筑波大学 サッカー同好会,261800,FIRST_HALF,True,passFailed passReceived passFailedFrom10 passFailedTo10 passFailedFrom10To10 sidewaysPassFailed shortPassFailed,passFailed sidewaysPassFailed shortPassFailed passReceived,0.0340157,0.53013,,,,0.191993,0.553405
115386817,118575,5400000,0,476373,39,,,31424,筑波大学 - C3,263440,FIRST_HALF,True,intercept,intercept,0.862656,0.44001,,,,,
115395687,118575,5400000,0,,,,,31425,筑波大学 サッカー同好会,263600,FIRST_HALF,True,,,0.191993,0.553405,,,,,
115395693,118575,5400000,0,476359,16,,,31425,筑波大学 サッカー同好会,265840,FIRST_HALF,True,tackleSucceeded,tackleSucceeded,0.220669,0.423274,,,,,
115395699,118575,5400000,0,476359,16,,,31425,筑波大学 サッカー同好会,266680,FIRST_HALF,True,passSucceeded passSucceededFrom7 passSucceededTo7 passSucceededFrom7To7 forwardPassSucceeded shortPassSucceeded,passSucceeded forwardPassSucceeded shortPassSucceeded,0.193925,0.391567,476358,,,0.112503,0.466535
115395700,118575,5400000,0,476358,22,,,31425,筑波大学 サッカー同好会,267640,FIRST_HALF,True,passReceived passReceivedFrom7,passReceived,0.112503,0.466535,,,,,
115395718,118575,5400000,0,476358,22,,,31425,筑波大学 サッカー同好会,270720,FIRST_HALF,True,passSucceeded passSucceededFrom10 passSucceededTo13 passSucceededFrom10To13 forwardPassSucceeded shortPassSucceeded,passSucceeded forwardPassSucceeded shortPassSucceeded,0.0420392,0.545834,476362,,,0.121954,0.671605
115395719,118575,5400000,0,476362,9,,,31425,筑波大学 サッカー同好会,272080,FIRST_HALF,True,passReceived passReceivedFrom13,passReceived,0.121954,0.671605,,,,,
115395724,118575,5400000,0,476362,9,,,31425,筑波大学 サッカー同好会,274600,FIRST_HALF,True,dribbleFailed,dribbleFailed,-0.0256063,0.791706,,,,,
115386832,118575,5400000,0,476369,30,,,31424,筑波大学 - C3,276920,FIRST_HALF,True,cutoff,cutoff,0.993925,0.0983579,,,,,
115386851,118575,5400000,0,476371,5,,,31424,筑波大学 - C3,304400,FIRST_HALF,True,throwIn passSucceeded passSucceededFrom3 passSucceededTo6 passSucceededFrom3To6 forwardPassSucceeded shortPassSucceeded,throwIn passSucceeded forwardPassSucceeded shortPassSucceeded,1.0,0.0880945,476372,,,0.986001,0.190729
115386852,118575,5400000,0,476372,34,,,31424,筑波大学 - C3,305872,FIRST_HALF,True,passSucceeded passReceived passSucceededFrom6 passSucceededTo3 passSucceededFrom6To3 backwardPassSucceeded shortPassSucceeded,passSucceeded backwardPassSucceeded shortPassSucceeded passReceived,0.986001,0.190729,476371,,,0.986001,0.137359
115386853,118575,5400000,0,476371,5,,,31424,筑波大学 - C3,306804,FIRST_HALF,True,passFailed passReceived passFailedFrom3 passFailedTo9 passFailedFrom3To9 forwardPassFailed longPassFailed,passFailed forwardPassFailed longPassFailed passReceived,0.986001,0.137359,,,,0.692809,0.370299
115386854,118575,5400000,0,,,,,31424,筑波大学 - C3,310000,FIRST_HALF,True,,,0.692809,0.370299,,,,,
115395748,118575,5400000,0,476359,16,,,31425,筑波大学 サッカー同好会,310080,FIRST_HALF,True,intercept passSucceeded passSucceededFrom10 passSucceededTo11 passSucceededFrom10To11 sidewaysPassSucceeded mediumPassSucceeded,passSucceeded sidewaysPassSucceeded mediumPassSucceeded intercept,0.238263,0.636594,476356,,,0.506906,0.537654
115395749,118575,5400000,0,476356,14,,,31425,筑波大学 サッカー同好会,312200,FIRST_HALF,True,passFailed passReceived passFailedFrom11 passFailedTo11 passFailedFrom11To11 forwardPassFailed shortPassFailed,passFailed forwardPassFailed shortPassFailed passReceived,0.506906,0.537654,,,,0.443571,0.662828
115386855,118575,5400000,0,476373,39,,,31424,筑波大学 - C3,313120,FIRST_HALF,True,intercept,intercept,0.553823,0.335339,,,,,
115395750,118575,5400000,0,,,,,31425,筑波大学 サッカー同好会,313440,FIRST_HALF,True,,,0.443571,0.662828,,,,,
115390656,118575,5400000,0,476373,39,,,31424,筑波大学 - C3,314920,FIRST_HALF,True,passFailed passFailedFrom8 passFailedTo14 passFailedFrom8To14 forwardPassFailed longPassFailed,passFailed forwardPassFailed longPassFailed,0.611416,0.392125,,,,0.347973,0.668215
115390657,118575,5400000,0,,,,,31424,筑波大学 - C3,317840,FIRST_HALF,True,,,0.347973,0.668215,,,,,
115395762,118575,5400000,0,476356,14,,,31425,筑波大学 サッカー同好会,318000,FIRST_HALF,True,ballMissed,ballMissed,0.641169,0.324612,,,,,
115390664,118575,5400000,0,476375,55,,,31424,筑波大学 - C3,318535,FIRST_HALF,True,possession dribbleToSpace,dribbleToSpace possession,0.386757,0.683374,,,,,
115395773,118575,5400000,0,476355,31,,,31425,筑波大学 サッカー同好会,320480,FIRST_HALF,True,tackleFailed,tackleFailed,0.588002,0.185514,,,,,
115390674,118575,5400000,0,476375,55,,,31424,筑波大学 - C3,323633,FIRST_HALF,True,crossFailed,crossFailed,0.334654,0.989223,,,,0.551503,0.808165
115390675,118575,5400000,0,,,,,31424,筑波大学 - C3,325923,FIRST_HALF,True,,,0.551503,0.808165,,,,,
115395779,118575,5400000,0,476359,16,,,31425,筑波大学 サッカー同好会,326520,FIRST_HALF,True,possession,possession,0.445054,0.187601,,,,,
115395785,118575,5400000,0,476359,16,,,31425,筑波大学 サッカー同好会,327160,FIRST_HALF,True,passSucceeded passSucceededFrom5 passSucceededTo6 passSucceededFrom5To6 sidewaysPassSucceeded mediumPassSucceeded,passSucceeded sidewaysPassSucceeded mediumPassSucceeded,0.459891,0.196538,476361,,,0.822618,0.260688
115395786,118575,5400000,0,476361,10,,,31425,筑波大学 サッカー同好会,330120,FIRST_HALF,True,passReceived passReceivedFrom6,passReceived,0.822618,0.260688,,,,,
115395797,118575,5400000,0,476361,10,,,31425,筑波大学 サッカー同好会,333920,FIRST_HALF,True,passFailed passFailedFrom8 passFailedTo11 passFailedFrom8To11 forwardPassFailed mediumPassFailed,passFailed forwardPassFailed mediumPassFailed,0.615225,0.375856,,,,0.379077,0.505672
115390688,118575,5400000,0,476371,5,,,31424,筑波大学 - C3,335360,FIRST_HALF,True,cutoff,cutoff,0.606452,0.489133,,,,,
115395798,118575,5400000,0,,,,,31425,筑波大学 サッカー同好会,335360,FIRST_HALF,True,,,0.379077,0.505672,,,,,
115395802,118575,5400000,0,476360,18,,,31425,筑波大学 サッカー同好会,339760,FIRST_HALF,True,possession,possession,0.0764114,0.676631,,,,,
115395810,118575,5400000,0,476360,18,,,31425,筑波大学 サッカー同好会,341360,FIRST_HALF,True,passFailed passFailedFrom13 passFailedTo16 passFailedFrom13To16 forwardPassFailed mediumPassFailed,passFailed forwardPassFailed mediumPassFailed,0.113127,0.709635,,,,0.126148,0.892711
115390704,118575,5400000,0,476371,5,,,31424,筑波大学 - C3,343716,FIRST_HALF,True,intercept,intercept,0.837031,0.118885,,,,,
115395811,118575,5400000,0,,,,,31425,筑波大学 サッカー同好会,343800,FIRST_HALF,True,,,0.126148,0.892711,,,,,
115390710,118575,5400000,0,476371,5,,,31424,筑波大学 - C3,345824,FIRST_HALF,True,passFailed passFailedFrom3 passFailedTo9 passFailedFrom3To9 forwardPassFailed mediumPassFailed,passFailed forwardPassFailed mediumPassFailed,0.944797,0.14557,,,,0.981247,0.422682
115390711,118575,5400000,0,,,,,31424,筑波大学 - C3,348952,FIRST_HALF,True,,,0.981247,0.422682,,,,,
115395823,118575,5400000,0,476359,16,,,31425,筑波大学 サッカー同好会,349240,FIRST_HALF,True,intercept passSucceeded passSucceededFrom10 passSucceededTo10 passSucceededFrom10To10 sidewaysPassSucceeded shortPassSucceeded,passSucceeded sidewaysPassSucceeded shortPassSucceeded intercept,0.0124752,0.584933,476360,,,0.138019,0.592676
115395824,118575,5400000,0,476360,18,,,31425,筑波大学 サッカー同好会,352102,FIRST_HALF,True,passReceived passReceivedFrom10,passReceived,0.138019,0.592676,,,,,
115395829,118575,5400000,0,476360,18,,,31425,筑波大学 サッカー同好会,353040,FIRST_HALF,True,controlUnderPressure,controlUnderPressure,0.171,0.598847,,,,,
115395832,118575,5400000,0,476360,18,,,31425,筑波大学 サッカー同好会,354039,FIRST_HALF,True,passSucceeded passSucceededFrom10 passSucceededTo7 passSucceededFrom10To7 backwardPassSucceeded shortPassSucceeded,passSucceeded backwardPassSucceeded shortPassSucceeded,0.138511,0.586829,476354,,,0.0977073,0.46591
115395833,118575,5400000,0,476354,29,,,31425,筑波大学 サッカー同好会,355720,FIRST_HALF,True,passReceived passReceivedFrom7,passReceived,0.0977073,0.46591,,,,,
115395838,118575,5400000,0,476354,29,,,31425,筑波大学 サッカー同好会,356716,FIRST_HALF,True,passSucceeded passSucceededFrom7 passSucceededTo10 passSucceededFrom7To10 forwardPassSucceeded shortPassSucceeded,passSucceeded forwardPassSucceeded shortPassSucceeded,0.0866372,0.471336,476359,,,0.0205312,0.572727
115395839,118575,5400000,0,476359,16,,,31425,筑波大学 サッカー同好会,357960,FIRST_HALF,True,passReceived passReceivedFrom10,passReceived,0.0205312,0.572727,,,,,
115395840,118575,5400000,0,476359,16,,,31425,筑波大学 サッカー同好会,358880,FIRST_HALF,True,passSucceeded passSucceededFrom10 passSucceededTo7 passSucceededFrom10To7 backwardPassSucceeded mediumPassSucceeded,passSucceeded backwardPassSucceeded mediumPassSucceeded,0.0371995,0.573135,476354,,,0.097064,0.434947
115395841,118575,5400000,0,476354,29,,,31425,筑波大学 サッカー同好会,360480,FIRST_HALF,True,passReceived passReceivedFrom7,passReceived,0.097064,0.434947,,,,,
115395847,118575,5400000,0,476354,29,,,31425,筑波大学 サッカー同好会,362285,FIRST_HALF,True,passSucceeded passSucceededFrom7 passSucceededTo8 passSucceededFrom7To8 sidewaysPassSucceeded mediumPassSucceeded,passSucceeded sidewaysPassSucceeded mediumPassSucceeded,0.136778,0.431008,476355,,,0.487622,0.391022
115395848,118575,5400000,0,476355,31,,,31425,筑波大学 サッカー同好会,364720,FIRST_HALF,True,passReceived passReceivedFrom8,passReceived,0.487622,0.391022,,,,,
115395855,118575,5400000,0,476355,31,,,31425,筑波大学 サッカー同好会,365724,FIRST_HALF,True,passSucceeded passSucceededFrom8 passSucceededTo7 passSucceededFrom8To7 sidewaysPassSucceeded mediumPassSucceeded,passSucceeded sidewaysPassSucceeded mediumPassSucceeded,0.490178,0.395606,476354,,,0.228993,0.417655
115395856,118575,5400000,0,476354,29,,,31425,筑波大学 サッカー同好会,367760,FIRST_HALF,True,passReceived passReceivedFrom7,passReceived,0.228993,0.417655,,,,,
115395859,118575,5400000,0,476354,29,,,31425,筑波大学 サッカー同好会,368822,FIRST_HALF,True,passSucceeded passSucceededFrom7 passSucceededTo10 passSucceededFrom7To10 forwardPassSucceeded mediumPassSucceeded,passSucceeded forwardPassSucceeded mediumPassSucceeded,0.220211,0.420624,476353,,,0.0190944,0.521216
115395860,118575,5400000,0,476353,47,,,31425,筑波大学 サッカー同好会,370480,FIRST_HALF,True,passReceived passReceivedFrom10,passReceived,0.0190944,0.521216,,,,,
115395866,118575,5400000,0,476353,47,,,31425,筑波大学 サッカー同好会,371000,FIRST_HALF,True,passSucceeded passSucceededFrom10 passSucceededTo10 passSucceededFrom10To10 sidewaysPassSucceeded shortPassSucceeded,passSucceeded sidewaysPassSucceeded shortPassSucceeded,0.0355192,0.522397,476359,,,0.130324,0.536469
115395867,118575,5400000,0,476359,16,,,31425,筑波大学 サッカー同好会,371880,FIRST_HALF,True,passFailed passReceived passFailedFrom10 passFailedTo10 passFailedFrom10To10 forwardPassFailed shortPassFailed,passFailed forwardPassFailed shortPassFailed passReceived,0.130324,0.536469,,,,0.0850722,0.578969
115390824,118575,5400000,0,476374,2,,,31424,筑波大学 - C3,373120,FIRST_HALF,True,intercept,intercept,0.925356,0.424435,,,,,
115395868,118575,5400000,0,,,,,31425,筑波大学 サッカー同好会,373560,FIRST_HALF,True,,,0.0850722,0.578969,,,,,
115390834,118575,5400000,0,476374,2,,,31424,筑波大学 - C3,375760,FIRST_HALF,True,passSucceeded passSucceededFrom9 passSucceededTo9 passSucceededFrom9To9 backwardPassSucceeded shortPassSucceeded,passSucceeded backwardPassSucceeded shortPassSucceeded,0.944904,0.450441,476372,,,0.830556,0.392957
115395873,118575,5400000,0,476360,18,,,31425,筑波大学 サッカー同好会,375840,FIRST_HALF,True,tackleFailed,tackleFailed,0.0567806,0.544726,,,,,
115390835,118575,5400000,0,476372,34,,,31424,筑波大学 - C3,377936,FIRST_HALF,True,passSucceeded passReceived passSucceededFrom9 passSucceededTo6 passSucceededFrom9To6 backwardPassSucceeded mediumPassSucceeded,passSucceeded backwardPassSucceeded mediumPassSucceeded passReceived,0.830556,0.392957,476369,,,0.792249,0.223895
115390836,118575,5400000,0,476369,30,,,31424,筑波大学 - C3,380160,FIRST_HALF,True,passReceived passReceivedFrom6,passReceived,0.792249,0.223895,,,,,
115390859,118575,5400000,0,476369,30,,,31424,筑波大学 - C3,381800,FIRST_HALF,True,passSucceeded passSucceededFrom6 passSucceededTo5 passSucceededFrom6To5 sidewaysPassSucceeded mediumPassSucceeded,passSucceeded sidewaysPassSucceeded mediumPassSucceeded,0.741835,0.251289,476368,,,0.444989,0.2276
115390860,118575,5400000,0,476368,40,,,31424,筑波大学 - C3,383560,FIRST_HALF,True,passReceived passReceivedFrom5,passReceived,0.444989,0.2276,,,,,
115390862,118575,5400000,0,476368,40,,,31424,筑波大学 - C3,390108,FIRST_HALF,True,passSucceeded passSucceededFrom5 passSucceededTo6 passSucceededFrom5To6 sidewaysPassSucceeded mediumPassSucceeded,passSucceeded sidewaysPassSucceeded mediumPassSucceeded,0.465891,0.298552,476369,,,0.692533,0.322952
115390863,118575,5400000,0,476369,30,,,31424,筑波大学 - C3,391920,FIRST_HALF,True,passReceived passReceivedFrom6,passReceived,0.692533,0.322952,,,,,
115390867,118575,5400000,0,476369,30,,,31424,筑波大学 - C3,393102,FIRST_HALF,True,passSucceeded passSucceededFrom6 passSucceededTo5 passSucceededFrom6To5 sidewaysPassSucceeded mediumPassSucceeded,passSucceeded sidewaysPassSucceeded mediumPassSucceeded,0.681232,0.326612,476368,,,0.449609,0.310114
115390868,118575,5400000,0,476368,40,,,31424,筑波大学 - C3,394440,FIRST_HALF,True,passReceived passReceivedFrom5,passReceived,0.449609,0.310114,,,,,
115390872,118575,5400000,0,476368,40,,,31424,筑波大学 - C3,395691,FIRST_HALF,True,passSucceeded passSucceededFrom5 passSucceededTo7 passSucceededFrom5To7 forwardPassSucceeded mediumPassSucceeded,passSucceeded forwardPassSucceeded mediumPassSucceeded,0.410639,0.325917,476373,,,0.16865,0.424214
115390873,118575,5400000,0,476373,39,,,31424,筑波大学 - C3,397720,FIRST_HALF,True,passReceived passReceivedFrom7,passReceived,0.16865,0.424214,,,,,
115390944,118575,5400000,0,476373,39,,,31424,筑波大学 - C3,398160,FIRST_HALF,True,attackRouteStart passSucceeded passSucceededFrom7 passSucceededTo8 passSucceededFrom7To8 sidewaysPassSucceeded shortPassSucceeded,passSucceeded sidewaysPassSucceeded shortPassSucceeded,0.18121,0.422457,476372,,,0.396971,0.442209
115390945,118575,5400000,0,476372,34,,,31424,筑波大学 - C3,399440,FIRST_HALF,True,passReceived passReceivedFrom8,passReceived,0.396971,0.442209,,,,,
115390886,118575,5400000,0,476372,34,,,31424,筑波大学 - C3,400625,FIRST_HALF,True,passSucceeded passSucceededFrom8 passSucceededTo7 passSucceededFrom8To7 backwardPassSucceeded shortPassSucceeded,passSucceeded backwardPassSucceeded shortPassSucceeded,0.347096,0.463142,476373,,,0.230358,0.397962
115390887,118575,5400000,0,476373,39,,,31424,筑波大学 - C3,402000,FIRST_HALF,True,passReceived passReceivedFrom7,passReceived,0.230358,0.397962,,,,,
115390891,118575,5400000,0,476373,39,,,31424,筑波大学 - C3,403175,FIRST_HALF,True,passSucceeded passSucceededFrom7 passSucceededTo9 passSucceededFrom7To9 sidewaysPassSucceeded mediumPassSucceeded,passSucceeded sidewaysPassSucceeded mediumPassSucceeded,0.287335,0.380455,476369,,,0.674524,0.39141
115390892,118575,5400000,0,476369,30,,,31424,筑波大学 - C3,405520,FIRST_HALF,True,passReceived passReceivedFrom9,passReceived,0.674524,0.39141,,,,,
115390900,118575,5400000,0,476369,30,,,31424,筑波大学 - C3,406440,FIRST_HALF,True,passSucceeded passSucceededFrom9 passSucceededTo12 passSucceededFrom9To12 forwardPassSucceeded mediumPassSucceeded,passSucceeded forwardPassSucceeded mediumPassSucceeded,0.684639,0.402923,476376,,,0.724761,0.590193
115390902,118575,5400000,0,476376,19,,,31424,筑波大学 - C3,407760,FIRST_HALF,True,passReceived passReceivedFrom12,passReceived,0.724761,0.590193,,,,,
115390933,118575,5400000,0,476376,19,,,31424,筑波大学 - C3,409072,FIRST_HALF,True,passSucceeded passSucceededFrom12 passSucceededTo18 passSucceededFrom12To18 forwardPassSucceeded longPassSucceeded,passSucceeded forwardPassSucceeded longPassSucceeded,0.780527,0.613595,476374,,,0.892014,0.927925
115390934,118575,5400000,0,476374,2,,,31424,筑波大学 - C3,412680,FIRST_HALF,True,crossSucceeded keyPass assist passReceived passReceivedFrom18 passReceivedTo17 passReceivedFrom18To17 sidewaysPassReceived mediumPassReceived keyPassFrom6To8,assist keyPass crossSucceeded passReceived,0.892014,0.927925,476377,,,0.518489,0.945091
115390935,118575,5400000,0,476377,24,,,31424,筑波大学 - C3,413920,FIRST_HALF,True,goal footRight attackRouteEnd crossReceived goalInPenaltyArea,goal crossReceived,0.518489,0.945091,,,,,
115395902,118575,5400000,0,476352,12,,,31425,筑波大学 サッカー同好会,415320,FIRST_HALF,True,goalAgainst,goalAgainst,0.517719,0.0,,,,,
115395913,118575,5400000,0,476362,9,,,31425,筑波大学 サッカー同好会,445000,FIRST_HALF,True,passSucceeded passSucceededFrom11 passSucceededTo8 passSucceededFrom11To8 backwardPassSucceeded mediumPassSucceeded,passSucceeded backwardPassSucceeded mediumPassSucceeded,0.455085,0.502429,476359,,,0.442758,0.335574
115395914,118575,5400000,0,476359,16,,,31425,筑波大学 サッカー同好会,446480,FIRST_HALF,True,passSucceeded passReceived passSucceededFrom8 passSucceededTo5 passSucceededFrom8To5 backwardPassSucceeded shortPassSucceeded,passSucceeded backwardPassSucceeded shortPassSucceeded passReceived,0.442758,0.335574,476355,,,0.585582,0.281741
115395915,118575,5400000,0,476355,31,,,31425,筑波大学 サッカー同好会,448040,FIRST_HALF,True,passSucceeded passReceived passSucceededFrom5 passSucceededTo5 passSucceededFrom5To5 sidewaysPassSucceeded mediumPassSucceeded,passSucceeded sidewaysPassSucceeded mediumPassSucceeded passReceived,0.585582,0.281741,476354,,,0.341282,0.267488
115395916,118575,5400000,0,476354,29,,,31425,筑波大学 サッカー同好会,449760,FIRST_HALF,True,passReceived passReceivedFrom5,passReceived,0.341282,0.267488,,,,,
115395918,118575,5400000,0,476354,29,,,31425,筑波大学 サッカー同好会,450520,FIRST_HALF,True,passSucceeded passSucceededFrom5 passSucceededTo5 passSucceededFrom5To5 sidewaysPassSucceeded mediumPassSucceeded,passSucceeded sidewaysPassSucceeded mediumPassSucceeded,0.348235,0.267386,476355,,,0.609595,0.233559
115395919,118575,5400000,0,476355,31,,,31425,筑波大学 サッカー同好会,452600,FIRST_HALF,True,passReceived passReceivedFrom5,passReceived,0.609595,0.233559,,,,,
115395922,118575,5400000,0,476355,31,,,31425,筑波大学 サッカー同好会,453352,FIRST_HALF,True,passSucceeded passSucceededFrom5 passSucceededTo4 passSucceededFrom5To4 sidewaysPassSucceeded mediumPassSucceeded,passSucceeded sidewaysPassSucceeded mediumPassSucceeded,0.604418,0.232687,476354,,,0.282472,0.218017
115395923,118575,5400000,0,476354,29,,,31425,筑波大学 サッカー同好会,455600,FIRST_HALF,True,passReceived passReceivedFrom4,passReceived,0.282472,0.218017,,,,,
115395929,118575,5400000,0,476354,29,,,31425,筑波大学 サッカー同好会,458171,FIRST_HALF,True,passSucceeded passSucceededFrom4 passSucceededTo5 passSucceededFrom4To5 sidewaysPassSucceeded mediumPassSucceeded,passSucceeded sidewaysPassSucceeded mediumPassSucceeded,0.290313,0.234919,476355,,,0.615017,0.229349
115395930,118575,5400000,0,476355,31,,,31425,筑波大学 サッカー同好会,460080,FIRST_HALF,True,passReceived passReceivedFrom5,passReceived,0.615017,0.229349,,,,,
115395936,118575,5400000,0,476355,31,,,31425,筑波大学 サッカー同好会,461320,FIRST_HALF,True,passSucceeded passSucceededFrom5 passSucceededTo8 passSucceededFrom5To8 forwardPassSucceeded mediumPassSucceeded,passSucceeded forwardPassSucceeded mediumPassSucceeded,0.661059,0.252897,476362,,,0.566472,0.462746
115395937,118575,5400000,0,476362,9,,,31425,筑波大学 サッカー同好会,462280,FIRST_HALF,True,passSucceeded passReceived passSucceededFrom8 passSucceededTo8 passSucceededFrom8To8 backwardPassSucceeded shortPassSucceeded,passSucceeded backwardPassSucceeded shortPassSucceeded passReceived,0.566472,0.462746,476359,,,0.544339,0.407272
115395938,118575,5400000,0,476359,16,,,31425,筑波大学 サッカー同好会,463800,FIRST_HALF,True,passFailed passReceived passFailedFrom8 passFailedTo10 passFailedFrom8To10 forwardPassFailed mediumPassFailed,passFailed forwardPassFailed mediumPassFailed passReceived,0.544339,0.407272,,,,0.251938,0.574935
115390984,118575,5400000,0,476371,5,,,31424,筑波大学 - C3,465640,FIRST_HALF,True,intercept passSucceeded passSucceededFrom9 passSucceededTo11 passSucceededFrom9To11 forwardPassSucceeded mediumPassSucceeded,passSucceeded forwardPassSucceeded mediumPassSucceeded intercept,0.760391,0.423651,476372,,,0.648194,0.547229
115395939,118575,5400000,0,,,,,31425,筑波大学 サッカー同好会,465640,FIRST_HALF,True,,,0.251938,0.574935,,,,,
115390985,118575,5400000,0,476372,34,,,31424,筑波大学 - C3,467720,FIRST_HALF,True,passReceived passReceivedFrom11,passReceived,0.648194,0.547229,,,,,
115395944,118575,5400000,0,476358,22,,,31425,筑波大学 サッカー同好会,468520,FIRST_HALF,True,tackleFailed,tackleFailed,0.350359,0.456874,,,,,
115390990,118575,5400000,0,476372,34,,,31424,筑波大学 - C3,469480,FIRST_HALF,True,passSucceeded passSucceededFrom8 passSucceededTo8 passSucceededFrom8To8 backwardPassSucceeded mediumPassSucceeded,passSucceeded backwardPassSucceeded mediumPassSucceeded,0.608822,0.498632,476368,,,0.444403,0.356454
115390991,118575,5400000,0,476368,40,,,31424,筑波大学 - C3,471440,FIRST_HALF,True,passReceived passReceivedFrom8,passReceived,0.444403,0.356454,,,,,
115390994,118575,5400000,0,476368,40,,,31424,筑波大学 - C3,473510,FIRST_HALF,True,passSucceeded passSucceededFrom8 passSucceededTo8 passSucceededFrom8To8 sidewaysPassSucceeded shortPassSucceeded,passSucceeded sidewaysPassSucceeded shortPassSucceeded,0.447491,0.363101,476369,,,0.660323,0.342927
115390995,118575,5400000,0,476369,30,,,31424,筑波大学 - C3,474960,FIRST_HALF,True,passReceived passReceivedFrom8,passReceived,0.660323,0.342927,,,,,
115390999,118575,5400000,0,476369,30,,,31424,筑波大学 - C3,478280,FIRST_HALF,True,passSucceeded passSucceededFrom8 passSucceededTo8 passSucceededFrom8To8 sidewaysPassSucceeded mediumPassSucceeded,passSucceeded sidewaysPassSucceeded mediumPassSucceeded,0.635206,0.390313,476368,,,0.350482,0.408407
115391000,118575,5400000,0,476368,40,,,31424,筑波大学 - C3,480000,FIRST_HALF,True,passReceived passReceivedFrom8,passReceived,0.350482,0.408407,,,,,
115391003,118575,5400000,0,476368,40,,,31424,筑波大学 - C3,481508,FIRST_HALF,True,passSucceeded passSucceededFrom8 passSucceededTo10 passSucceededFrom8To10 forwardPassSucceeded longPassSucceeded,passSucceeded forwardPassSucceeded longPassSucceeded,0.35703,0.418605,476370,,,0.0395922,0.624232
115391004,118575,5400000,0,476370,14,,,31424,筑波大学 - C3,483252,FIRST_HALF,True,passReceived passReceivedFrom10,passReceived,0.0395922,0.624232,,,,,
115391008,118575,5400000,0,476370,14,,,31424,筑波大学 - C3,485419,FIRST_HALF,True,passFailed passFailedFrom10 passFailedTo17 passFailedFrom10To17 forwardPassFailed longPassFailed,passFailed forwardPassFailed longPassFailed,0.0475122,0.614899,,,,0.404816,0.897844
115391009,118575,5400000,0,,,,,31424,筑波大学 - C3,487800,FIRST_HALF,True,,,0.404816,0.897844,,,,,
115395959,118575,5400000,0,476352,12,,,31425,筑波大学 サッカー同好会,488160,FIRST_HALF,True,intercept,intercept,0.582491,0.0912414,,,,,
115395967,118575,5400000,0,476352,12,,,31425,筑波大学 サッカー同好会,494680,FIRST_HALF,True,passFailed passFailedFrom3 passFailedTo12 passFailedFrom3To12 forwardPassFailed longPassFailed,passFailed forwardPassFailed longPassFailed,0.726206,0.125436,,,,0.855577,0.556917
115391038,118575,5400000,0,476370,14,,,31424,筑波大学 - C3,497400,FIRST_HALF,True,intercept passFailed passFailedFrom7 passFailedTo10 passFailedFrom7To10 forwardPassFailed shortPassFailed,passFailed forwardPassFailed shortPassFailed intercept,0.159243,0.440516,,,,0.151867,0.535493
115395968,118575,5400000,0,,,,,31425,筑波大学 サッカー同好会,497480,FIRST_HALF,True,,,0.855577,0.556917,,,,,
115391039,118575,5400000,0,,,,,31424,筑波大学 - C3,498600,FIRST_HALF,True,,,0.151867,0.535493,,,,,
115395977,118575,5400000,0,476357,17,,,31425,筑波大学 サッカー同好会,498960,FIRST_HALF,True,intercept passSucceeded passSucceededFrom9 passSucceededTo12 passSucceededFrom9To12 forwardPassSucceeded shortPassSucceeded,passSucceeded forwardPassSucceeded shortPassSucceeded intercept,0.823183,0.455985,476361,,,0.96679,0.517539
115395978,118575,5400000,0,476361,10,,,31425,筑波大学 サッカー同好会,500760,FIRST_HALF,True,controlUnderPressure passReceived passReceivedFrom12,controlUnderPressure passReceived,0.96679,0.517539,,,,,
115391043,118575,5400000,0,476375,55,,,31424,筑波大学 - C3,501080,FIRST_HALF,True,tackleFailed,tackleFailed,0.0355416,0.490625,,,,,
115391049,118575,5400000,0,476370,14,,,31424,筑波大学 - C3,502960,FIRST_HALF,True,tackleSucceeded,tackleSucceeded,0.08489,0.494265,,,,,
115391058,118575,5400000,0,476370,14,,,31424,筑波大学 - C3,504840,FIRST_HALF,True,passFailed passFailedFrom10 passFailedTo7 passFailedFrom10To7 sidewaysPassFailed shortPassFailed,passFailed sidewaysPassFailed shortPassFailed,0.144349,0.50066,,,,0.153342,0.499665
115391059,118575,5400000,0,,,,,31424,筑波大学 - C3,504840,FIRST_HALF,True,,,0.153342,0.499665,,,,,
115395990,118575,5400000,0,476357,17,,,31425,筑波大学 サッカー同好会,505160,FIRST_HALF,True,block,block,0.832936,0.502533,,,,,
115391070,118575,5400000,0,476370,14,,,31424,筑波大学 - C3,507280,FIRST_HALF,True,possession passSucceeded passSucceededFrom7 passSucceededTo4 passSucceededFrom7To4 backwardPassSucceeded mediumPassSucceeded,passSucceeded backwardPassSucceeded mediumPassSucceeded possession,0.103698,0.464761,476368,,,0.0546612,0.305154
115391071,118575,5400000,0,476368,40,,,31424,筑波大学 - C3,509000,FIRST_HALF,True,passReceived passReceivedFrom4,passReceived,0.0546612,0.305154,,,,,
115391074,118575,5400000,0,476368,40,,,31424,筑波大学 - C3,514172,FIRST_HALF,True,passSucceeded passSucceededFrom5 passSucceededTo5 passSucceededFrom5To5 sidewaysPassSucceeded mediumPassSucceeded,passSucceeded sidewaysPassSucceeded mediumPassSucceeded,0.340193,0.282398,476369,,,0.663537,0.293864
115391075,118575,5400000,0,476369,30,,,31424,筑波大学 - C3,515760,FIRST_HALF,True,passReceived passReceivedFrom5,passReceived,0.663537,0.293864,,,,,
115391084,118575,5400000,0,476369,30,,,31424,筑波大学 - C3,518480,FIRST_HALF,True,passSucceeded passSucceededFrom5 passSucceededTo2 passSucceededFrom5To2 backwardPassSucceeded mediumPassSucceeded,passSucceeded backwardPassSucceeded mediumPassSucceeded,0.655063,0.276285,476367,,,0.517304,0.145088
115391085,118575,5400000,0,476367,1,,,31424,筑波大学 - C3,520200,FIRST_HALF,True,passReceived passReceivedFrom2,passReceived,0.517304,0.145088,,,,,
115391088,118575,5400000,0,476367,1,,,31424,筑波大学 - C3,521867,FIRST_HALF,True,passSucceeded passSucceededFrom2 passSucceededTo5 passSucceededFrom2To5 forwardPassSucceeded shortPassSucceeded,passSucceeded forwardPassSucceeded shortPassSucceeded,0.508619,0.159987,476368,,,0.358006,0.233127
115391089,118575,5400000,0,476368,40,,,31424,筑波大学 - C3,523900,FIRST_HALF,True,passReceived passReceivedFrom5,passReceived,0.358006,0.233127,,,,,
115391092,118575,5400000,0,476368,40,,,31424,筑波大学 - C3,527280,FIRST_HALF,True,passSucceeded passSucceededFrom5 passSucceededTo5 passSucceededFrom5To5 backwardPassSucceeded shortPassSucceeded,passSucceeded backwardPassSucceeded shortPassSucceeded,0.403277,0.279357,476367,,,0.485209,0.180465
115391093,118575,5400000,0,476367,1,,,31424,筑波大学 - C3,528777,FIRST_HALF,True,passReceived passReceivedFrom5,passReceived,0.485209,0.180465,,,,,
115391098,118575,5400000,0,476367,1,,,31424,筑波大学 - C3,530804,FIRST_HALF,True,passSucceeded passSucceededFrom5 passSucceededTo5 passSucceededFrom5To5 forwardPassSucceeded shortPassSucceeded,passSucceeded forwardPassSucceeded shortPassSucceeded,0.566847,0.182118,476369,,,0.510565,0.223572
115391099,118575,5400000,0,476369,30,,,31424,筑波大学 - C3,530804,FIRST_HALF,True,ballMissed passReceived passReceivedFrom5,ballMissed passReceived,0.510565,0.223572,,,,,
115396028,118575,5400000,0,476360,18,,,31425,筑波大学 サッカー同好会,533840,FIRST_HALF,True,attackRouteStart possession shotMissed footRight attackRouteEnd shotMissedOutOfPenaltyArea,shotMissed possession,0.193137,0.624112,,,,,
115391111,118575,5400000,0,476367,1,,,31424,筑波大学 - C3,536537,FIRST_HALF,True,possession,possession,0.656366,0.032672,,,,,
115391123,118575,5400000,0,476367,1,,,31424,筑波大学 - C3,538800,FIRST_HALF,True,passSucceeded passSucceededFrom3 passSucceededTo2 passSucceededFrom3To2 sidewaysPassSucceeded mediumPassSucceeded,passSucceeded sidewaysPassSucceeded mediumPassSucceeded,0.683307,0.0583305,476368,,,0.4757,0.119911
115391124,118575,5400000,0,476368,40,,,31424,筑波大学 - C3,540505,FIRST_HALF,True,passReceived passReceivedFrom2,passReceived,0.4757,0.119911,,,,,
115391127,118575,5400000,0,476368,40,,,31424,筑波大学 - C3,544600,FIRST_HALF,True,passSucceeded passSucceededFrom2 passSucceededTo6 passSucceededFrom2To6 sidewaysPassSucceeded mediumPassSucceeded,passSucceeded sidewaysPassSucceeded mediumPassSucceeded,0.453513,0.161991,476369,,,0.724756,0.186328
115391128,118575,5400000,0,476369,30,,,31424,筑波大学 - C3,546240,FIRST_HALF,True,passSucceeded passReceived passSucceededFrom6 passSucceededTo2 passSucceededFrom6To2 backwardPassSucceeded shortPassSucceeded,passSucceeded backwardPassSucceeded shortPassSucceeded passReceived,0.724756,0.186328,476367,,,0.608822,0.110674
115391129,118575,5400000,0,476367,1,,,31424,筑波大学 - C3,547789,FIRST_HALF,True,passReceived passReceivedFrom2,passReceived,0.608822,0.110674,,,,,
115391137,118575,5400000,0,476367,1,,,31424,筑波大学 - C3,548388,FIRST_HALF,True,passSucceeded passSucceededFrom2 passSucceededTo5 passSucceededFrom2To5 forwardPassSucceeded shortPassSucceeded,passSucceeded forwardPassSucceeded shortPassSucceeded,0.599313,0.108621,476368,,,0.412309,0.181492
115391139,118575,5400000,0,476368,40,,,31424,筑波大学 - C3,550161,FIRST_HALF,True,passReceived passReceivedFrom5,passReceived,0.412309,0.181492,,,,,
115391142,118575,5400000,0,476368,40,,,31424,筑波大学 - C3,552280,FIRST_HALF,True,passSucceeded passSucceededFrom5 passSucceededTo5 passSucceededFrom5To5 forwardPassSucceeded mediumPassSucceeded,passSucceeded forwardPassSucceeded mediumPassSucceeded,0.406045,0.201772,476373,,,0.606579,0.291838
115391143,118575,5400000,0,476373,39,,,31424,筑波大学 - C3,553800,FIRST_HALF,True,passSucceeded passReceived passSucceededFrom5 passSucceededTo6 passSucceededFrom5To6 backwardPassSucceeded shortPassSucceeded,passSucceeded backwardPassSucceeded shortPassSucceeded passReceived,0.606579,0.291838,476369,,,0.718963,0.219728
115391144,118575,5400000,0,476369,30,,,31424,筑波大学 - C3,555160,FIRST_HALF,True,passReceived passReceivedFrom6,passReceived,0.718963,0.219728,,,,,
115391157,118575,5400000,0,476369,30,,,31424,筑波大学 - C3,556823,FIRST_HALF,True,passSucceeded passSucceededFrom6 passSucceededTo8 passSucceededFrom6To8 forwardPassSucceeded mediumPassSucceeded,passSucceeded forwardPassSucceeded mediumPassSucceeded,0.752843,0.23492,476376,,,0.663259,0.431057
115391158,118575,5400000,0,476376,19,,,31424,筑波大学 - C3,558039,FIRST_HALF,True,passFailed passReceived passFailedFrom8 passFailedTo3 passFailedFrom8To3 backwardPassFailed longPassFailed,passFailed backwardPassFailed longPassFailed passReceived,0.663259,0.431057,,,,1.0,0.159586
115391159,118575,5400000,0,,,,,31424,筑波大学 - C3,561360,FIRST_HALF,True,,,1.0,0.159586,,,,,
115396055,118575,5400000,0,476360,18,,,31425,筑波大学 サッカー同好会,577640,FIRST_HALF,True,throwIn passSucceeded passSucceededFrom16 passSucceededTo16 passSucceededFrom16To16 sidewaysPassSucceeded shortPassSucceeded,throwIn passSucceeded sidewaysPassSucceeded shortPassSucceeded,-0.0572978,0.870954,476358,,,0.0468913,0.868721
115396056,118575,5400000,0,476358,22,,,31425,筑波大学 サッカー同好会,578560,FIRST_HALF,True,passFailed passReceived passFailedFrom16 passFailedTo13 passFailedFrom16To13 backwardPassFailed shortPassFailed,passFailed backwardPassFailed shortPassFailed passReceived,0.0468913,0.868721,,,,0.0410895,0.80268
115391171,118575,5400000,0,476376,19,,,31424,筑波大学 - C3,579440,FIRST_HALF,True,intercept,intercept,0.942225,0.200815,,,,,
115396057,118575,5400000,0,,,,,31425,筑波大学 サッカー同好会,579680,FIRST_HALF,True,,,0.0410895,0.80268,,,,,
115396065,118575,5400000,0,476358,22,,,31425,筑波大学 サッカー同好会,581640,FIRST_HALF,True,cutoff,cutoff,-0.00530751,0.770006,,,,,
115391181,118575,5400000,0,476376,19,,,31424,筑波大学 - C3,581760,FIRST_HALF,True,hit,hit,0.993925,0.231782,,,,,
115396072,118575,5400000,0,476353,47,,,31425,筑波大学 サッカー同好会,594800,FIRST_HALF,True,throwIn passSucceeded passSucceededFrom13 passSucceededTo13 passSucceededFrom13To13 forwardPassSucceeded shortPassSucceeded,throwIn passSucceeded forwardPassSucceeded shortPassSucceeded,-0.0387015,0.737122,476362,,,0.0522139,0.772115
115396073,118575,5400000,0,476362,9,,,31425,筑波大学 サッカー同好会,595680,FIRST_HALF,True,passReceived passReceivedFrom13,passReceived,0.0522139,0.772115,,,,,
115396079,118575,5400000,0,476362,9,,,31425,筑波大学 サッカー同好会,596400,FIRST_HALF,True,passSucceeded passSucceededFrom13 passSucceededTo13 passSucceededFrom13To13 backwardPassSucceeded shortPassSucceeded,passSucceeded backwardPassSucceeded shortPassSucceeded,0.0590894,0.754574,476358,,,0.0797118,0.695156
115396080,118575,5400000,0,476358,22,,,31425,筑波大学 サッカー同好会,597320,FIRST_HALF,True,passFailed passReceived passFailedFrom13 passFailedTo13 passFailedFrom13To13 sidewaysPassFailed shortPassFailed,passFailed sidewaysPassFailed shortPassFailed passReceived,0.0797118,0.695156,,,,0.1836,0.72669
115391202,118575,5400000,0,476373,39,,,31424,筑波大学 - C3,598160,FIRST_HALF,True,intercept,intercept,0.838389,0.264892,,,,,
115396081,118575,5400000,0,,,,,31425,筑波大学 サッカー同好会,598160,FIRST_HALF,True,,,0.1836,0.72669,,,,,
115396089,118575,5400000,0,476358,22,,,31425,筑波大学 サッカー同好会,599400,FIRST_HALF,True,foulConceded,foulConceded,0.161291,0.688757,,,,,
115391204,118575,5400000,0,476373,39,,,31424,筑波大学 - C3,599880,FIRST_HALF,True,foulCommitted,foulCommitted,0.809577,0.333906,,,,,
115391209,118575,5400000,0,476373,39,,,31424,筑波大学 - C3,603760,FIRST_HALF,True,freeKick passSucceeded passSucceededFrom9 passSucceededTo6 passSucceededFrom9To6 backwardPassSucceeded mediumPassSucceeded,freeKick passSucceeded backwardPassSucceeded mediumPassSucceeded,0.809533,0.342661,476369,,,0.80952,0.185526
115391210,118575,5400000,0,476369,30,,,31424,筑波大学 - C3,605800,FIRST_HALF,True,passReceived passReceivedFrom6,passReceived,0.80952,0.185526,,,,,
115391219,118575,5400000,0,476369,30,,,31424,筑波大学 - C3,608110,FIRST_HALF,True,dribbleToSpace,dribbleToSpace,0.743394,0.220884,,,,,
115391222,118575,5400000,0,476369,30,,,31424,筑波大学 - C3,609722,FIRST_HALF,True,passSucceeded passSucceededFrom6 passSucceededTo8 passSucceededFrom6To8 forwardPassSucceeded mediumPassSucceeded,passSucceeded forwardPassSucceeded mediumPassSucceeded,0.686449,0.260634,476377,,,0.450226,0.432906
115391223,118575,5400000,0,476377,24,,,31424,筑波大学 - C3,611160,FIRST_HALF,True,passReceived passReceivedFrom8,passReceived,0.450226,0.432906,,,,,
115391229,118575,5400000,0,476377,24,,,31424,筑波大学 - C3,613080,FIRST_HALF,True,passSucceeded passSucceededFrom8 passSucceededTo8 passSucceededFrom8To8 forwardPassSucceeded shortPassSucceeded,passSucceeded forwardPassSucceeded shortPassSucceeded,0.371679,0.430189,476372,,,0.46438,0.490303
115391230,118575,5400000,0,476372,34,,,31424,筑波大学 - C3,614320,FIRST_HALF,True,passReceived passReceivedFrom8,passReceived,0.46438,0.490303,,,,,
115391236,118575,5400000,0,476372,34,,,31424,筑波大学 - C3,616293,FIRST_HALF,True,controlUnderPressure,controlUnderPressure,0.518556,0.481957,,,,,
115391274,118575,5400000,0,476372,34,,,31424,筑波大学 - C3,618043,FIRST_HALF,True,attackRouteStart passSucceeded passSucceededFrom8 passSucceededTo10 passSucceededFrom8To10 sidewaysPassSucceeded mediumPassSucceeded,passSucceeded sidewaysPassSucceeded mediumPassSucceeded,0.427835,0.492122,476370,,,0.0610157,0.569032
115391275,118575,5400000,0,476370,14,,,31424,筑波大学 - C3,619960,FIRST_HALF,True,passReceived passReceivedFrom10,passReceived,0.0610157,0.569032,,,,,
115391250,118575,5400000,0,476370,14,,,31424,筑波大学 - C3,621280,FIRST_HALF,True,passSucceeded passSucceededFrom10 passSucceededTo7 passSucceededFrom10To7 backwardPassSucceeded mediumPassSucceeded,passSucceeded backwardPassSucceeded mediumPassSucceeded,0.0925121,0.533436,476368,,,0.185357,0.388502
115391251,118575,5400000,0,476368,40,,,31424,筑波大学 - C3,622520,FIRST_HALF,True,passReceived passReceivedFrom7,passReceived,0.185357,0.388502,,,,,
115391281,118575,5400000,0,476368,40,,,31424,筑波大学 - C3,623327,FIRST_HALF,True,passSucceeded keyPass passSucceededFrom7 passSucceededTo13 passSucceededFrom7To13 forwardPassSucceeded longPassSucceeded keyPassFrom0To1,passSucceeded forwardPassSucceeded longPassSucceeded keyPass,0.197128,0.398586,476375,,,0.116807,0.697388
115391282,118575,5400000,0,476375,55,,,31424,筑波大学 - C3,625511,FIRST_HALF,True,dribbleToSpace passReceived passReceivedFrom13,dribbleToSpace passReceived,0.116807,0.697388,,,,,
115391270,118575,5400000,0,476375,55,,,31424,筑波大学 - C3,631800,FIRST_HALF,True,shotOnTarget footRight attackRouteEnd shotOnTargetOutOfPenaltyArea,shotOnTarget,0.278761,0.807572,,,,,
115396118,118575,5400000,0,476352,12,,,31425,筑波大学 サッカー同好会,633480,FIRST_HALF,True,saveByCatching upperBody,saveByCatching,0.549463,0.00366635,,,,,
115396133,118575,5400000,0,476352,12,,,31425,筑波大学 サッカー同好会,636000,FIRST_HALF,True,passFailed passFailedFrom2 passFailedTo7 passFailedFrom2To7 forwardPassFailed longPassFailed,passFailed forwardPassFailed longPassFailed,0.579949,0.0719957,,,,0.303945,0.381009
115396134,118575,5400000,0,,,,,31425,筑波大学 サッカー同好会,638880,FIRST_HALF,True,,,0.303945,0.381009,,,,,
115391310,118575,5400000,0,476371,5,,,31424,筑波大学 - C3,638920,FIRST_HALF,True,clearance,clearance,0.675083,0.61314,,,,,
115396142,118575,5400000,0,476353,47,,,31425,筑波大学 サッカー同好会,640600,FIRST_HALF,True,looseBallDuelFailed,duelFailed looseBallDuelFailed,0.228457,0.26714,,,,,
115391315,118575,5400000,0,476374,2,,,31424,筑波大学 - C3,640760,FIRST_HALF,True,looseBallDuelSucceeded possession,duelSucceeded looseBallDuelSucceeded possession,0.781693,0.734893,,,,,
115396146,118575,5400000,0,476353,47,,,31425,筑波大学 サッカー同好会,642840,FIRST_HALF,True,cutoff,cutoff,0.129234,0.23789,,,,,
115391325,118575,5400000,0,476371,5,,,31424,筑波大学 - C3,652760,FIRST_HALF,True,throwIn passFailed passFailedFrom15 passFailedTo15 passFailedFrom15To15 forwardPassFailed shortPassFailed,throwIn passFailed forwardPassFailed shortPassFailed,1.0,0.719418,,,,0.887414,0.802359
115391326,118575,5400000,0,,,,,31424,筑波大学 - C3,653480,FIRST_HALF,True,,,0.887414,0.802359,,,,,
115396149,118575,5400000,0,476353,47,,,31425,筑波大学 サッカー同好会,654160,FIRST_HALF,True,intercept,intercept,0.0810562,0.188261,,,,,
115396153,118575,5400000,0,476353,47,,,31425,筑波大学 サッカー同好会,655080,FIRST_HALF,True,passFailed passFailedFrom4 passFailedTo7 passFailedFrom4To7 forwardPassFailed mediumPassFailed,passFailed forwardPassFailed mediumPassFailed,0.075065,0.206784,,,,0.236952,0.413603
115391333,118575,5400000,0,476372,34,,,31424,筑波大学 - C3,657033,FIRST_HALF,True,intercept passSucceeded passSucceededFrom12 passSucceededTo9 passSucceededFrom12To9 backwardPassSucceeded mediumPassSucceeded,passSucceeded backwardPassSucceeded mediumPassSucceeded intercept,0.788027,0.590354,476368,,,0.740643,0.341312
115396154,118575,5400000,0,,,,,31425,筑波大学 サッカー同好会,657160,FIRST_HALF,True,,,0.236952,0.413603,,,,,
115391334,118575,5400000,0,476368,40,,,31424,筑波大学 - C3,661480,FIRST_HALF,True,passSucceeded passReceived passSucceededFrom9 passSucceededTo5 passSucceededFrom9To5 backwardPassSucceeded mediumPassSucceeded,passSucceeded backwardPassSucceeded mediumPassSucceeded passReceived,0.740643,0.341312,476367,,,0.558109,0.184571
115391335,118575,5400000,0,476367,1,,,31424,筑波大学 - C3,663360,FIRST_HALF,True,passReceived passReceivedFrom5,passReceived,0.558109,0.184571,,,,,
115391336,118575,5400000,0,476367,1,,,31424,筑波大学 - C3,665235,FIRST_HALF,True,passSucceeded passSucceededFrom5 passSucceededTo6 passSucceededFrom5To6 sidewaysPassSucceeded mediumPassSucceeded,passSucceeded sidewaysPassSucceeded mediumPassSucceeded,0.561278,0.185597,476369,,,0.796791,0.270222
115391337,118575,5400000,0,476369,30,,,31424,筑波大学 - C3,667294,FIRST_HALF,True,passReceived passReceivedFrom6,passReceived,0.796791,0.270222,,,,,
115391345,118575,5400000,0,476369,30,,,31424,筑波大学 - C3,669068,FIRST_HALF,True,passSucceeded passSucceededFrom6 passSucceededTo7 passSucceededFrom6To7 sidewaysPassSucceeded longPassSucceeded,passSucceeded sidewaysPassSucceeded longPassSucceeded,0.76373,0.27883,476368,,,0.304485,0.345063
115391346,118575,5400000,0,476368,40,,,31424,筑波大学 - C3,671659,FIRST_HALF,True,dribbleToSpace passReceived passReceivedFrom7,dribbleToSpace passReceived,0.304485,0.345063,,,,,
115391369,118575,5400000,0,476368,40,,,31424,筑波大学 - C3,675480,FIRST_HALF,True,attackRouteStart passSucceeded passSucceededFrom11 passSucceededTo16 passSucceededFrom11To16 forwardPassSucceeded longPassSucceeded,passSucceeded forwardPassSucceeded longPassSucceeded,0.339408,0.508895,476375,,,0.0150602,0.92985
115391370,118575,5400000,0,476375,55,,,31424,筑波大学 - C3,680520,FIRST_HALF,True,passReceived passReceivedFrom16,passReceived,0.0150602,0.92985,,,,,
115391350,118575,5400000,0,476375,55,,,31424,筑波大学 - C3,682680,FIRST_HALF,True,passSucceeded passSucceededFrom16 passSucceededTo16 passSucceededFrom16To16 backwardPassSucceeded shortPassSucceeded,passSucceeded backwardPassSucceeded shortPassSucceeded,0.0125313,0.95715,476373,,,0.142866,0.84678
115391351,118575,5400000,0,476373,39,,,31424,筑波大学 - C3,684200,FIRST_HALF,True,passReceived passReceivedFrom16,passReceived,0.142866,0.84678,,,,,
115396165,118575,5400000,0,476357,17,,,31425,筑波大学 サッカー同好会,686240,FIRST_HALF,True,tackleFailed,tackleFailed,0.677452,0.142162,,,,,
115391363,118575,5400000,0,476373,39,,,31424,筑波大学 - C3,689280,FIRST_HALF,True,passSucceeded passSucceededFrom16 passSucceededTo16 passSucceededFrom16To16 forwardPassSucceeded shortPassSucceeded,passSucceeded forwardPassSucceeded shortPassSucceeded,0.273282,0.860299,476370,,,0.121332,0.956689
115391364,118575,5400000,0,476370,14,,,31424,筑波大学 - C3,691040,FIRST_HALF,True,crossSucceeded keyPass passReceived passReceivedFrom16 passReceivedTo17 passReceivedFrom16To17 sidewaysPassReceived mediumPassReceived keyPassFrom4To8,keyPass crossSucceeded passReceived,0.121332,0.956689,476376,,,0.412309,0.95638
115391365,118575,5400000,0,476376,19,,,31424,筑波大学 - C3,692160,FIRST_HALF,True,shot footRight attackRouteEnd crossReceived shotInPenaltyArea shotInGoalArea,shot crossReceived,0.412309,0.95638,,,,,
115396180,118575,5400000,0,476352,12,,,31425,筑波大学 サッカー同好会,705519,FIRST_HALF,True,goalKickSucceeded passSucceeded passSucceededFrom2 passSucceededTo3 passSucceededFrom2To3 forwardPassSucceeded mediumPassSucceeded,goalKickSucceeded passSucceeded forwardPassSucceeded mediumPassSucceeded,0.479009,0.0282712,476355,,,0.678628,0.111188
115396181,118575,5400000,0,476355,31,,,31425,筑波大学 サッカー同好会,707840,FIRST_HALF,True,passReceived passReceivedFrom3,passReceived,0.678628,0.111188,,,,,
115396190,118575,5400000,0,476355,31,,,31425,筑波大学 サッカー同好会,711360,FIRST_HALF,True,passSucceeded passSucceededFrom3 passSucceededTo5 passSucceededFrom3To5 forwardPassSucceeded shortPassSucceeded,passSucceeded forwardPassSucceeded shortPassSucceeded,0.68524,0.132322,476358,,,0.560594,0.243947
115396191,118575,5400000,0,476358,22,,,31425,筑波大学 サッカー同好会,712240,FIRST_HALF,True,passSucceeded passReceived passSucceededFrom5 passSucceededTo6 passSucceededFrom5To6 sidewaysPassSucceeded shortPassSucceeded,passSucceeded sidewaysPassSucceeded shortPassSucceeded passReceived,0.560594,0.243947,476359,,,0.698379,0.279381
115396192,118575,5400000,0,476359,16,,,31425,筑波大学 サッカー同好会,713400,FIRST_HALF,True,passSucceeded passReceived passSucceededFrom6 passSucceededTo2 passSucceededFrom6To2 backwardPassSucceeded shortPassSucceeded,passSucceeded backwardPassSucceeded shortPassSucceeded passReceived,0.698379,0.279381,476355,,,0.662068,0.147878
115396193,118575,5400000,0,476355,31,,,31425,筑波大学 サッカー同好会,714760,FIRST_HALF,True,passReceived passReceivedFrom2,passReceived,0.662068,0.147878,,,,,
115396198,118575,5400000,0,476355,31,,,31425,筑波大学 サッカー同好会,718600,FIRST_HALF,True,passSucceeded passSucceededFrom2 passSucceededTo6 passSucceededFrom2To6 forwardPassSucceeded mediumPassSucceeded,passSucceeded forwardPassSucceeded mediumPassSucceeded,0.659935,0.160063,476356,,,0.911876,0.312165
115396199,118575,5400000,0,476356,14,,,31425,筑波大学 サッカー同好会,720440,FIRST_HALF,True,passSucceeded passReceived passSucceededFrom6 passSucceededTo6 passSucceededFrom6To6 backwardPassSucceeded mediumPassSucceeded,passSucceeded backwardPassSucceeded mediumPassSucceeded passReceived,0.911876,0.312165,476355,,,0.728943,0.196369
115396200,118575,5400000,0,476355,31,,,31425,筑波大学 サッカー同好会,721760,FIRST_HALF,True,passReceived passReceivedFrom6,passReceived,0.728943,0.196369,,,,,
115396205,118575,5400000,0,476355,31,,,31425,筑波大学 サッカー同好会,727800,FIRST_HALF,True,passSucceeded passSucceededFrom6 passSucceededTo2 passSucceededFrom6To2 backwardPassSucceeded mediumPassSucceeded,passSucceeded backwardPassSucceeded mediumPassSucceeded,0.713483,0.215862,476352,,,0.519788,0.11933
115396206,118575,5400000,0,476352,12,,,31425,筑波大学 サッカー同好会,729520,FIRST_HALF,True,passReceived passReceivedFrom2,passReceived,0.519788,0.11933,,,,,
115396216,118575,5400000,0,476352,12,,,31425,筑波大学 サッカー同好会,730760,FIRST_HALF,True,passSucceeded passSucceededFrom2 passSucceededTo4 passSucceededFrom2To4 sidewaysPassSucceeded mediumPassSucceeded,passSucceeded sidewaysPassSucceeded mediumPassSucceeded,0.502408,0.125836,476354,,,0.111114,0.179525
115396217,118575,5400000,0,476354,29,,,31425,筑波大学 サッカー同好会,733254,FIRST_HALF,True,passSucceeded passReceived passSucceededFrom4 passSucceededTo4 passSucceededFrom4To4 forwardPassSucceeded mediumPassSucceeded,passSucceeded forwardPassSucceeded mediumPassSucceeded passReceived,0.111114,0.179525,476358,,,0.293483,0.286709
115396218,118575,5400000,0,476358,22,,,31425,筑波大学 サッカー同好会,734960,FIRST_HALF,True,passReceived passReceivedFrom4,passReceived,0.293483,0.286709,,,,,
115396230,118575,5400000,0,476358,22,,,31425,筑波大学 サッカー同好会,736960,FIRST_HALF,True,passFailed passFailedFrom7 passFailedTo13 passFailedFrom7To13 forwardPassFailed longPassFailed,passFailed forwardPassFailed longPassFailed,0.280852,0.339012,,,,0.0,0.825369
115396231,118575,5400000,0,,,,,31425,筑波大学 サッカー同好会,742440,FIRST_HALF,True,,,0.0,0.825369,,,,,
115391389,118575,5400000,0,476371,5,,,31424,筑波大学 - C3,746640,FIRST_HALF,True,throwIn passSucceeded passSucceededFrom6 passSucceededTo6 passSucceededFrom6To6 forwardPassSucceeded shortPassSucceeded,throwIn passSucceeded forwardPassSucceeded shortPassSucceeded,1.0,0.185597,476372,,,0.917895,0.286942
115391390,118575,5400000,0,476372,34,,,31424,筑波大学 - C3,748520,FIRST_HALF,True,passReceived passReceivedFrom6,passReceived,0.917895,0.286942,,,,,
115391391,118575,5400000,0,476372,34,,,31424,筑波大学 - C3,749033,FIRST_HALF,True,passSucceeded passSucceededFrom6 passSucceededTo3 passSucceededFrom6To3 backwardPassSucceeded shortPassSucceeded,passSucceeded backwardPassSucceeded shortPassSucceeded,0.944765,0.265274,476371,,,0.960644,0.141464
115391392,118575,5400000,0,476371,5,,,31424,筑波大学 - C3,751000,FIRST_HALF,True,passReceived passReceivedFrom3,passReceived,0.960644,0.141464,,,,,
115391394,118575,5400000,0,476371,5,,,31424,筑波大学 - C3,751833,FIRST_HALF,True,passSucceeded passSucceededFrom3 passSucceededTo3 passSucceededFrom3To3 backwardPassSucceeded mediumPassSucceeded,passSucceeded backwardPassSucceeded mediumPassSucceeded,0.960644,0.141464,476369,,,0.772055,0.0347246
115391395,118575,5400000,0,476369,30,,,31424,筑波大学 - C3,754000,FIRST_HALF,True,passReceived passReceivedFrom3,passReceived,0.772055,0.0347246,,,,,
115391398,118575,5400000,0,476369,30,,,31424,筑波大学 - C3,754094,FIRST_HALF,True,passSucceeded passSucceededFrom3 passSucceededTo2 passSucceededFrom3To2 sidewaysPassSucceeded mediumPassSucceeded,passSucceeded sidewaysPassSucceeded mediumPassSucceeded,0.77047,0.0511461,476367,,,0.482039,0.0378037
115391399,118575,5400000,0,476367,1,,,31424,筑波大学 - C3,756384,FIRST_HALF,True,passReceived passReceivedFrom2,passReceived,0.482039,0.0378037,,,,,
115391403,118575,5400000,0,476367,1,,,31424,筑波大学 - C3,757638,FIRST_HALF,True,passSucceeded passSucceededFrom2 passSucceededTo4 passSucceededFrom2To4 forwardPassSucceeded mediumPassSucceeded,passSucceeded forwardPassSucceeded mediumPassSucceeded,0.424987,0.071673,476368,,,0.194068,0.174862
115391404,118575,5400000,0,476368,40,,,31424,筑波大学 - C3,759840,FIRST_HALF,True,passReceived passReceivedFrom4,passReceived,0.194068,0.174862,,,,,
115391407,118575,5400000,0,476368,40,,,31424,筑波大学 - C3,762006,FIRST_HALF,True,passSucceeded passSucceededFrom4 passSucceededTo4 passSucceededFrom4To4 forwardPassSucceeded shortPassSucceeded,passSucceeded forwardPassSucceeded shortPassSucceeded,0.224207,0.225978,476375,,,0.325423,0.296555
115391408,118575,5400000,0,476375,55,,,31424,筑波大学 - C3,763000,FIRST_HALF,True,passSucceeded passReceived passSucceededFrom4 passSucceededTo4 passSucceededFrom4To4 sidewaysPassSucceeded shortPassSucceeded,passSucceeded sidewaysPassSucceeded shortPassSucceeded passReceived,0.325423,0.296555,476368,,,0.174949,0.287422
115391409,118575,5400000,0,476368,40,,,31424,筑波大学 - C3,764080,FIRST_HALF,True,passReceived passReceivedFrom4,passReceived,0.174949,0.287422,,,,,
115391413,118575,5400000,0,476368,40,,,31424,筑波大学 - C3,769261,FIRST_HALF,True,passSucceeded passSucceededFrom4 passSucceededTo2 passSucceededFrom4To2 backwardPassSucceeded mediumPassSucceeded,passSucceeded backwardPassSucceeded mediumPassSucceeded,0.253103,0.248772,476367,,,0.355592,0.0857456
115391414,118575,5400000,0,476367,1,,,31424,筑波大学 - C3,770840,FIRST_HALF,True,passReceived passReceivedFrom2,passReceived,0.355592,0.0857456,,,,,
115391415,118575,5400000,0,476367,1,,,31424,筑波大学 - C3,774920,FIRST_HALF,True,passSucceeded passSucceededFrom2 passSucceededTo4 passSucceededFrom2To4 forwardPassSucceeded shortPassSucceeded,passSucceeded forwardPassSucceeded shortPassSucceeded,0.433518,0.136759,476368,,,0.313985,0.191295
115391416,118575,5400000,0,476368,40,,,31424,筑波大学 - C3,776259,FIRST_HALF,True,passReceived passReceivedFrom4,passReceived,0.313985,0.191295,,,,,
115391419,118575,5400000,0,476368,40,,,31424,筑波大学 - C3,778352,FIRST_HALF,True,passSucceeded passSucceededFrom4 passSucceededTo5 passSucceededFrom4To5 forwardPassSucceeded shortPassSucceeded,passSucceeded forwardPassSucceeded shortPassSucceeded,0.31982,0.232922,476372,,,0.405897,0.28682
115391420,118575,5400000,0,476372,34,,,31424,筑波大学 - C3,779320,FIRST_HALF,True,passReceived passReceivedFrom5,passReceived,0.405897,0.28682,,,,,
115391423,118575,5400000,0,476372,34,,,31424,筑波大学 - C3,779836,FIRST_HALF,True,controlUnderPressure,controlUnderPressure,0.389489,0.294533,,,,,
115396251,118575,5400000,0,476358,22,,,31425,筑波大学 サッカー同好会,780120,FIRST_HALF,True,tackleFailed,tackleFailed,0.607327,0.705165,,,,,
115391425,118575,5400000,0,476372,34,,,31424,筑波大学 - C3,781103,FIRST_HALF,True,dribbleToSpace,dribbleToSpace,0.331751,0.337037,,,,,
115391431,118575,5400000,0,476372,34,,,31424,筑波大学 - C3,783157,FIRST_HALF,True,passSucceeded passSucceededFrom7 passSucceededTo10 passSucceededFrom7To10 forwardPassSucceeded mediumPassSucceeded,passSucceeded forwardPassSucceeded mediumPassSucceeded,0.242981,0.454492,476370,,,0.0684962,0.542031
115391432,118575,5400000,0,476370,14,,,31424,筑波大学 - C3,784852,FIRST_HALF,True,passSucceeded passReceived passSucceededFrom10 passSucceededTo7 passSucceededFrom10To7 backwardPassSucceeded mediumPassSucceeded,passSucceeded backwardPassSucceeded mediumPassSucceeded passReceived,0.0684962,0.542031,476368,,,0.139668,0.378077
115391433,118575,5400000,0,476368,40,,,31424,筑波大学 - C3,786400,FIRST_HALF,True,passReceived passReceivedFrom7,passReceived,0.139668,0.378077,,,,,
115391441,118575,5400000,0,476368,40,,,31424,筑波大学 - C3,788085,FIRST_HALF,True,passSucceeded passSucceededFrom7 passSucceededTo15 passSucceededFrom7To15 forwardPassSucceeded longPassSucceeded,passSucceeded forwardPassSucceeded longPassSucceeded,0.203354,0.390521,476374,,,0.796724,0.697664
115391442,118575,5400000,0,476374,2,,,31424,筑波大学 - C3,791110,FIRST_HALF,True,passReceived passReceivedFrom15,passReceived,0.796724,0.697664,,,,,
115391445,118575,5400000,0,476374,2,,,31424,筑波大学 - C3,792924,FIRST_HALF,True,dribbleToSpace,dribbleToSpace,0.737569,0.739648,,,,,
115391450,118575,5400000,0,476374,2,,,31424,筑波大学 - C3,796506,FIRST_HALF,True,passSucceeded passSucceededFrom14 passSucceededTo13 passSucceededFrom14To13 sidewaysPassSucceeded mediumPassSucceeded,passSucceeded sidewaysPassSucceeded mediumPassSucceeded,0.461445,0.737694,476370,,,0.0819039,0.708198
115391451,118575,5400000,0,476370,14,,,31424,筑波大学 - C3,799040,FIRST_HALF,True,passReceived passReceivedFrom13,passReceived,0.0819039,0.708198,,,,,
115391458,118575,5400000,0,476370,14,,,31424,筑波大学 - C3,800560,FIRST_HALF,True,crossSucceeded,crossSucceeded,0.113257,0.785247,476376,,,0.561278,0.843483
115391459,118575,5400000,0,476376,19,,,31424,筑波大学 - C3,802400,FIRST_HALF,True,crossReceived,crossReceived,0.561278,0.843483,,,,,
115391463,118575,5400000,0,476376,19,,,31424,筑波大学 - C3,803895,FIRST_HALF,True,passSucceeded passSucceededFrom17 passSucceededTo15 passSucceededFrom17To15 backwardPassSucceeded shortPassSucceeded,passSucceeded backwardPassSucceeded shortPassSucceeded,0.652385,0.843257,476373,,,0.747691,0.717025
115391464,118575,5400000,0,476373,39,,,31424,筑波大学 - C3,805880,FIRST_HALF,True,passReceived passReceivedFrom15,passReceived,0.747691,0.717025,,,,,
115391470,118575,5400000,0,476373,39,,,31424,筑波大学 - C3,808600,FIRST_HALF,True,passSucceeded passSucceededFrom15 passSucceededTo12 passSucceededFrom15To12 backwardPassSucceeded mediumPassSucceeded,passSucceeded backwardPassSucceeded mediumPassSucceeded,0.900324,0.705903,476371,,,0.883524,0.520627
115391471,118575,5400000,0,476371,5,,,31424,筑波大学 - C3,810760,FIRST_HALF,True,passReceived passReceivedFrom12,passReceived,0.883524,0.520627,,,,,
115391477,118575,5400000,0,476371,5,,,31424,筑波大学 - C3,811939,FIRST_HALF,True,passSucceeded passSucceededFrom12 passSucceededTo8 passSucceededFrom12To8 backwardPassSucceeded mediumPassSucceeded,passSucceeded backwardPassSucceeded mediumPassSucceeded,0.849439,0.530024,476369,,,0.631009,0.412419
115391478,118575,5400000,0,476369,30,,,31424,筑波大学 - C3,813840,FIRST_HALF,True,passReceived passReceivedFrom8,passReceived,0.631009,0.412419,,,,,
115391479,118575,5400000,0,476369,30,,,31424,筑波大学 - C3,814768,FIRST_HALF,True,passSucceeded passSucceededFrom8 passSucceededTo10 passSucceededFrom8To10 sidewaysPassSucceeded mediumPassSucceeded,passSucceeded sidewaysPassSucceeded mediumPassSucceeded,0.599313,0.432946,476368,,,0.326889,0.530761
115391481,118575,5400000,0,476368,40,,,31424,筑波大学 - C3,816720,FIRST_HALF,True,passReceived passReceivedFrom10,passReceived,0.326889,0.530761,,,,,
115391484,118575,5400000,0,476368,40,,,31424,筑波大学 - C3,817666,FIRST_HALF,True,dribbleToSpace,dribbleToSpace,0.318033,0.563951,,,,,
115396304,118575,5400000,0,476368,40,,,31424,筑波大学 - C3,819200,FIRST_HALF,True,passFailed passFailedFrom11 passFailedTo13 passFailedFrom11To13 forwardPassFailed mediumPassFailed,passFailed forwardPassFailed mediumPassFailed,0.333827,0.645277,476370,,,0.0586067,0.784561
115396305,118575,5400000,0,476370,14,,,31424,筑波大学 - C3,819200,FIRST_HALF,True,offside,offside,0.0586067,0.784561,,,,,
115396325,118575,5400000,0,476352,12,,,31425,筑波大学 サッカー同好会,856000,FIRST_HALF,True,freeKick passSucceeded passSucceededFrom6 passSucceededTo12 passSucceededFrom6To12 forwardPassSucceeded longPassSucceeded,freeKick passSucceeded forwardPassSucceeded longPassSucceeded,0.857726,0.167413,476362,,,0.759896,0.632254
115396326,118575,5400000,0,476362,9,,,31425,筑波大学 サッカー同好会,860320,FIRST_HALF,True,passReceived passReceivedFrom12,passReceived,0.759896,0.632254,,,,,
115396336,118575,5400000,0,476362,9,,,31425,筑波大学 サッカー同好会,862258,FIRST_HALF,True,passSucceeded passSucceededFrom15 passSucceededTo15 passSucceededFrom15To15 sidewaysPassSucceeded shortPassSucceeded,passSucceeded sidewaysPassSucceeded shortPassSucceeded,0.747425,0.697248,476361,,,0.92536,0.737967
115396337,118575,5400000,0,476361,10,,,31425,筑波大学 サッカー同好会,864080,FIRST_HALF,True,passReceived passReceivedFrom15,passReceived,0.92536,0.737967,,,,,
115396340,118575,5400000,0,476361,10,,,31425,筑波大学 サッカー同好会,864720,FIRST_HALF,True,controlUnderPressure,controlUnderPressure,0.885617,0.759682,,,,,
115391521,118575,5400000,0,476375,55,,,31424,筑波大学 - C3,864840,FIRST_HALF,True,tackleFailed,tackleFailed,0.120322,0.236612,,,,,
115396354,118575,5400000,0,476361,10,,,31425,筑波大学 サッカー同好会,869000,FIRST_HALF,True,passFailed passFailedFrom15 passFailedTo15 passFailedFrom15To15 forwardPassFailed shortPassFailed,passFailed forwardPassFailed shortPassFailed,0.798412,0.763577,,,,0.718091,0.812408
115396355,118575,5400000,0,,,,,31425,筑波大学 サッカー同好会,870240,FIRST_HALF,True,,,0.718091,0.812408,,,,,
115391525,118575,5400000,0,476368,40,,,31424,筑波大学 - C3,870360,FIRST_HALF,True,intercept,intercept,0.302316,0.170974,,,,,
115396358,118575,5400000,0,476357,17,,,31425,筑波大学 サッカー同好会,871440,FIRST_HALF,True,tackleFailed,tackleFailed,0.673791,0.817314,,,,,
115391530,118575,5400000,0,476368,40,,,31424,筑波大学 - C3,873200,FIRST_HALF,True,passFailed passFailedFrom4 passFailedTo4 passFailedFrom4To4 forwardPassFailed shortPassFailed,passFailed forwardPassFailed shortPassFailed,0.25107,0.259924,,,,0.234751,0.277852
115391531,118575,5400000,0,,,,,31424,筑波大学 - C3,873237,FIRST_HALF,True,,,0.234751,0.277852,,,,,
115396363,118575,5400000,0,476358,22,,,31425,筑波大学 サッカー同好会,873360,FIRST_HALF,True,block,block,0.760673,0.720586,,,,,
115396368,118575,5400000,0,476359,16,,,31425,筑波大学 サッカー同好会,875360,FIRST_HALF,True,possession,possession,0.683835,0.663272,,,,,
115396373,118575,5400000,0,476359,16,,,31425,筑波大学 サッカー同好会,875904,FIRST_HALF,True,passSucceeded passSucceededFrom12 passSucceededTo12 passSucceededFrom12To12 sidewaysPassSucceeded mediumPassSucceeded,passSucceeded sidewaysPassSucceeded mediumPassSucceeded,0.695726,0.666517,476356,,,0.942378,0.655801
115396374,118575,5400000,0,476356,14,,,31425,筑波大学 サッカー同好会,877720,FIRST_HALF,True,passReceived passReceivedFrom12,passReceived,0.942378,0.655801,,,,,
115396379,118575,5400000,0,476356,14,,,31425,筑波大学 サッカー同好会,878640,FIRST_HALF,True,passFailed passFailedFrom15 passFailedTo18 passFailedFrom15To18 forwardPassFailed mediumPassFailed,passFailed forwardPassFailed mediumPassFailed,0.937,0.683686,,,,0.934864,0.89833
115391533,118575,5400000,0,476368,40,,,31424,筑波大学 - C3,881400,FIRST_HALF,True,cutoff,cutoff,0.0689909,0.110962,,,,,
115396380,118575,5400000,0,,,,,31425,筑波大学 サッカー同好会,881520,FIRST_HALF,True,,,0.934864,0.89833,,,,,
115396427,118575,5400000,0,476359,16,,,31425,筑波大学 サッカー同好会,913480,FIRST_HALF,True,attackRouteStart cornerKick crossFailed,cornerKick crossFailed,1.00871,0.960053,,,,0.477804,0.945408
115391542,118575,5400000,0,476370,14,,,31424,筑波大学 - C3,915360,FIRST_HALF,True,clearance,clearance,0.513735,0.0624359,,,,,
115396428,118575,5400000,0,,,,,31425,筑波大学 サッカー同好会,915360,FIRST_HALF,True,,,0.477804,0.945408,,,,,
115396410,118575,5400000,0,476360,18,,,31425,筑波大学 サッカー同好会,917320,FIRST_HALF,True,possession,possession,0.453773,0.872344,,,,,
115396419,118575,5400000,0,476360,18,,,31425,筑波大学 サッカー同好会,918600,FIRST_HALF,True,shot footRight attackRouteEnd shotInPenaltyArea,shot,0.55776,0.857566,,,,,
115391546,118575,5400000,0,476376,19,,,31424,筑波大学 - C3,918680,FIRST_HALF,True,deflection,deflection,0.409139,0.143517,,,,,
115396451,118575,5400000,0,476359,16,,,31425,筑波大学 サッカー同好会,943200,FIRST_HALF,True,attackRouteStart cornerKick crossFailed,cornerKick crossFailed,1.0,0.97371,,,,0.486827,0.946874
115391554,118575,5400000,0,476367,1,,,31424,筑波大学 - C3,945160,FIRST_HALF,True,aerialClearanceSucceeded clearance,clearance aerialClearanceSucceeded,0.505811,0.0634622,,,,,
115396452,118575,5400000,0,,,,,31425,筑波大学 サッカー同好会,945240,FIRST_HALF,True,,,0.486827,0.946874,,,,,
115396446,118575,5400000,0,476361,10,,,31425,筑波大学 サッカー同好会,946840,FIRST_HALF,True,possession shotBlocked footRight attackRouteEnd shotBlockedInPenaltyArea,shotBlocked possession,0.618636,0.911206,,,,,
115391557,118575,5400000,0,476371,5,,,31424,筑波大学 - C3,947059,FIRST_HALF,True,block,block,0.423402,0.0593569,,,,,
115391560,118575,5400000,0,476369,30,,,31424,筑波大学 - C3,948276,FIRST_HALF,True,clearance,clearance,0.409139,0.0100924,,,,,
115396457,118575,5400000,0,476359,16,,,31425,筑波大学 サッカー同好会,950800,FIRST_HALF,True,possession crossFailed,crossFailed possession,0.824789,0.850949,,,,0.398307,0.908781
115391566,118575,5400000,0,476374,2,,,31424,筑波大学 - C3,953280,FIRST_HALF,True,clearance,clearance,0.568748,0.118561,,,,,
115396458,118575,5400000,0,,,,,31425,筑波大学 サッカー同好会,953360,FIRST_HALF,True,,,0.398307,0.908781,,,,,
115396470,118575,5400000,0,476355,31,,,31425,筑波大学 サッカー同好会,956640,FIRST_HALF,True,possession passFailed passFailedFrom13 passFailedTo17 passFailedFrom13To17 forwardPassFailed mediumPassFailed,passFailed forwardPassFailed mediumPassFailed possession,0.174699,0.747672,,,,0.337826,0.84422
115396471,118575,5400000,0,,,,,31425,筑波大学 サッカー同好会,957760,FIRST_HALF,True,,,0.337826,0.84422,,,,,
115391575,118575,5400000,0,476368,40,,,31424,筑波大学 - C3,957808,FIRST_HALF,True,clearance,clearance,0.681016,0.160018,,,,,
115396477,118575,5400000,0,476360,18,,,31425,筑波大学 サッカー同好会,959920,FIRST_HALF,True,possession passFailed passFailedFrom13 passFailedTo13 passFailedFrom13To13 forwardPassFailed shortPassFailed,passFailed forwardPassFailed shortPassFailed possession,0.21851,0.754665,,,,0.229417,0.773279
115396478,118575,5400000,0,,,,,31425,筑波大学 サッカー同好会,960480,FIRST_HALF,True,,,0.229417,0.773279,,,,,
115391579,118575,5400000,0,476377,24,,,31424,筑波大学 - C3,960520,FIRST_HALF,True,intercept,intercept,0.766018,0.225455,,,,,
115391580,118575,5400000,0,476377,24,,,31424,筑波大学 - C3,962041,FIRST_HALF,True,passSucceeded passSucceededFrom6 passSucceededTo8 passSucceededFrom6To8 forwardPassSucceeded shortPassSucceeded,passSucceeded forwardPassSucceeded shortPassSucceeded,0.685814,0.230486,476376,,,0.653764,0.348573
115391581,118575,5400000,0,476376,19,,,31424,筑波大学 - C3,963280,FIRST_HALF,True,groundDuelSucceeded passReceived passReceivedFrom8,duelSucceeded groundDuelSucceeded passReceived,0.653764,0.348573,,,,,
115396485,118575,5400000,0,476357,17,,,31425,筑波大学 サッカー同好会,963440,FIRST_HALF,True,groundDuelFailed tackleFailed,duelFailed groundDuelFailed tackleFailed,0.350146,0.649535,,,,,
115396490,118575,5400000,0,476356,14,,,31425,筑波大学 サッカー同好会,964640,FIRST_HALF,True,tackleFailed,tackleFailed,0.38485,0.654337,,,,,
115396501,118575,5400000,0,476358,22,,,31425,筑波大学 サッカー同好会,965440,FIRST_HALF,True,tackleSucceeded,tackleSucceeded,0.343114,0.65807,,,,,
115396517,118575,5400000,0,476358,22,,,31425,筑波大学 サッカー同好会,966960,FIRST_HALF,True,passSucceeded passSucceededFrom11 passSucceededTo8 passSucceededFrom11To8 backwardPassSucceeded mediumPassSucceeded,passSucceeded backwardPassSucceeded mediumPassSucceeded,0.361709,0.637856,476359,,,0.458805,0.493151
115396518,118575,5400000,0,476359,16,,,31425,筑波大学 サッカー同好会,968272,FIRST_HALF,True,passSucceeded passReceived passSucceededFrom8 passSucceededTo13 passSucceededFrom8To13 forwardPassSucceeded longPassSucceeded,passSucceeded forwardPassSucceeded longPassSucceeded passReceived,0.458805,0.493151,476354,,,0.140739,0.731577
115396519,118575,5400000,0,476354,29,,,31425,筑波大学 サッカー同好会,970400,FIRST_HALF,True,passSucceeded passReceived passSucceededFrom13 passSucceededTo10 passSucceededFrom13To10 backwardPassSucceeded shortPassSucceeded,passSucceeded backwardPassSucceeded shortPassSucceeded passReceived,0.140739,0.731577,476360,,,0.0982094,0.59222
115396520,118575,5400000,0,476360,18,,,31425,筑波大学 サッカー同好会,973280,FIRST_HALF,True,passReceived passReceivedFrom10,passReceived,0.0982094,0.59222,,,,,
115396529,118575,5400000,0,476360,18,,,31425,筑波大学 サッカー同好会,975640,FIRST_HALF,True,passSucceeded passSucceededFrom10 passSucceededTo13 passSucceededFrom10To13 forwardPassSucceeded longPassSucceeded,passSucceeded forwardPassSucceeded longPassSucceeded,0.214678,0.560928,476354,,,-0.0220025,0.808151
115396530,118575,5400000,0,476354,29,,,31425,筑波大学 サッカー同好会,977840,FIRST_HALF,True,passReceived passReceivedFrom13,passReceived,-0.0220025,0.808151,,,,,
115396536,118575,5400000,0,476354,29,,,31425,筑波大学 サッカー同好会,979400,FIRST_HALF,True,crossFailed,crossFailed,-0.0124918,0.896863,,,,0.0500129,0.900673
115391585,118575,5400000,0,476368,40,,,31424,筑波大学 - C3,979520,FIRST_HALF,True,block,block,0.936873,0.0942525,,,,,
115396537,118575,5400000,0,,,,,31425,筑波大学 サッカー同好会,979520,FIRST_HALF,True,,,0.0500129,0.900673,,,,,
115391596,118575,5400000,0,476369,30,,,31424,筑波大学 - C3,982080,FIRST_HALF,True,possession passSucceeded passSucceededFrom3 passSucceededTo3 passSucceededFrom3To3 sidewaysPassSucceeded shortPassSucceeded,passSucceeded sidewaysPassSucceeded shortPassSucceeded possession,0.683307,0.0121451,476368,,,0.833862,0.0655149
115391597,118575,5400000,0,476368,40,,,31424,筑波大学 - C3,983400,FIRST_HALF,True,passReceived passReceivedFrom3,passReceived,0.833862,0.0655149,,,,,
115396541,118575,5400000,0,476354,29,,,31425,筑波大学 サッカー同好会,984240,FIRST_HALF,True,tackleFailed,tackleFailed,0.116696,0.950033,,,,,
115391600,118575,5400000,0,476368,40,,,31424,筑波大学 - C3,984520,FIRST_HALF,True,controlUnderPressure,controlUnderPressure,0.833862,0.0655149,,,,,
115396549,118575,5400000,0,476357,17,,,31425,筑波大学 サッカー同好会,986400,FIRST_HALF,True,tackleFailed,tackleFailed,0.043136,0.921397,,,,,
115391602,118575,5400000,0,476368,40,,,31424,筑波大学 - C3,987953,FIRST_HALF,True,passSucceeded passSucceededFrom3 passSucceededTo6 passSucceededFrom3To6 forwardPassSucceeded shortPassSucceeded,passSucceeded forwardPassSucceeded shortPassSucceeded,0.890914,0.152754,476376,,,0.811334,0.282043
115396563,118575,5400000,0,476359,16,,,31425,筑波大学 サッカー同好会,990600,FIRST_HALF,True,tackleFailed,tackleFailed,0.196185,0.717081,,,,,
115391603,118575,5400000,0,476376,19,,,31424,筑波大学 - C3,990640,FIRST_HALF,True,passSucceeded passReceived passSucceededFrom6 passSucceededTo5 passSucceededFrom6To5 sidewaysPassSucceeded shortPassSucceeded,passSucceeded sidewaysPassSucceeded shortPassSucceeded passReceived,0.811334,0.282043,476372,,,0.617883,0.24914
115391604,118575,5400000,0,476372,34,,,31424,筑波大学 - C3,992800,FIRST_HALF,True,passReceived passReceivedFrom5,passReceived,0.617883,0.24914,,,,,
115396571,118575,5400000,0,476362,9,,,31425,筑波大学 サッカー同好会,993080,FIRST_HALF,True,tackleFailed,tackleFailed,0.396722,0.756727,,,,,
115391611,118575,5400000,0,476371,5,,,31424,筑波大学 - C3,994995,FIRST_HALF,True,ballReceived passFailed passFailedFrom5 passFailedTo7 passFailedFrom5To7 forwardPassFailed longPassFailed,passFailed forwardPassFailed longPassFailed,0.520074,0.190729,,,,0.166996,0.393607
115391612,118575,5400000,0,,,,,31424,筑波大学 - C3,996840,FIRST_HALF,True,,,0.166996,0.393607,,,,,
115396583,118575,5400000,0,476356,14,,,31425,筑波大学 サッカー同好会,997200,FIRST_HALF,True,intercept,intercept,0.776675,0.626233,,,,,
115396590,118575,5400000,0,476356,14,,,31425,筑波大学 サッカー同好会,998000,FIRST_HALF,True,passFailed passFailedFrom15 passFailedTo14 passFailedFrom15To14 forwardPassFailed shortPassFailed,passFailed forwardPassFailed shortPassFailed,0.7738,0.668558,,,,0.638847,0.779478
115396591,118575,5400000,0,,,,,31425,筑波大学 サッカー同好会,1000120,FIRST_HALF,True,,,0.638847,0.779478,,,,,
115391615,118575,5400000,0,476371,5,,,31424,筑波大学 - C3,1000176,FIRST_HALF,True,intercept dribbleToSpace,dribbleToSpace intercept,0.36797,0.211086,,,,,
115396596,118575,5400000,0,476361,10,,,31425,筑波大学 サッカー同好会,1001800,FIRST_HALF,True,tackleFailed,tackleFailed,0.591295,0.721396,,,,,
115391618,118575,5400000,0,476371,5,,,31424,筑波大学 - C3,1002280,FIRST_HALF,True,passSucceeded passSucceededFrom5 passSucceededTo8 passSucceededFrom5To8 forwardPassSucceeded shortPassSucceeded,passSucceeded forwardPassSucceeded shortPassSucceeded,0.45744,0.297516,476376,,,0.60163,0.404572
115391619,118575,5400000,0,476376,19,,,31424,筑波大学 - C3,1003400,FIRST_HALF,True,passReceived passReceivedFrom8,passReceived,0.60163,0.404572,,,,,
115391620,118575,5400000,0,476376,19,,,31424,筑波大学 - C3,1005720,FIRST_HALF,True,passSucceeded passSucceededFrom9 passSucceededTo9 passSucceededFrom9To9 sidewaysPassSucceeded mediumPassSucceeded,passSucceeded sidewaysPassSucceeded mediumPassSucceeded,0.684463,0.350119,476371,,,0.951638,0.345937
115391621,118575,5400000,0,476371,5,,,31424,筑波大学 - C3,1008600,FIRST_HALF,True,passReceived passReceivedFrom9,passReceived,0.951638,0.345937,,,,,
115391622,118575,5400000,0,476371,5,,,31424,筑波大学 - C3,1010752,FIRST_HALF,True,passSucceeded passSucceededFrom9 passSucceededTo6 passSucceededFrom9To6 sidewaysPassSucceeded shortPassSucceeded,passSucceeded sidewaysPassSucceeded shortPassSucceeded,0.958356,0.349931,476373,,,0.779611,0.326993
115391623,118575,5400000,0,476373,39,,,31424,筑波大学 - C3,1012080,FIRST_HALF,True,passReceived passReceivedFrom6,passReceived,0.779611,0.326993,,,,,
115391629,118575,5400000,0,476373,39,,,31424,筑波大学 - C3,1013212,FIRST_HALF,True,passSucceeded passSucceededFrom9 passSucceededTo8 passSucceededFrom9To8 forwardPassSucceeded mediumPassSucceeded,passSucceeded forwardPassSucceeded mediumPassSucceeded,0.743472,0.344369,476372,,,0.532752,0.426788
115391630,118575,5400000,0,476372,34,,,31424,筑波大学 - C3,1014320,FIRST_HALF,True,passReceived passReceivedFrom8,passReceived,0.532752,0.426788,,,,,
115391632,118575,5400000,0,476372,34,,,31424,筑波大学 - C3,1015486,FIRST_HALF,True,passSucceeded passSucceededFrom8 passSucceededTo7 passSucceededFrom8To7 sidewaysPassSucceeded mediumPassSucceeded,passSucceeded sidewaysPassSucceeded mediumPassSucceeded,0.508502,0.447254,476370,,,0.117061,0.466956
115391633,118575,5400000,0,476370,14,,,31424,筑波大学 - C3,1017280,FIRST_HALF,True,passReceived passReceivedFrom7,passReceived,0.117061,0.466956,,,,,
115391639,118575,5400000,0,476370,14,,,31424,筑波大学 - C3,1019720,FIRST_HALF,True,passSucceeded passSucceededFrom7 passSucceededTo7 passSucceededFrom7To7 sidewaysPassSucceeded shortPassSucceeded,passSucceeded sidewaysPassSucceeded shortPassSucceeded,0.127378,0.462918,476372,,,0.289634,0.481191
115391640,118575,5400000,0,476372,34,,,31424,筑波大学 - C3,1020800,FIRST_HALF,True,passReceived passReceivedFrom7,passReceived,0.289634,0.481191,,,,,
115391641,118575,5400000,0,476372,34,,,31424,筑波大学 - C3,1022320,FIRST_HALF,True,passSucceeded passSucceededFrom7 passSucceededTo7 passSucceededFrom7To7 backwardPassSucceeded shortPassSucceeded,passSucceeded backwardPassSucceeded shortPassSucceeded,0.220719,0.450864,476370,,,0.0631762,0.386756
115391642,118575,5400000,0,476370,14,,,31424,筑波大学 - C3,1023880,FIRST_HALF,True,passReceived passReceivedFrom7,passReceived,0.0631762,0.386756,,,,,
115391645,118575,5400000,0,476370,14,,,31424,筑波大学 - C3,1026203,FIRST_HALF,True,passSucceeded passSucceededFrom7 passSucceededTo4 passSucceededFrom7To4 backwardPassSucceeded mediumPassSucceeded,passSucceeded backwardPassSucceeded mediumPassSucceeded,0.0948641,0.362898,476368,,,0.197026,0.203965
115391646,118575,5400000,0,476368,40,,,31424,筑波大学 - C3,1027840,FIRST_HALF,True,passReceived passReceivedFrom4,passReceived,0.197026,0.203965,,,,,
115391652,118575,5400000,0,476368,40,,,31424,筑波大学 - C3,1029280,FIRST_HALF,True,passSucceeded passSucceededFrom4 passSucceededTo2 passSucceededFrom4To2 sidewaysPassSucceeded mediumPassSucceeded,passSucceeded sidewaysPassSucceeded mediumPassSucceeded,0.214587,0.200474,476367,,,0.444004,0.166097
115391653,118575,5400000,0,476367,1,,,31424,筑波大学 - C3,1031307,FIRST_HALF,True,passReceived passReceivedFrom2,passReceived,0.444004,0.166097,,,,,
115391794,118575,5400000,0,476367,1,,,31424,筑波大学 - C3,1033280,FIRST_HALF,True,passSucceeded passSucceededFrom5 passSucceededTo4 passSucceededFrom5To4 sidewaysPassSucceeded shortPassSucceeded,passSucceeded sidewaysPassSucceeded shortPassSucceeded,0.485209,0.181492,476368,,,0.331184,0.21594
115391795,118575,5400000,0,476368,40,,,31424,筑波大学 - C3,1034280,FIRST_HALF,True,passReceived passReceivedFrom4,passReceived,0.331184,0.21594,,,,,
115391796,118575,5400000,0,476368,40,,,31424,筑波大学 - C3,1035080,FIRST_HALF,True,passSucceeded passSucceededFrom5 passSucceededTo5 passSucceededFrom5To5 forwardPassSucceeded shortPassSucceeded,passSucceeded forwardPassSucceeded shortPassSucceeded,0.350061,0.224499,476372,,,0.450112,0.311513
115391797,118575,5400000,0,476372,34,,,31424,筑波大学 - C3,1036240,FIRST_HALF,True,passSucceeded passReceived passSucceededFrom5 passSucceededTo4 passSucceededFrom5To4 backwardPassSucceeded shortPassSucceeded,passSucceeded backwardPassSucceeded shortPassSucceeded passReceived,0.450112,0.311513,476368,,,0.318686,0.255463
115391798,118575,5400000,0,476368,40,,,31424,筑波大学 - C3,1038069,FIRST_HALF,True,passReceived passReceivedFrom4,passReceived,0.318686,0.255463,,,,,
115391803,118575,5400000,0,476368,40,,,31424,筑波大学 - C3,1039582,FIRST_HALF,True,passSucceeded passSucceededFrom4 passSucceededTo5 passSucceededFrom4To5 backwardPassSucceeded shortPassSucceeded,passSucceeded backwardPassSucceeded shortPassSucceeded,0.327148,0.251744,476367,,,0.497887,0.184571
115391804,118575,5400000,0,476367,1,,,31424,筑波大学 - C3,1040920,FIRST_HALF,True,passReceived passReceivedFrom5,passReceived,0.497887,0.184571,,,,,
115391805,118575,5400000,0,476367,1,,,31424,筑波大学 - C3,1043503,FIRST_HALF,True,passSucceeded passSucceededFrom5 passSucceededTo5 passSucceededFrom5To5 forwardPassSucceeded shortPassSucceeded,passSucceeded forwardPassSucceeded shortPassSucceeded,0.532752,0.173281,476368,,,0.376777,0.23535
115391806,118575,5400000,0,476368,40,,,31424,筑波大学 - C3,1045512,FIRST_HALF,True,passReceived passReceivedFrom5,passReceived,0.376777,0.23535,,,,,
115391807,118575,5400000,0,476368,40,,,31424,筑波大学 - C3,1045793,FIRST_HALF,True,passSucceeded passSucceededFrom5 passSucceededTo5 passSucceededFrom5To5 sidewaysPassSucceeded shortPassSucceeded,passSucceeded sidewaysPassSucceeded shortPassSucceeded,0.366035,0.241375,476372,,,0.564154,0.298893
115391808,118575,5400000,0,476372,34,,,31424,筑波大学 - C3,1046880,FIRST_HALF,True,passReceived passReceivedFrom5,passReceived,0.564154,0.298893,,,,,
115391810,118575,5400000,0,476372,34,,,31424,筑波大学 - C3,1048000,FIRST_HALF,True,passSucceeded passSucceededFrom5 passSucceededTo5 passSucceededFrom5To5 backwardPassSucceeded shortPassSucceeded,passSucceeded backwardPassSucceeded shortPassSucceeded,0.556737,0.278447,476367,,,0.599313,0.177386
115396630,118575,5400000,0,476359,16,,,31425,筑波大学 サッカー同好会,1048040,FIRST_HALF,True,tackleFailed,tackleFailed,0.440711,0.71928,,,,,
115391811,118575,5400000,0,476367,1,,,31424,筑波大学 - C3,1050070,FIRST_HALF,True,passSucceeded passReceived passSucceededFrom5 passSucceededTo6 passSucceededFrom5To6 forwardPassSucceeded mediumPassSucceeded,passSucceeded forwardPassSucceeded mediumPassSucceeded passReceived,0.599313,0.177386,476369,,,0.816321,0.282965
115391812,118575,5400000,0,476369,30,,,31424,筑波大学 - C3,1052120,FIRST_HALF,True,passReceived passReceivedFrom6,passReceived,0.816321,0.282965,,,,,
115391814,118575,5400000,0,476369,30,,,31424,筑波大学 - C3,1052960,FIRST_HALF,True,passFailed passFailedFrom6 passFailedTo6 passFailedFrom6To6 forwardPassFailed shortPassFailed,passFailed forwardPassFailed shortPassFailed,0.797412,0.275915,,,,0.798996,0.292337
115391815,118575,5400000,0,,,,,31424,筑波大学 - C3,1052960,FIRST_HALF,True,,,0.798996,0.292337,,,,,
115396634,118575,5400000,0,476359,16,,,31425,筑波大学 サッカー同好会,1053080,FIRST_HALF,True,block,block,0.185743,0.705127,,,,,
115396638,118575,5400000,0,476360,18,,,31425,筑波大学 サッカー同好会,1055280,FIRST_HALF,True,possession,possession,0.0977565,0.594537,,,,,
115391820,118575,5400000,0,476376,19,,,31424,筑波大学 - C3,1059000,FIRST_HALF,True,tackleSucceeded,tackleSucceeded,0.919998,0.355872,,,,,
115391832,118575,5400000,0,476376,19,,,31424,筑波大学 - C3,1062785,FIRST_HALF,True,passSucceeded passSucceededFrom6 passSucceededTo6 passSucceededFrom6To6 backwardPassSucceeded mediumPassSucceeded,passSucceeded backwardPassSucceeded mediumPassSucceeded,0.976492,0.328259,476369,,,0.91944,0.17636
115391833,118575,5400000,0,476369,30,,,31424,筑波大学 - C3,1065000,FIRST_HALF,True,passReceived passReceivedFrom6,passReceived,0.91944,0.17636,,,,,
115391835,118575,5400000,0,476369,30,,,31424,筑波大学 - C3,1068282,FIRST_HALF,True,passSucceeded passSucceededFrom6 passSucceededTo6 passSucceededFrom6To6 forwardPassSucceeded shortPassSucceeded,passSucceeded forwardPassSucceeded shortPassSucceeded,0.802166,0.194834,476373,,,0.773162,0.24087
115391836,118575,5400000,0,476373,39,,,31424,筑波大学 - C3,1069280,FIRST_HALF,True,passReceived passReceivedFrom6,passReceived,0.773162,0.24087,,,,,
115391839,118575,5400000,0,476373,39,,,31424,筑波大学 - C3,1070920,FIRST_HALF,True,passFailed passFailedFrom6 passFailedTo9 passFailedFrom6To9 forwardPassFailed mediumPassFailed,passFailed forwardPassFailed mediumPassFailed,0.860334,0.227612,,,,0.878236,0.445262
115396648,118575,5400000,0,476353,47,,,31425,筑波大学 サッカー同好会,1072600,FIRST_HALF,True,cutoff,cutoff,0.0802641,0.541733,,,,,
115391840,118575,5400000,0,,,,,31424,筑波大学 - C3,1072680,FIRST_HALF,True,,,0.878236,0.445262,,,,,
115391875,118575,5400000,0,476373,39,,,31424,筑波大学 - C3,1074440,FIRST_HALF,True,attackRouteStart possession,possession,0.860619,0.340882,,,,,
115391849,118575,5400000,0,476373,39,,,31424,筑波大学 - C3,1075320,FIRST_HALF,True,passSucceeded passSucceededFrom9 passSucceededTo15 passSucceededFrom9To15 forwardPassSucceeded longPassSucceeded,passSucceeded forwardPassSucceeded longPassSucceeded,0.870851,0.373619,476374,,,0.98533,0.745865
115391850,118575,5400000,0,476374,2,,,31424,筑波大学 - C3,1078840,FIRST_HALF,True,passReceived passReceivedFrom15,passReceived,0.98533,0.745865,,,,,
115391873,118575,5400000,0,476374,2,,,31424,筑波大学 - C3,1082920,FIRST_HALF,True,passSucceeded keyPass passSucceededFrom18 passSucceededTo15 passSucceededFrom18To15 backwardPassSucceeded shortPassSucceeded keyPassFrom6To6,passSucceeded backwardPassSucceeded shortPassSucceeded keyPass,0.974908,0.845535,476373,,,0.858903,0.801721
115391874,118575,5400000,0,476373,39,,,31424,筑波大学 - C3,1084360,FIRST_HALF,True,passReceived passReceivedFrom15,passReceived,0.858903,0.801721,,,,,
115391861,118575,5400000,0,476373,39,,,31424,筑波大学 - C3,1085080,FIRST_HALF,True,dribbleSucceeded,dribbleSucceeded,0.835269,0.814325,,,,,
115396660,118575,5400000,0,476358,22,,,31425,筑波大学 サッカー同好会,1085480,FIRST_HALF,True,tackleFailed,tackleFailed,0.160487,0.180358,,,,,
115391870,118575,5400000,0,476373,39,,,31424,筑波大学 - C3,1087440,FIRST_HALF,True,shotOnTarget footLeft attackRouteEnd shotOnTargetOutOfPenaltyArea,shotOnTarget,0.691783,0.833146,,,,,
115396664,118575,5400000,0,476352,12,,,31425,筑波大学 サッカー同好会,1088520,FIRST_HALF,True,saveByPunching hands,saveByPunching,0.486897,0.0121662,,,,,
115392085,118575,5400000,0,476375,55,,,31424,筑波大学 - C3,1144440,FIRST_HALF,True,cornerKick crossSucceeded,cornerKick crossSucceeded,0.0,1.0,476368,,,0.613432,0.919961
115396685,118575,5400000,0,476361,10,,,31425,筑波大学 サッカー同好会,1147400,FIRST_HALF,True,aerialDuelFailed,duelFailed aerialDuelFailed,0.394536,0.074863,,,,,
115392086,118575,5400000,0,476368,40,,,31424,筑波大学 - C3,1147440,FIRST_HALF,True,aerialDuelSucceeded crossReceived,duelSucceeded aerialDuelSucceeded crossReceived,0.613432,0.919961,,,,,
115396693,118575,5400000,0,476353,47,,,31425,筑波大学 サッカー同好会,1148120,FIRST_HALF,True,clearance,clearance,0.373687,0.0520713,,,,,
115392088,118575,5400000,0,476368,40,,,31424,筑波大学 - C3,1149120,FIRST_HALF,True,possession,possession,0.611992,0.919432,,,,,
115396699,118575,5400000,0,476354,29,,,31425,筑波大学 サッカー同好会,1151120,FIRST_HALF,True,cutoff,cutoff,0.398751,0.0475696,,,,,
115396702,118575,5400000,0,476356,14,,,31425,筑波大学 サッカー同好会,1152400,FIRST_HALF,True,clearance,clearance,0.367085,0.0520875,,,,,
115392089,118575,5400000,0,476374,2,,,31424,筑波大学 - C3,1153840,FIRST_HALF,True,possession,possession,0.772055,0.866062,,,,,
115396753,118575,5400000,0,476354,29,,,31425,筑波大学 サッカー同好会,1156280,FIRST_HALF,True,attackRouteStart tackleSucceeded,tackleSucceeded,0.167254,0.0199509,,,,,
115396717,118575,5400000,0,476354,29,,,31425,筑波大学 サッカー同好会,1159080,FIRST_HALF,True,passFailed passFailedFrom1 passFailedTo4 passFailedFrom1To4 forwardPassFailed mediumPassFailed,passFailed forwardPassFailed mediumPassFailed,-0.0117907,0.0370727,,,,0.121669,0.218745
115392091,118575,5400000,0,476371,5,,,31424,筑波大学 - C3,1160936,FIRST_HALF,True,intercept,intercept,0.893969,0.784892,,,,,
115396718,118575,5400000,0,,,,,31425,筑波大学 サッカー同好会,1161160,FIRST_HALF,True,,,0.121669,0.218745,,,,,
115396721,118575,5400000,0,476359,16,,,31425,筑波大学 サッカー同好会,1161800,FIRST_HALF,True,cutoff,cutoff,0.108386,0.191624,,,,,
115396722,118575,5400000,0,476360,18,,,31425,筑波大学 サッカー同好会,1163240,FIRST_HALF,True,possession dribbleToSpace,dribbleToSpace possession,0.0583098,0.141368,,,,,
115396748,118575,5400000,0,476360,18,,,31425,筑波大学 サッカー同好会,1168560,FIRST_HALF,True,passSucceeded keyPass passSucceededFrom7 passSucceededTo10 passSucceededFrom7To10 forwardPassSucceeded longPassSucceeded keyPassFrom0To1,passSucceeded forwardPassSucceeded longPassSucceeded keyPass,0.269226,0.366776,476361,,,0.0689359,0.644424
115396749,118575,5400000,0,476361,10,,,31425,筑波大学 サッカー同好会,1171520,FIRST_HALF,True,passReceived passReceivedFrom10,passReceived,0.0689359,0.644424,,,,,
115396746,118575,5400000,0,476361,10,,,31425,筑波大学 サッカー同好会,1175120,FIRST_HALF,True,shot footRight attackRouteEnd shotOutOfPenaltyArea,shot,0.13954,0.757427,,,,,
115392092,118575,5400000,0,476367,1,,,31424,筑波大学 - C3,1185974,FIRST_HALF,True,goalKickSucceeded passSucceeded passSucceededFrom2 passSucceededTo2 passSucceededFrom2To2 forwardPassSucceeded shortPassSucceeded,goalKickSucceeded passSucceeded forwardPassSucceeded shortPassSucceeded,0.55177,0.0460144,476369,,,0.607237,0.148649
115392093,118575,5400000,0,476369,30,,,31424,筑波大学 - C3,1187960,FIRST_HALF,True,passReceived passReceivedFrom2,passReceived,0.607237,0.148649,,,,,
115392094,118575,5400000,0,476369,30,,,31424,筑波大学 - C3,1189502,FIRST_HALF,True,passSucceeded passSucceededFrom5 passSucceededTo6 passSucceededFrom5To6 forwardPassSucceeded shortPassSucceeded,passSucceeded forwardPassSucceeded shortPassSucceeded,0.634179,0.181492,476373,,,0.681722,0.275915
115392095,118575,5400000,0,476373,39,,,31424,筑波大学 - C3,1191154,FIRST_HALF,True,passReceived passReceivedFrom6,passReceived,0.681722,0.275915,,,,,
115392098,118575,5400000,0,476373,39,,,31424,筑波大学 - C3,1193348,FIRST_HALF,True,passSucceeded passSucceededFrom9 passSucceededTo7 passSucceededFrom9To7 sidewaysPassSucceeded longPassSucceeded,passSucceeded sidewaysPassSucceeded longPassSucceeded,0.684892,0.341601,476370,,,0.176036,0.466915
115392099,118575,5400000,0,476370,14,,,31424,筑波大学 - C3,1195960,FIRST_HALF,True,passSucceeded passReceived passSucceededFrom7 passSucceededTo10 passSucceededFrom7To10 sidewaysPassSucceeded shortPassSucceeded,passSucceeded sidewaysPassSucceeded shortPassSucceeded passReceived,0.176036,0.466915,476375,,,0.0661978,0.504774
115392100,118575,5400000,0,476375,55,,,31424,筑波大学 - C3,1197720,FIRST_HALF,True,passReceived passReceivedFrom10,passReceived,0.0661978,0.504774,,,,,
115392101,118575,5400000,0,476375,55,,,31424,筑波大学 - C3,1199004,FIRST_HALF,True,passSucceeded passSucceededFrom7 passSucceededTo7 passSucceededFrom7To7 backwardPassSucceeded shortPassSucceeded,passSucceeded backwardPassSucceeded shortPassSucceeded,0.0716772,0.479375,476372,,,0.193344,0.388279
115392102,118575,5400000,0,476372,34,,,31424,筑波大学 - C3,1200120,FIRST_HALF,True,passReceived passReceivedFrom7,passReceived,0.193344,0.388279,,,,,
115392104,118575,5400000,0,476372,34,,,31424,筑波大学 - C3,1203123,FIRST_HALF,True,passSucceeded passSucceededFrom7 passSucceededTo4 passSucceededFrom7To4 backwardPassSucceeded mediumPassSucceeded,passSucceeded backwardPassSucceeded mediumPassSucceeded,0.18662,0.398188,476368,,,0.268934,0.246487
115392105,118575,5400000,0,476368,40,,,31424,筑波大学 - C3,1204800,FIRST_HALF,True,passReceived passReceivedFrom4,passReceived,0.268934,0.246487,,,,,
115392108,118575,5400000,0,476368,40,,,31424,筑波大学 - C3,1205674,FIRST_HALF,True,passSucceeded passSucceededFrom4 passSucceededTo7 passSucceededFrom4To7 forwardPassSucceeded mediumPassSucceeded,passSucceeded forwardPassSucceeded mediumPassSucceeded,0.26687,0.249863,476372,,,0.0390218,0.380579
115392109,118575,5400000,0,476372,34,,,31424,筑波大学 - C3,1207260,FIRST_HALF,True,passReceived passReceivedFrom7,passReceived,0.0390218,0.380579,,,,,
115392110,118575,5400000,0,476372,34,,,31424,筑波大学 - C3,1209555,FIRST_HALF,True,passSucceeded passSucceededFrom7 passSucceededTo5 passSucceededFrom7To5 sidewaysPassSucceeded longPassSucceeded,passSucceeded sidewaysPassSucceeded longPassSucceeded,0.0617619,0.368677,476369,,,0.614967,0.285796
115392111,118575,5400000,0,476369,30,,,31424,筑波大学 - C3,1212440,FIRST_HALF,True,passReceived passReceivedFrom5,passReceived,0.614967,0.285796,,,,,
115392112,118575,5400000,0,476369,30,,,31424,筑波大学 - C3,1215000,FIRST_HALF,True,passSucceeded passSucceededFrom9 passSucceededTo12 passSucceededFrom9To12 forwardPassSucceeded longPassSucceeded,passSucceeded forwardPassSucceeded longPassSucceeded,0.695638,0.368945,476374,,,0.913938,0.652791
115392113,118575,5400000,0,476374,2,,,31424,筑波大学 - C3,1217417,FIRST_HALF,True,passSucceeded passReceived passSucceededFrom12 passSucceededTo12 passSucceededFrom12To12 sidewaysPassSucceeded shortPassSucceeded,passSucceeded sidewaysPassSucceeded shortPassSucceeded passReceived,0.913938,0.652791,476376,,,0.850177,0.653367
115392114,118575,5400000,0,476376,19,,,31424,筑波大学 - C3,1218486,FIRST_HALF,True,passFailed passReceived passFailedFrom12 passFailedTo18 passFailedFrom12To18 forwardPassFailed longPassFailed,passFailed forwardPassFailed longPassFailed passReceived,0.850177,0.653367,,,,0.875066,0.987171
115396770,118575,5400000,0,476354,29,,,31425,筑波大学 サッカー同好会,1222480,FIRST_HALF,True,clearance,clearance,0.0986357,0.00396348,,,,,
115392115,118575,5400000,0,,,,,31424,筑波大学 - C3,1222480,FIRST_HALF,True,,,0.875066,0.987171,,,,,
115392116,118575,5400000,0,476371,5,,,31424,筑波大学 - C3,1239657,FIRST_HALF,True,throwIn passSucceeded passSucceededFrom18 passSucceededTo18 passSucceededFrom18To18 forwardPassSucceeded shortPassSucceeded,throwIn passSucceeded forwardPassSucceeded shortPassSucceeded,1.0,0.887615,476376,,,0.970153,0.993329
115392117,118575,5400000,0,476376,19,,,31424,筑波大学 - C3,1241200,FIRST_HALF,True,passReceived passReceivedFrom18,passReceived,0.970153,0.993329,,,,,
115392118,118575,5400000,0,476376,19,,,31424,筑波大学 - C3,1241880,FIRST_HALF,True,passSucceeded passSucceededFrom18 passSucceededTo18 passSucceededFrom18To18 backwardPassSucceeded shortPassSucceeded,passSucceeded backwardPassSucceeded shortPassSucceeded,0.979662,0.970749,476371,,,0.993925,0.929696
115392119,118575,5400000,0,476371,5,,,31424,筑波大学 - C3,1242532,FIRST_HALF,True,passReceived passReceivedFrom18,passReceived,0.993925,0.929696,,,,,
115392120,118575,5400000,0,476371,5,,,31424,筑波大学 - C3,1243189,FIRST_HALF,True,passSucceeded passSucceededFrom18 passSucceededTo18 passSucceededFrom18To18 forwardPassSucceeded shortPassSucceeded,passSucceeded forwardPassSucceeded shortPassSucceeded,0.981247,0.903011,476374,,,0.896688,0.942976
115392121,118575,5400000,0,476374,2,,,31424,筑波大学 - C3,1244480,FIRST_HALF,True,passReceived passReceivedFrom18,passReceived,0.896688,0.942976,,,,,
115392122,118575,5400000,0,476374,2,,,31424,筑波大学 - C3,1247240,FIRST_HALF,True,crossFailed,crossFailed,0.751453,0.997434,,,,0.73402,0.997434
115392123,118575,5400000,0,,,,,31424,筑波大学 - C3,1247360,FIRST_HALF,True,,,0.73402,0.997434,,,,,
115396775,118575,5400000,0,476359,16,,,31425,筑波大学 サッカー同好会,1247440,FIRST_HALF,True,block,block,0.245263,-0.00842774,,,,,
115392124,118575,5400000,0,476374,2,,,31424,筑波大学 - C3,1248160,FIRST_HALF,True,hit,hit,0.760961,0.999487,,,,,
115396778,118575,5400000,0,476352,12,,,31425,筑波大学 サッカー同好会,1272800,FIRST_HALF,True,goalKickSucceeded passSucceeded passSucceededFrom2 passSucceededTo7 passSucceededFrom2To7 forwardPassSucceeded longPassSucceeded,goalKickSucceeded passSucceeded forwardPassSucceeded longPassSucceeded,0.34317,0.0272316,476360,,,0.0775167,0.444346
115392125,118575,5400000,0,476371,5,,,31424,筑波大学 - C3,1275840,FIRST_HALF,True,aerialDuelFailed,duelFailed aerialDuelFailed,0.973323,0.545843,,,,,
115396779,118575,5400000,0,476360,18,,,31425,筑波大学 サッカー同好会,1275840,FIRST_HALF,True,aerialDuelSucceeded passFailed passReceived passFailedFrom7 passFailedTo10 passFailedFrom7To10 forwardPassFailed shortPassFailed,passFailed forwardPassFailed shortPassFailed duelSucceeded aerialDuelSucceeded passReceived,0.0775167,0.444346,,,,0.187184,0.514599
115392128,118575,5400000,0,476373,39,,,31424,筑波大学 - C3,1278000,FIRST_HALF,True,intercept passSucceeded passSucceededFrom9 passSucceededTo9 passSucceededFrom9To9 backwardPassSucceeded mediumPassSucceeded,passSucceeded backwardPassSucceeded mediumPassSucceeded intercept,0.826034,0.483633,476369,,,0.973323,0.346733
115396780,118575,5400000,0,,,,,31425,筑波大学 サッカー同好会,1278000,FIRST_HALF,True,,,0.187184,0.514599,,,,,
115392129,118575,5400000,0,476369,30,,,31424,筑波大学 - C3,1281100,FIRST_HALF,True,passReceived passReceivedFrom9,passReceived,0.973323,0.346733,,,,,
115392132,118575,5400000,0,476369,30,,,31424,筑波大学 - C3,1282800,FIRST_HALF,True,passSucceeded passSucceededFrom6 passSucceededTo2 passSucceededFrom6To2 backwardPassSucceeded mediumPassSucceeded,passSucceeded backwardPassSucceeded mediumPassSucceeded,0.966984,0.213308,476367,,,0.589805,0.0696203
115392133,118575,5400000,0,476367,1,,,31424,筑波大学 - C3,1285315,FIRST_HALF,True,passReceived passReceivedFrom2,passReceived,0.589805,0.0696203,,,,,
115392134,118575,5400000,0,476367,1,,,31424,筑波大学 - C3,1286840,FIRST_HALF,True,passSucceeded passSucceededFrom2 passSucceededTo6 passSucceededFrom2To6 forwardPassSucceeded longPassSucceeded,passSucceeded forwardPassSucceeded longPassSucceeded,0.653196,0.0501198,476371,,,0.966984,0.305679
115392135,118575,5400000,0,476371,5,,,31424,筑波大学 - C3,1289001,FIRST_HALF,True,passReceived passReceivedFrom6,passReceived,0.966984,0.305679,,,,,
115392136,118575,5400000,0,476371,5,,,31424,筑波大学 - C3,1290606,FIRST_HALF,True,passSucceeded passSucceededFrom6 passSucceededTo6 passSucceededFrom6To6 backwardPassSucceeded mediumPassSucceeded,passSucceeded backwardPassSucceeded mediumPassSucceeded,0.970153,0.315943,476372,,,0.770764,0.22107
115392137,118575,5400000,0,476372,34,,,31424,筑波大学 - C3,1292360,FIRST_HALF,True,passReceived passReceivedFrom6,passReceived,0.770764,0.22107,,,,,
115392138,118575,5400000,0,476372,34,,,31424,筑波大学 - C3,1294163,FIRST_HALF,True,passSucceeded passSucceededFrom6 passSucceededTo4 passSucceededFrom6To4 sidewaysPassSucceeded mediumPassSucceeded,passSucceeded sidewaysPassSucceeded mediumPassSucceeded,0.683718,0.195211,476368,,,0.316424,0.209368
115392139,118575,5400000,0,476368,40,,,31424,筑波大学 - C3,1296116,FIRST_HALF,True,passReceived passReceivedFrom4,passReceived,0.316424,0.209368,,,,,
115392140,118575,5400000,0,476368,40,,,31424,筑波大学 - C3,1297640,FIRST_HALF,True,passSucceeded passSucceededFrom4 passSucceededTo8 passSucceededFrom4To8 forwardPassSucceeded mediumPassSucceeded,passSucceeded forwardPassSucceeded mediumPassSucceeded,0.315673,0.265475,476375,,,0.372572,0.453438
115392141,118575,5400000,0,476375,55,,,31424,筑波大学 - C3,1299020,FIRST_HALF,True,passReceived passReceivedFrom8,passReceived,0.372572,0.453438,,,,,
115392142,118575,5400000,0,476375,55,,,31424,筑波大学 - C3,1301356,FIRST_HALF,True,passSucceeded passSucceededFrom10 passSucceededTo10 passSucceededFrom10To10 sidewaysPassSucceeded mediumPassSucceeded,passSucceeded sidewaysPassSucceeded mediumPassSucceeded,0.256298,0.504866,476370,,,0.0264623,0.501825
115392143,118575,5400000,0,476370,14,,,31424,筑波大学 - C3,1302760,FIRST_HALF,True,passReceived passReceivedFrom10,passReceived,0.0264623,0.501825,,,,,
115392146,118575,5400000,0,476370,14,,,31424,筑波大学 - C3,1304004,FIRST_HALF,True,passSucceeded passSucceededFrom7 passSucceededTo7 passSucceededFrom7To7 backwardPassSucceeded mediumPassSucceeded,passSucceeded backwardPassSucceeded mediumPassSucceeded,0.0586457,0.488428,476368,,,0.149891,0.353245
115392147,118575,5400000,0,476368,40,,,31424,筑波大学 - C3,1305600,FIRST_HALF,True,passReceived passReceivedFrom7,passReceived,0.149891,0.353245,,,,,
115392148,118575,5400000,0,476368,40,,,31424,筑波大学 - C3,1306483,FIRST_HALF,True,foulCommitted,foulCommitted,0.172451,0.349489,,,,,
115396801,118575,5400000,0,476361,10,,,31425,筑波大学 サッカー同好会,1306640,FIRST_HALF,True,foulConceded,foulConceded,0.814551,0.644836,,,,,
115392149,118575,5400000,0,476368,40,,,31424,筑波大学 - C3,1314126,FIRST_HALF,True,freeKick passSucceeded passSucceededFrom4 passSucceededTo5 passSucceededFrom4To5 backwardPassSucceeded mediumPassSucceeded,freeKick passSucceeded backwardPassSucceeded mediumPassSucceeded,0.235627,0.279972,476367,,,0.456683,0.193808
115392150,118575,5400000,0,476367,1,,,31424,筑波大学 - C3,1316035,FIRST_HALF,True,passReceived passReceivedFrom5,passReceived,0.456683,0.193808,,,,,
115392151,118575,5400000,0,476367,1,,,31424,筑波大学 - C3,1316615,FIRST_HALF,True,passSucceeded passSucceededFrom5 passSucceededTo5 passSucceededFrom5To5 forwardPassSucceeded shortPassSucceeded,passSucceeded forwardPassSucceeded shortPassSucceeded,0.453513,0.192781,476369,,,0.55177,0.270783
115392152,118575,5400000,0,476369,30,,,31424,筑波大学 - C3,1318080,FIRST_HALF,True,passReceived passReceivedFrom5,passReceived,0.55177,0.270783,,,,,
115392153,118575,5400000,0,476369,30,,,31424,筑波大学 - C3,1321160,FIRST_HALF,True,passSucceeded passSucceededFrom5 passSucceededTo8 passSucceededFrom5To8 forwardPassSucceeded shortPassSucceeded,passSucceeded forwardPassSucceeded shortPassSucceeded,0.575541,0.289258,476373,,,0.514886,0.361994
115392154,118575,5400000,0,476373,39,,,31424,筑波大学 - C3,1322200,FIRST_HALF,True,passSucceeded passReceived passSucceededFrom8 passSucceededTo8 passSucceededFrom8To8 forwardPassSucceeded shortPassSucceeded,passSucceeded forwardPassSucceeded shortPassSucceeded passReceived,0.514886,0.361994,476372,,,0.577126,0.436025
115392155,118575,5400000,0,476372,34,,,31424,筑波大学 - C3,1323200,FIRST_HALF,True,passReceived passReceivedFrom8,passReceived,0.577126,0.436025,,,,,
115392156,118575,5400000,0,476372,34,,,31424,筑波大学 - C3,1326722,FIRST_HALF,True,passSucceeded passSucceededFrom8 passSucceededTo5 passSucceededFrom8To5 backwardPassSucceeded shortPassSucceeded,passSucceeded backwardPassSucceeded shortPassSucceeded,0.466191,0.385734,476368,,,0.374274,0.311837
115396807,118575,5400000,0,476359,16,,,31425,筑波大学 サッカー同好会,1326800,FIRST_HALF,True,tackleFailed,tackleFailed,0.512209,0.599886,,,,,
115392157,118575,5400000,0,476368,40,,,31424,筑波大学 - C3,1328800,FIRST_HALF,True,passReceived passReceivedFrom5,passReceived,0.374274,0.311837,,,,,
115392161,118575,5400000,0,476368,40,,,31424,筑波大学 - C3,1331430,FIRST_HALF,True,passSucceeded passSucceededFrom5 passSucceededTo8 passSucceededFrom5To8 sidewaysPassSucceeded shortPassSucceeded,passSucceeded sidewaysPassSucceeded shortPassSucceeded,0.406863,0.295622,476373,,,0.551368,0.347426
115392162,118575,5400000,0,476373,39,,,31424,筑波大学 - C3,1332440,FIRST_HALF,True,passSucceeded passReceived passSucceededFrom8 passSucceededTo6 passSucceededFrom8To6 backwardPassSucceeded mediumPassSucceeded,passSucceeded backwardPassSucceeded mediumPassSucceeded passReceived,0.551368,0.347426,476369,,,0.749286,0.262817
115392163,118575,5400000,0,476369,30,,,31424,筑波大学 - C3,1334120,FIRST_HALF,True,passSucceeded passReceived passSucceededFrom6 passSucceededTo11 passSucceededFrom6To11 forwardPassSucceeded longPassSucceeded,passSucceeded forwardPassSucceeded longPassSucceeded passReceived,0.749286,0.262817,476376,,,0.590472,0.598581
115392164,118575,5400000,0,476376,19,,,31424,筑波大学 - C3,1335840,FIRST_HALF,True,passReceived passReceivedFrom11,passReceived,0.590472,0.598581,,,,,
115392167,118575,5400000,0,476376,19,,,31424,筑波大学 - C3,1339040,FIRST_HALF,True,passSucceeded passSucceededFrom11 passSucceededTo12 passSucceededFrom11To12 sidewaysPassSucceeded shortPassSucceeded,passSucceeded sidewaysPassSucceeded shortPassSucceeded,0.559938,0.626239,476373,,,0.703018,0.636243
115392168,118575,5400000,0,476373,39,,,31424,筑波大学 - C3,1340240,FIRST_HALF,True,passReceived passReceivedFrom12,passReceived,0.703018,0.636243,,,,,
115392169,118575,5400000,0,476373,39,,,31424,筑波大学 - C3,1341296,FIRST_HALF,True,passSucceeded passSucceededFrom15 passSucceededTo15 passSucceededFrom15To15 forwardPassSucceeded mediumPassSucceeded,passSucceeded forwardPassSucceeded mediumPassSucceeded,0.730688,0.684314,476374,,,0.987586,0.784981
115392170,118575,5400000,0,476374,2,,,31424,筑波大学 - C3,1343163,FIRST_HALF,True,passReceived passReceivedFrom15,passReceived,0.987586,0.784981,,,,,
115392171,118575,5400000,0,476374,2,,,31424,筑波大学 - C3,1345310,FIRST_HALF,True,passFailed passFailedFrom15 passFailedTo15 passFailedFrom15To15 sidewaysPassFailed mediumPassFailed,passFailed sidewaysPassFailed mediumPassFailed,0.987586,0.784981,,,,0.77047,0.83014
115392172,118575,5400000,0,,,,,31424,筑波大学 - C3,1346392,FIRST_HALF,True,,,0.77047,0.83014,,,,,
115396823,118575,5400000,0,476354,29,,,31425,筑波大学 サッカー同好会,1346698,FIRST_HALF,True,clearance,clearance,0.193495,0.14148,,,,,
115392178,118575,5400000,0,476369,30,,,31424,筑波大学 - C3,1349640,FIRST_HALF,True,possession,possession,0.776258,0.426658,,,,,
115392180,118575,5400000,0,476369,30,,,31424,筑波大学 - C3,1352720,FIRST_HALF,True,passSucceeded passSucceededFrom8 passSucceededTo5 passSucceededFrom8To5 backwardPassSucceeded shortPassSucceeded,passSucceeded backwardPassSucceeded shortPassSucceeded,0.585253,0.377859,476368,,,0.484073,0.301441
115392181,118575,5400000,0,476368,40,,,31424,筑波大学 - C3,1354200,FIRST_HALF,True,passReceived passReceivedFrom5,passReceived,0.484073,0.301441,,,,,
115392182,118575,5400000,0,476368,40,,,31424,筑波大学 - C3,1356280,FIRST_HALF,True,passSucceeded passSucceededFrom5 passSucceededTo9 passSucceededFrom5To9 sidewaysPassSucceeded mediumPassSucceeded,passSucceeded sidewaysPassSucceeded mediumPassSucceeded,0.495943,0.291972,476371,,,0.87941,0.350511
115392183,118575,5400000,0,476371,5,,,31424,筑波大学 - C3,1359142,FIRST_HALF,True,passReceived passReceivedFrom9,passReceived,0.87941,0.350511,,,,,
115392184,118575,5400000,0,476371,5,,,31424,筑波大学 - C3,1361570,FIRST_HALF,True,passSucceeded passSucceededFrom9 passSucceededTo9 passSucceededFrom9To9 forwardPassSucceeded shortPassSucceeded,passSucceeded forwardPassSucceeded shortPassSucceeded,0.888239,0.360038,476373,,,0.775223,0.434113
115392185,118575,5400000,0,476373,39,,,31424,筑波大学 - C3,1363119,FIRST_HALF,True,passReceived passReceivedFrom9,passReceived,0.775223,0.434113,,,,,
115392187,118575,5400000,0,476373,39,,,31424,筑波大学 - C3,1365172,FIRST_HALF,True,passSucceeded passSucceededFrom9 passSucceededTo8 passSucceededFrom9To8 sidewaysPassSucceeded shortPassSucceeded,passSucceeded sidewaysPassSucceeded shortPassSucceeded,0.698367,0.40655,476372,,,0.522627,0.381843
115392188,118575,5400000,0,476372,34,,,31424,筑波大学 - C3,1366480,FIRST_HALF,True,passReceived passReceivedFrom8,passReceived,0.522627,0.381843,,,,,
115392189,118575,5400000,0,476372,34,,,31424,筑波大学 - C3,1367188,FIRST_HALF,True,passSucceeded passSucceededFrom8 passSucceededTo7 passSucceededFrom8To7 sidewaysPassSucceeded longPassSucceeded,passSucceeded sidewaysPassSucceeded longPassSucceeded,0.51527,0.386318,476370,,,0.0884422,0.463772
115392190,118575,5400000,0,476370,14,,,31424,筑波大学 - C3,1369628,FIRST_HALF,True,passReceived passReceivedFrom7,passReceived,0.0884422,0.463772,,,,,
115392192,118575,5400000,0,476370,14,,,31424,筑波大学 - C3,1371400,FIRST_HALF,True,passSucceeded passSucceededFrom7 passSucceededTo4 passSucceededFrom7To4 backwardPassSucceeded mediumPassSucceeded,passSucceeded backwardPassSucceeded mediumPassSucceeded,0.0803862,0.406774,476368,,,0.184692,0.274964
115392193,118575,5400000,0,476368,40,,,31424,筑波大学 - C3,1372640,FIRST_HALF,True,passReceived passReceivedFrom4,passReceived,0.184692,0.274964,,,,,
115394852,118575,5400000,0,476368,40,,,31424,筑波大学 - C3,1381699,FIRST_HALF,True,passSucceeded passSucceededFrom5 passSucceededTo6 passSucceededFrom5To6 sidewaysPassSucceeded mediumPassSucceeded,passSucceeded sidewaysPassSucceeded mediumPassSucceeded,0.421298,0.262647,476369,,,0.70249,0.254848
115394853,118575,5400000,0,476369,30,,,31424,筑波大学 - C3,1383160,FIRST_HALF,True,passReceived passReceivedFrom6,passReceived,0.70249,0.254848,,,,,
115394859,118575,5400000,0,476369,30,,,31424,筑波大学 - C3,1383909,FIRST_HALF,True,passSucceeded passSucceededFrom6 passSucceededTo9 passSucceededFrom6To9 forwardPassSucceeded shortPassSucceeded,passSucceeded forwardPassSucceeded shortPassSucceeded,0.708684,0.25227,476373,,,0.775782,0.372072
115394860,118575,5400000,0,476373,39,,,31424,筑波大学 - C3,1384960,FIRST_HALF,True,passSucceeded passReceived passSucceededFrom9 passSucceededTo6 passSucceededFrom9To6 sidewaysPassSucceeded mediumPassSucceeded,passSucceeded sidewaysPassSucceeded mediumPassSucceeded passReceived,0.775782,0.372072,476371,,,0.986934,0.321401
115394861,118575,5400000,0,476371,5,,,31424,筑波大学 - C3,1386480,FIRST_HALF,True,passSucceeded passReceived passSucceededFrom6 passSucceededTo12 passSucceededFrom6To12 forwardPassSucceeded mediumPassSucceeded,passSucceeded forwardPassSucceeded mediumPassSucceeded passReceived,0.986934,0.321401,476374,,,0.979348,0.510447
115394863,118575,5400000,0,476374,2,,,31424,筑波大学 - C3,1387968,FIRST_HALF,True,passSucceeded passReceived passSucceededFrom12 passSucceededTo12 passSucceededFrom12To12 forwardPassSucceeded shortPassSucceeded,passSucceeded forwardPassSucceeded shortPassSucceeded passReceived,0.979348,0.510447,476377,,,0.950411,0.587283
115394865,118575,5400000,0,476377,24,,,31424,筑波大学 - C3,1390000,FIRST_HALF,True,passSucceeded passReceived passSucceededFrom12 passSucceededTo12 passSucceededFrom12To12 forwardPassSucceeded shortPassSucceeded,passSucceeded forwardPassSucceeded shortPassSucceeded passReceived,0.950411,0.587283,476374,,,0.959502,0.641214
115394866,118575,5400000,0,476374,2,,,31424,筑波大学 - C3,1391109,FIRST_HALF,True,dribbleToSpace passReceived passReceivedFrom12,dribbleToSpace passReceived,0.959502,0.641214,,,,,
115396839,118575,5400000,0,476353,47,,,31425,筑波大学 サッカー同好会,1394800,FIRST_HALF,True,cutoff,cutoff,0.042764,0.0960414,,,,,
115394873,118575,5400000,0,476371,5,,,31424,筑波大学 - C3,1407680,FIRST_HALF,True,throwIn passSucceeded passSucceededFrom18 passSucceededTo15 passSucceededFrom18To15 backwardPassSucceeded shortPassSucceeded,throwIn passSucceeded backwardPassSucceeded shortPassSucceeded,1.0,0.891124,476373,,,0.977547,0.789745
115394874,118575,5400000,0,476373,39,,,31424,筑波大学 - C3,1409880,FIRST_HALF,True,passReceived passReceivedFrom15,passReceived,0.977547,0.789745,,,,,
115394887,118575,5400000,0,476373,39,,,31424,筑波大学 - C3,1411574,FIRST_HALF,True,crossFailed,crossFailed,0.928236,0.774218,476376,,,0.56002,0.908178
115396845,118575,5400000,0,476355,31,,,31425,筑波大学 サッカー同好会,1413600,FIRST_HALF,True,aerialDuelSucceeded block,duelSucceeded aerialDuelSucceeded block,0.441472,0.0837102,,,,,
115394888,118575,5400000,0,476376,19,,,31424,筑波大学 - C3,1413600,FIRST_HALF,True,aerialDuelFailed,duelFailed aerialDuelFailed,0.56002,0.908178,,,,,
115396852,118575,5400000,0,476361,10,,,31425,筑波大学 サッカー同好会,1417680,FIRST_HALF,True,possession passSucceeded passSucceededFrom3 passSucceededTo5 passSucceededFrom3To5 forwardPassSucceeded shortPassSucceeded,passSucceeded forwardPassSucceeded shortPassSucceeded possession,0.75178,0.163199,476359,,,0.640363,0.271267
115396854,118575,5400000,0,476359,16,,,31425,筑波大学 サッカー同好会,1419240,FIRST_HALF,True,passSucceeded passReceived passSucceededFrom5 passSucceededTo3 passSucceededFrom5To3 backwardPassSucceeded mediumPassSucceeded,passSucceeded backwardPassSucceeded mediumPassSucceeded passReceived,0.640363,0.271267,476356,,,0.815531,0.149816
115396856,118575,5400000,0,476356,14,,,31425,筑波大学 サッカー同好会,1421480,FIRST_HALF,True,passReceived passReceivedFrom3,passReceived,0.815531,0.149816,,,,,
115396862,118575,5400000,0,476356,14,,,31425,筑波大学 サッカー同好会,1422560,FIRST_HALF,True,passSucceeded passSucceededFrom6 passSucceededTo5 passSucceededFrom6To5 forwardPassSucceeded mediumPassSucceeded,passSucceeded forwardPassSucceeded mediumPassSucceeded,0.832736,0.184366,476357,,,0.627327,0.261954
115396863,118575,5400000,0,476357,17,,,31425,筑波大学 サッカー同好会,1424240,FIRST_HALF,True,passSucceeded passReceived passSucceededFrom5 passSucceededTo5 passSucceededFrom5To5 backwardPassSucceeded shortPassSucceeded,passSucceeded backwardPassSucceeded shortPassSucceeded passReceived,0.627327,0.261954,476355,,,0.641739,0.172748
115396864,118575,5400000,0,476355,31,,,31425,筑波大学 サッカー同好会,1425720,FIRST_HALF,True,passReceived passReceivedFrom5,passReceived,0.641739,0.172748,,,,,
115396867,118575,5400000,0,476355,31,,,31425,筑波大学 サッカー同好会,1426400,FIRST_HALF,True,passSucceeded passSucceededFrom2 passSucceededTo1 passSucceededFrom2To1 sidewaysPassSucceeded mediumPassSucceeded,passSucceeded sidewaysPassSucceeded mediumPassSucceeded,0.627566,0.162932,476354,,,0.30093,0.135635
115396868,118575,5400000,0,476354,29,,,31425,筑波大学 サッカー同好会,1428280,FIRST_HALF,True,passSucceeded passReceived passSucceededFrom1 passSucceededTo5 passSucceededFrom1To5 forwardPassSucceeded shortPassSucceeded,passSucceeded forwardPassSucceeded shortPassSucceeded passReceived,0.30093,0.135635,476358,,,0.4018,0.21409
115396869,118575,5400000,0,476358,22,,,31425,筑波大学 サッカー同好会,1429760,FIRST_HALF,True,passReceived passReceivedFrom5,passReceived,0.4018,0.21409,,,,,
115396880,118575,5400000,0,476358,22,,,31425,筑波大学 サッカー同好会,1430880,FIRST_HALF,True,passSucceeded passSucceededFrom5 passSucceededTo1 passSucceededFrom5To1 backwardPassSucceeded mediumPassSucceeded,passSucceeded backwardPassSucceeded mediumPassSucceeded,0.40928,0.184948,476354,,,0.233761,0.098378
115396881,118575,5400000,0,476354,29,,,31425,筑波大学 サッカー同好会,1433429,FIRST_HALF,True,passSucceeded passReceived passSucceededFrom1 passSucceededTo5 passSucceededFrom1To5 forwardPassSucceeded mediumPassSucceeded,passSucceeded forwardPassSucceeded mediumPassSucceeded passReceived,0.233761,0.098378,476359,,,0.428942,0.275267
115396882,118575,5400000,0,476359,16,,,31425,筑波大学 サッカー同好会,1435280,FIRST_HALF,True,passSucceeded passReceived passSucceededFrom5 passSucceededTo4 passSucceededFrom5To4 sidewaysPassSucceeded shortPassSucceeded,passSucceeded sidewaysPassSucceeded shortPassSucceeded passReceived,0.428942,0.275267,476358,,,0.256112,0.281577
115396883,118575,5400000,0,476358,22,,,31425,筑波大学 サッカー同好会,1436640,FIRST_HALF,True,passSucceeded passReceived passSucceededFrom4 passSucceededTo7 passSucceededFrom4To7 forwardPassSucceeded shortPassSucceeded,passSucceeded forwardPassSucceeded shortPassSucceeded passReceived,0.256112,0.281577,476357,,,0.176242,0.39479
115396884,118575,5400000,0,476357,17,,,31425,筑波大学 サッカー同好会,1438840,FIRST_HALF,True,passReceived passReceivedFrom7,passReceived,0.176242,0.39479,,,,,
115394922,118575,5400000,0,476373,39,,,31424,筑波大学 - C3,1438920,FIRST_HALF,True,cutoff,cutoff,0.805336,0.595277,,,,,
115394926,118575,5400000,0,476374,2,,,31424,筑波大学 - C3,1440240,FIRST_HALF,True,possession,possession,0.831825,0.581225,,,,,
115396885,118575,5400000,0,476357,17,,,31425,筑波大学 サッカー同好会,1440760,FIRST_HALF,True,tackleFailed,tackleFailed,0.141827,0.417031,,,,,
115394935,118575,5400000,0,476374,2,,,31424,筑波大学 - C3,1446680,FIRST_HALF,True,passSucceeded passSucceededFrom12 passSucceededTo12 passSucceededFrom12To12 backwardPassSucceeded shortPassSucceeded,passSucceeded backwardPassSucceeded shortPassSucceeded,0.987731,0.626565,476373,,,0.872288,0.570817
115394937,118575,5400000,0,476373,39,,,31424,筑波大学 - C3,1447640,FIRST_HALF,True,passSucceeded passReceived passSucceededFrom12 passSucceededTo9 passSucceededFrom12To9 backwardPassSucceeded mediumPassSucceeded,passSucceeded backwardPassSucceeded mediumPassSucceeded passReceived,0.872288,0.570817,476371,,,0.976265,0.411495
115394938,118575,5400000,0,476371,5,,,31424,筑波大学 - C3,1449617,FIRST_HALF,True,passReceived passReceivedFrom9,passReceived,0.976265,0.411495,,,,,
115394939,118575,5400000,0,476371,5,,,31424,筑波大学 - C3,1452497,FIRST_HALF,True,passSucceeded passSucceededFrom9 passSucceededTo8 passSucceededFrom9To8 sidewaysPassSucceeded mediumPassSucceeded,passSucceeded sidewaysPassSucceeded mediumPassSucceeded,0.82741,0.429175,476369,,,0.555017,0.381531
115394940,118575,5400000,0,476369,30,,,31424,筑波大学 - C3,1454200,FIRST_HALF,True,passReceived passReceivedFrom8,passReceived,0.555017,0.381531,,,,,
115394949,118575,5400000,0,476369,30,,,31424,筑波大学 - C3,1455086,FIRST_HALF,True,passSucceeded passSucceededFrom8 passSucceededTo7 passSucceededFrom8To7 sidewaysPassSucceeded shortPassSucceeded,passSucceeded sidewaysPassSucceeded shortPassSucceeded,0.525348,0.408592,476368,,,0.310884,0.435709
115394950,118575,5400000,0,476368,40,,,31424,筑波大学 - C3,1456881,FIRST_HALF,True,passReceived passReceivedFrom7,passReceived,0.310884,0.435709,,,,,
115394952,118575,5400000,0,476368,40,,,31424,筑波大学 - C3,1458626,FIRST_HALF,True,passSucceeded passSucceededFrom7 passSucceededTo11 passSucceededFrom7To11 forwardPassSucceeded shortPassSucceeded,passSucceeded forwardPassSucceeded shortPassSucceeded,0.327397,0.466854,476372,,,0.463632,0.574391
115394953,118575,5400000,0,476372,34,,,31424,筑波大学 - C3,1459480,FIRST_HALF,True,passReceived passReceivedFrom11,passReceived,0.463632,0.574391,,,,,
115394963,118575,5400000,0,476372,34,,,31424,筑波大学 - C3,1460728,FIRST_HALF,True,passFailed passFailedFrom11 passFailedTo18 passFailedFrom11To18 forwardPassFailed longPassFailed,passFailed forwardPassFailed longPassFailed,0.487499,0.600395,476376,,,0.695232,0.876988
115394964,118575,5400000,0,476376,19,,,31424,筑波大学 - C3,1463480,FIRST_HALF,True,groundDuelFailed,duelFailed groundDuelFailed,0.695232,0.876988,,,,,
115396896,118575,5400000,0,476354,29,,,31425,筑波大学 サッカー同好会,1463600,FIRST_HALF,True,groundDuelSucceeded tackleSucceeded,duelSucceeded groundDuelSucceeded tackleSucceeded,0.283431,0.10413,,,,,
115396893,118575,5400000,0,476354,29,,,31425,筑波大学 サッカー同好会,1467600,FIRST_HALF,True,clearance,clearance,0.193394,-0.0177268,,,,,
115394965,118575,5400000,0,476374,2,,,31424,筑波大学 - C3,1469040,FIRST_HALF,True,possession,possession,0.947499,0.863597,,,,,
115394973,118575,5400000,0,476374,2,,,31424,筑波大学 - C3,1470646,FIRST_HALF,True,crossFailed,crossFailed,0.927888,0.898346,,,,0.276017,1.0
115396899,118575,5400000,0,476357,17,,,31425,筑波大学 サッカー同好会,1470760,FIRST_HALF,True,tackleFailed,tackleFailed,0.125949,0.10954,,,,,
115394974,118575,5400000,0,,,,,31424,筑波大学 - C3,1474577,FIRST_HALF,True,,,0.276017,1.0,,,,,
115396908,118575,5400000,0,476352,12,,,31425,筑波大学 サッカー同好会,1494200,FIRST_HALF,True,goalKickFailed passFailed passFailedFrom2 passFailedTo9 passFailedFrom2To9 forwardPassFailed longPassFailed,goalKickFailed passFailed forwardPassFailed longPassFailed,0.597172,0.0393332,476361,,,0.808203,0.48395
115396909,118575,5400000,0,476361,10,,,31425,筑波大学 サッカー同好会,1497360,FIRST_HALF,True,aerialDuelFailed,duelFailed aerialDuelFailed,0.808203,0.48395,,,,,
115394983,118575,5400000,0,476370,14,,,31424,筑波大学 - C3,1497480,FIRST_HALF,True,aerialDuelSucceeded block,duelSucceeded aerialDuelSucceeded block,0.190243,0.508444,,,,,
115396910,118575,5400000,0,476361,10,,,31425,筑波大学 サッカー同好会,1499800,FIRST_HALF,True,possession,possession,0.91763,0.472333,,,,,
115394987,118575,5400000,0,476375,55,,,31424,筑波大学 - C3,1500160,FIRST_HALF,True,foulConceded,foulConceded,0.0675984,0.530298,,,,,
115396913,118575,5400000,0,476361,10,,,31425,筑波大学 サッカー同好会,1500320,FIRST_HALF,True,foulCommitted,foulCommitted,0.954071,0.473255,,,,,
115396921,118575,5400000,0,476356,14,,,31425,筑波大学 サッカー同好会,1531840,FIRST_HALF,True,freeKick passFailed passFailedFrom9 passFailedTo17 passFailedFrom9To17 forwardPassFailed longPassFailed,freeKick passFailed forwardPassFailed longPassFailed,0.974806,0.48836,476362,,,0.498627,0.835843
115396922,118575,5400000,0,476362,9,,,31425,筑波大学 サッカー同好会,1534360,FIRST_HALF,True,aerialDuelFailed,duelFailed aerialDuelFailed,0.498627,0.835843,,,,,
115394996,118575,5400000,0,476369,30,,,31424,筑波大学 - C3,1534440,FIRST_HALF,True,aerialDuelSucceeded clearance,duelSucceeded aerialDuelSucceeded clearance,0.467776,0.182518,,,,,
115395011,118575,5400000,0,476373,39,,,31424,筑波大学 - C3,1536560,FIRST_HALF,True,possession passFailed passFailedFrom5 passFailedTo3 passFailedFrom5To3 sidewaysPassFailed mediumPassFailed,passFailed sidewaysPassFailed mediumPassFailed possession,0.658767,0.194929,476371,,,0.990218,0.153445
115396924,118575,5400000,0,476360,18,,,31425,筑波大学 サッカー同好会,1540000,FIRST_HALF,True,groundDuelSucceeded cutoff,duelSucceeded groundDuelSucceeded cutoff,0.0259026,0.844206,,,,,
115395012,118575,5400000,0,476371,5,,,31424,筑波大学 - C3,1540160,FIRST_HALF,True,groundDuelFailed,duelFailed groundDuelFailed,0.990218,0.153445,,,,,
115395013,118575,5400000,0,476371,5,,,31424,筑波大学 - C3,1544800,FIRST_HALF,True,throwIn passSucceeded passSucceededFrom3 passSucceededTo3 passSucceededFrom3To3 backwardPassSucceeded shortPassSucceeded,throwIn passSucceeded backwardPassSucceeded shortPassSucceeded,1.0,0.115806,476369,,,0.981247,0.0141978
115395014,118575,5400000,0,476369,30,,,31424,筑波大学 - C3,1546280,FIRST_HALF,True,passReceived passReceivedFrom3,passReceived,0.981247,0.0141978,,,,,
115395015,118575,5400000,0,476369,30,,,31424,筑波大学 - C3,1547429,FIRST_HALF,True,passFailed passFailedFrom3 passFailedTo6 passFailedFrom3To6 forwardPassFailed longPassFailed,passFailed forwardPassFailed longPassFailed,0.944797,0.0378037,476376,,,0.91347,0.329835
115396928,118575,5400000,0,476357,17,,,31425,筑波大学 サッカー同好会,1550000,FIRST_HALF,True,aerialDuelSucceeded clearance,duelSucceeded aerialDuelSucceeded clearance,0.0984114,0.652502,,,,,
115395016,118575,5400000,0,476376,19,,,31424,筑波大学 - C3,1550000,FIRST_HALF,True,aerialDuelFailed,duelFailed aerialDuelFailed,0.91347,0.329835,,,,,
115396930,118575,5400000,0,476358,22,,,31425,筑波大学 サッカー同好会,1551480,FIRST_HALF,True,possession,possession,0.196617,0.643943,,,,,
115396933,118575,5400000,0,476358,22,,,31425,筑波大学 サッカー同好会,1552360,FIRST_HALF,True,passSucceeded passSucceededFrom10 passSucceededTo13 passSucceededFrom10To13 forwardPassSucceeded mediumPassSucceeded,passSucceeded forwardPassSucceeded mediumPassSucceeded,0.203239,0.65556,476359,,,0.105622,0.799094
115396934,118575,5400000,0,476359,16,,,31425,筑波大学 サッカー同好会,1555320,FIRST_HALF,True,passSucceeded passReceived passSucceededFrom13 passSucceededTo16 passSucceededFrom13To16 forwardPassSucceeded shortPassSucceeded,passSucceeded forwardPassSucceeded shortPassSucceeded passReceived,0.105622,0.799094,476360,,,-0.00264654,0.871936
115396935,118575,5400000,0,476360,18,,,31425,筑波大学 サッカー同好会,1557000,FIRST_HALF,True,passReceived passReceivedFrom16,passReceived,-0.00264654,0.871936,,,,,
115396937,118575,5400000,0,476360,18,,,31425,筑波大学 サッカー同好会,1557840,FIRST_HALF,True,crossFailed,crossFailed,0.0427632,0.859482,,,,0.55708,1.0
115396939,118575,5400000,0,,,,,31425,筑波大学 サッカー同好会,1560320,FIRST_HALF,True,,,0.55708,1.0,,,,,
115395061,118575,5400000,0,476367,1,,,31424,筑波大学 - C3,1572160,FIRST_HALF,True,goalKickSucceeded passSucceeded passSucceededFrom2 passSucceededTo2 passSucceededFrom2To2 sidewaysPassSucceeded shortPassSucceeded,goalKickSucceeded passSucceeded sidewaysPassSucceeded shortPassSucceeded,0.592974,0.0203558,476368,,,0.394829,0.066018
115395062,118575,5400000,0,476368,40,,,31424,筑波大学 - C3,1574320,FIRST_HALF,True,passReceived passReceivedFrom2,passReceived,0.394829,0.066018,,,,,
115395065,118575,5400000,0,476368,40,,,31424,筑波大学 - C3,1575120,FIRST_HALF,True,passSucceeded passSucceededFrom2 passSucceededTo5 passSucceededFrom2To5 forwardPassSucceeded shortPassSucceeded,passSucceeded forwardPassSucceeded shortPassSucceeded,0.399434,0.0878455,476372,,,0.383447,0.210122
115395066,118575,5400000,0,476372,34,,,31424,筑波大学 - C3,1576440,FIRST_HALF,True,passReceived passReceivedFrom5,passReceived,0.383447,0.210122,,,,,
115395077,118575,5400000,0,476372,34,,,31424,筑波大学 - C3,1584438,FIRST_HALF,True,passSucceeded passSucceededFrom4 passSucceededTo6 passSucceededFrom4To6 sidewaysPassSucceeded mediumPassSucceeded,passSucceeded sidewaysPassSucceeded mediumPassSucceeded,0.301765,0.293037,476369,,,0.668877,0.264947
115395078,118575,5400000,0,476369,30,,,31424,筑波大学 - C3,1586640,FIRST_HALF,True,passReceived passReceivedFrom6,passReceived,0.668877,0.264947,,,,,
115395084,118575,5400000,0,476369,30,,,31424,筑波大学 - C3,1587692,FIRST_HALF,True,passFailed passFailedFrom6 passFailedTo12 passFailedFrom6To12 forwardPassFailed longPassFailed,passFailed forwardPassFailed longPassFailed,0.723183,0.27465,,,,0.777525,0.620087
115395085,118575,5400000,0,,,,,31424,筑波大学 - C3,1589167,FIRST_HALF,True,,,0.777525,0.620087,,,,,
115396943,118575,5400000,0,476353,47,,,31425,筑波大学 サッカー同好会,1589480,FIRST_HALF,True,intercept,intercept,0.218609,0.373293,,,,,
115396944,118575,5400000,0,476353,47,,,31425,筑波大学 サッカー同好会,1592880,FIRST_HALF,True,passSucceeded passSucceededFrom7 passSucceededTo7 passSucceededFrom7To7 forwardPassSucceeded shortPassSucceeded,passSucceeded forwardPassSucceeded shortPassSucceeded,0.108735,0.355939,476360,,,0.0495868,0.477036
115395092,118575,5400000,0,476377,24,,,31424,筑波大学 - C3,1592920,FIRST_HALF,True,tackleFailed,tackleFailed,0.903928,0.64778,,,,,
115396945,118575,5400000,0,476360,18,,,31425,筑波大学 サッカー同好会,1594880,FIRST_HALF,True,passReceived passReceivedFrom7,passReceived,0.0495868,0.477036,,,,,
115396954,118575,5400000,0,476360,18,,,31425,筑波大学 サッカー同好会,1596320,FIRST_HALF,True,passSucceeded passSucceededFrom7 passSucceededTo10 passSucceededFrom7To10 forwardPassSucceeded shortPassSucceeded,passSucceeded forwardPassSucceeded shortPassSucceeded,0.0865238,0.46345,476362,,,0.121364,0.534223
115396955,118575,5400000,0,476362,9,,,31425,筑波大学 サッカー同好会,1597320,FIRST_HALF,True,passSucceeded passReceived passSucceededFrom10 passSucceededTo10 passSucceededFrom10To10 forwardPassSucceeded shortPassSucceeded,passSucceeded forwardPassSucceeded shortPassSucceeded passReceived,0.121364,0.534223,476353,,,0.0174023,0.611112
115396956,118575,5400000,0,476353,47,,,31425,筑波大学 サッカー同好会,1599080,FIRST_HALF,True,passFailed passReceived passFailedFrom10 passFailedTo13 passFailedFrom10To13 forwardPassFailed mediumPassFailed,passFailed forwardPassFailed mediumPassFailed passReceived,0.0174023,0.611112,,,,0.178081,0.733609
115395108,118575,5400000,0,476368,40,,,31424,筑波大学 - C3,1600920,FIRST_HALF,True,intercept passSucceeded passSucceededFrom6 passSucceededTo9 passSucceededFrom6To9 forwardPassSucceeded mediumPassSucceeded,passSucceeded forwardPassSucceeded mediumPassSucceeded intercept,0.818537,0.270665,476377,,,0.790942,0.499523
115396958,118575,5400000,0,,,,,31425,筑波大学 サッカー同好会,1601000,FIRST_HALF,True,,,0.178081,0.733609,,,,,
115395110,118575,5400000,0,476377,24,,,31424,筑波大学 - C3,1602440,FIRST_HALF,True,passReceived passReceivedFrom9,passReceived,0.790942,0.499523,,,,,
115396964,118575,5400000,0,476358,22,,,31425,筑波大学 サッカー同好会,1603000,FIRST_HALF,True,tackleFailed,tackleFailed,0.196783,0.499586,,,,,
115396972,118575,5400000,0,476357,17,,,31425,筑波大学 サッカー同好会,1604320,FIRST_HALF,True,tackleSucceeded,tackleSucceeded,0.178645,0.549866,,,,,
115395120,118575,5400000,0,476376,19,,,31424,筑波大学 - C3,1606760,FIRST_HALF,True,foulConceded,foulConceded,0.782283,0.415943,,,,,
115396973,118575,5400000,0,476357,17,,,31425,筑波大学 サッカー同好会,1606960,FIRST_HALF,True,foulCommitted,foulCommitted,0.230347,0.583456,,,,,
115396988,118575,5400000,0,476358,22,,,31425,筑波大学 サッカー同好会,1627360,FIRST_HALF,True,freeKick passSucceeded passSucceededFrom10 passSucceededTo16 passSucceededFrom10To16 forwardPassSucceeded longPassSucceeded,freeKick passSucceeded forwardPassSucceeded longPassSucceeded,0.246646,0.594133,476362,,,0.29435,0.999689
115396989,118575,5400000,0,476362,9,,,31425,筑波大学 サッカー同好会,1630840,FIRST_HALF,True,crossFailed passReceived passReceivedFrom16 passReceivedTo17 passReceivedFrom16To17 sidewaysPassReceived shortPassReceived,crossFailed passReceived,0.29435,0.999689,,,,0.511771,0.976164
115396990,118575,5400000,0,,,,,31425,筑波大学 サッカー同好会,1632000,FIRST_HALF,True,,,0.511771,0.976164,,,,,
115395132,118575,5400000,0,476370,14,,,31424,筑波大学 - C3,1633560,FIRST_HALF,True,clearance,clearance,0.356081,0.0282352,,,,,
115396993,118575,5400000,0,476356,14,,,31425,筑波大学 サッカー同好会,1633760,FIRST_HALF,True,block,block,0.675911,0.967106,,,,,
115395135,118575,5400000,0,476367,1,,,31424,筑波大学 - C3,1643800,FIRST_HALF,True,goalKickSucceeded passSucceeded passSucceededFrom2 passSucceededTo1 passSucceededFrom2To1 sidewaysPassSucceeded mediumPassSucceeded,goalKickSucceeded passSucceeded sidewaysPassSucceeded mediumPassSucceeded,0.545431,0.0141978,476368,,,0.32673,0.0531988
115395136,118575,5400000,0,476368,40,,,31424,筑波大学 - C3,1645880,FIRST_HALF,True,passReceived passReceivedFrom1,passReceived,0.32673,0.0531988,,,,,
115395140,118575,5400000,0,476368,40,,,31424,筑波大学 - C3,1647720,FIRST_HALF,True,dribbleToSpace,dribbleToSpace,0.353342,0.0600247,,,,,
115395143,118575,5400000,0,476368,40,,,31424,筑波大学 - C3,1651587,FIRST_HALF,True,passSucceeded passSucceededFrom2 passSucceededTo4 passSucceededFrom2To4 forwardPassSucceeded mediumPassSucceeded,passSucceeded forwardPassSucceeded mediumPassSucceeded,0.377244,0.154874,476372,,,0.157546,0.257877
115395146,118575,5400000,0,476372,34,,,31424,筑波大学 - C3,1653414,FIRST_HALF,True,passReceived passReceivedFrom4,passReceived,0.157546,0.257877,,,,,
115395153,118575,5400000,0,476372,34,,,31424,筑波大学 - C3,1657904,FIRST_HALF,True,passSucceeded passSucceededFrom4 passSucceededTo2 passSucceededFrom4To2 backwardPassSucceeded mediumPassSucceeded,passSucceeded backwardPassSucceeded mediumPassSucceeded,0.247611,0.206103,476367,,,0.501057,0.0573042
115395154,118575,5400000,0,476367,1,,,31424,筑波大学 - C3,1659896,FIRST_HALF,True,passSucceeded passReceived passSucceededFrom2 passSucceededTo1 passSucceededFrom2To1 sidewaysPassSucceeded mediumPassSucceeded,passSucceeded sidewaysPassSucceeded mediumPassSucceeded passReceived,0.501057,0.0573042,476368,,,0.201532,0.10349
115395155,118575,5400000,0,476368,40,,,31424,筑波大学 - C3,1661571,FIRST_HALF,True,passReceived passReceivedFrom1,passReceived,0.201532,0.10349,,,,,
115395156,118575,5400000,0,476368,40,,,31424,筑波大学 - C3,1663120,FIRST_HALF,True,dribbleToSpace,dribbleToSpace,0.214753,0.113899,,,,,
115395164,118575,5400000,0,476368,40,,,31424,筑波大学 - C3,1667183,FIRST_HALF,True,passSucceeded passSucceededFrom4 passSucceededTo5 passSucceededFrom4To5 forwardPassSucceeded shortPassSucceeded,passSucceeded forwardPassSucceeded shortPassSucceeded,0.278701,0.226636,476372,,,0.373965,0.291032
115395165,118575,5400000,0,476372,34,,,31424,筑波大学 - C3,1668156,FIRST_HALF,True,passSucceeded passReceived passSucceededFrom5 passSucceededTo4 passSucceededFrom5To4 sidewaysPassSucceeded shortPassSucceeded,passSucceeded sidewaysPassSucceeded shortPassSucceeded passReceived,0.373965,0.291032,476368,,,0.215596,0.257295
115395166,118575,5400000,0,476368,40,,,31424,筑波大学 - C3,1669360,FIRST_HALF,True,passReceived passReceivedFrom4,passReceived,0.215596,0.257295,,,,,
115395169,118575,5400000,0,476368,40,,,31424,筑波大学 - C3,1669969,FIRST_HALF,True,passSucceeded passSucceededFrom4 passSucceededTo7 passSucceededFrom4To7 forwardPassSucceeded mediumPassSucceeded,passSucceeded forwardPassSucceeded mediumPassSucceeded,0.191147,0.270365,476370,,,0.0365446,0.393355
115395170,118575,5400000,0,476370,14,,,31424,筑波大学 - C3,1671400,FIRST_HALF,True,passReceived passReceivedFrom7,passReceived,0.0365446,0.393355,,,,,
115395174,118575,5400000,0,476370,14,,,31424,筑波大学 - C3,1672238,FIRST_HALF,True,passSucceeded passSucceededFrom7 passSucceededTo4 passSucceededFrom7To4 backwardPassSucceeded shortPassSucceeded,passSucceeded backwardPassSucceeded shortPassSucceeded,0.0483107,0.370618,476368,,,0.0819498,0.231785
115395175,118575,5400000,0,476368,40,,,31424,筑波大学 - C3,1673675,FIRST_HALF,True,passReceived passReceivedFrom4,passReceived,0.0819498,0.231785,,,,,
115395189,118575,5400000,0,476368,40,,,31424,筑波大学 - C3,1675280,FIRST_HALF,True,passSucceeded passSucceededFrom4 passSucceededTo5 passSucceededFrom4To5 sidewaysPassSucceeded mediumPassSucceeded,passSucceeded sidewaysPassSucceeded mediumPassSucceeded,0.16606,0.236587,476372,,,0.396682,0.321689
115395191,118575,5400000,0,476372,34,,,31424,筑波大学 - C3,1676480,FIRST_HALF,True,passFailed passReceived passFailedFrom5 passFailedTo8 passFailedFrom5To8 forwardPassFailed shortPassFailed,passFailed forwardPassFailed shortPassFailed passReceived,0.396682,0.321689,,,,0.361102,0.401659
115395192,118575,5400000,0,,,,,31424,筑波大学 - C3,1677440,FIRST_HALF,True,,,0.361102,0.401659,,,,,
115397035,118575,5400000,0,476358,22,,,31425,筑波大学 サッカー同好会,1677760,FIRST_HALF,True,attackRouteStart intercept,intercept,0.651134,0.596832,,,,,
115397028,118575,5400000,0,476358,22,,,31425,筑波大学 サッカー同好会,1678760,FIRST_HALF,True,passSucceeded passSucceededFrom11 passSucceededTo15 passSucceededFrom11To15 forwardPassSucceeded mediumPassSucceeded,passSucceeded forwardPassSucceeded mediumPassSucceeded,0.581272,0.605958,476357,,,0.722416,0.728177
115397029,118575,5400000,0,476357,17,,,31425,筑波大学 サッカー同好会,1681240,FIRST_HALF,True,passSucceeded keyPass passReceived passSucceededFrom15 passSucceededTo14 passSucceededFrom15To14 forwardPassSucceeded shortPassSucceeded keyPassFrom2To5,passSucceeded forwardPassSucceeded shortPassSucceeded keyPass passReceived,0.722416,0.728177,476362,,,0.583655,0.829538
115397030,118575,5400000,0,476362,9,,,31425,筑波大学 サッカー同好会,1682320,FIRST_HALF,True,passReceived passReceivedFrom14,passReceived,0.583655,0.829538,,,,,
115397022,118575,5400000,0,476362,9,,,31425,筑波大学 サッカー同好会,1683800,FIRST_HALF,True,shotBlocked footRight attackRouteEnd shotBlockedInPenaltyArea,shotBlocked,0.594554,0.85624,,,,,
115395195,118575,5400000,0,476369,30,,,31424,筑波大学 - C3,1683880,FIRST_HALF,True,block,block,0.386952,0.14557,,,,,
115395196,118575,5400000,0,476369,30,,,31424,筑波大学 - C3,1687880,FIRST_HALF,True,looseBallDuelSucceeded possession,duelSucceeded looseBallDuelSucceeded possession,0.169297,0.275126,,,,,
115397036,118575,5400000,0,476357,17,,,31425,筑波大学 サッカー同好会,1687880,FIRST_HALF,True,looseBallDuelFailed,duelFailed looseBallDuelFailed,0.816358,0.726068,,,,,
115395197,118575,5400000,0,476369,30,,,31424,筑波大学 - C3,1689136,FIRST_HALF,True,ballMissed,ballMissed,0.0810941,0.332844,,,,,
115397038,118575,5400000,0,476356,14,,,31425,筑波大学 サッカー同好会,1699819,FIRST_HALF,True,throwIn passSucceeded passSucceededFrom12 passSucceededTo9 passSucceededFrom12To9 backwardPassSucceeded mediumPassSucceeded,throwIn passSucceeded backwardPassSucceeded mediumPassSucceeded,1.02915,0.575065,476359,,,0.946042,0.414655
115397039,118575,5400000,0,476359,16,,,31425,筑波大学 サッカー同好会,1702680,FIRST_HALF,True,passReceived passReceivedFrom9,passReceived,0.946042,0.414655,,,,,
115397040,118575,5400000,0,476359,16,,,31425,筑波大学 サッカー同好会,1703688,FIRST_HALF,True,passSucceeded passSucceededFrom9 passSucceededTo8 passSucceededFrom9To8 sidewaysPassSucceeded mediumPassSucceeded,passSucceeded sidewaysPassSucceeded mediumPassSucceeded,0.906041,0.420581,476355,,,0.666418,0.347092
115397041,118575,5400000,0,476355,31,,,31425,筑波大学 サッカー同好会,1705160,FIRST_HALF,True,passReceived passReceivedFrom8,passReceived,0.666418,0.347092,,,,,
115397046,118575,5400000,0,476355,31,,,31425,筑波大学 サッカー同好会,1705878,FIRST_HALF,True,passSucceeded passSucceededFrom8 passSucceededTo7 passSucceededFrom8To7 sidewaysPassSucceeded mediumPassSucceeded,passSucceeded sidewaysPassSucceeded mediumPassSucceeded,0.633722,0.352362,476354,,,0.251454,0.385635
115397047,118575,5400000,0,476354,29,,,31425,筑波大学 サッカー同好会,1708440,FIRST_HALF,True,passReceived passReceivedFrom7,passReceived,0.251454,0.385635,,,,,
115397049,118575,5400000,0,476354,29,,,31425,筑波大学 サッカー同好会,1709440,FIRST_HALF,True,passFailed passFailedFrom7 passFailedTo13 passFailedFrom7To13 forwardPassFailed longPassFailed,passFailed forwardPassFailed longPassFailed,0.215963,0.402681,,,,0.0,0.683054
115397050,118575,5400000,0,,,,,31425,筑波大学 サッカー同好会,1711960,FIRST_HALF,True,,,0.0,0.683054,,,,,
115395213,118575,5400000,0,476371,5,,,31424,筑波大学 - C3,1716320,FIRST_HALF,True,throwIn passSucceeded passSucceededFrom9 passSucceededTo6 passSucceededFrom9To6 backwardPassSucceeded mediumPassSucceeded,throwIn passSucceeded backwardPassSucceeded mediumPassSucceeded,1.0,0.355702,476369,,,0.87982,0.211256
115395214,118575,5400000,0,476369,30,,,31424,筑波大学 - C3,1718880,FIRST_HALF,True,passReceived passReceivedFrom6,passReceived,0.87982,0.211256,,,,,
115395216,118575,5400000,0,476369,30,,,31424,筑波大学 - C3,1723577,FIRST_HALF,True,passSucceeded passSucceededFrom6 passSucceededTo2 passSucceededFrom6To2 backwardPassSucceeded mediumPassSucceeded,passSucceeded backwardPassSucceeded mediumPassSucceeded,0.808367,0.214433,476367,,,0.647751,0.0897926
115395217,118575,5400000,0,476367,1,,,31424,筑波大学 - C3,1725320,FIRST_HALF,True,passReceived passReceivedFrom2,passReceived,0.647751,0.0897926,,,,,
115395220,118575,5400000,0,476367,1,,,31424,筑波大学 - C3,1726507,FIRST_HALF,True,passSucceeded passSucceededFrom2 passSucceededTo4 passSucceededFrom2To4 forwardPassSucceeded mediumPassSucceeded,passSucceeded forwardPassSucceeded mediumPassSucceeded,0.610908,0.115395,476368,,,0.326685,0.230202
115395221,118575,5400000,0,476368,40,,,31424,筑波大学 - C3,1729075,FIRST_HALF,True,passReceived passReceivedFrom4,passReceived,0.326685,0.230202,,,,,
115395225,118575,5400000,0,476368,40,,,31424,筑波大学 - C3,1730840,FIRST_HALF,True,passSucceeded passSucceededFrom4 passSucceededTo8 passSucceededFrom4To8 forwardPassSucceeded shortPassSucceeded,passSucceeded forwardPassSucceeded shortPassSucceeded,0.314993,0.276216,476372,,,0.480934,0.34205
115395226,118575,5400000,0,476372,34,,,31424,筑波大学 - C3,1731920,FIRST_HALF,True,passReceived passReceivedFrom8,passReceived,0.480934,0.34205,,,,,
115395230,118575,5400000,0,476372,34,,,31424,筑波大学 - C3,1733269,FIRST_HALF,True,passFailed passFailedFrom8 passFailedTo14 passFailedFrom8To14 forwardPassFailed longPassFailed,passFailed forwardPassFailed longPassFailed,0.533316,0.354396,,,,0.59739,0.780187
115395231,118575,5400000,0,,,,,31424,筑波大学 - C3,1736745,FIRST_HALF,True,,,0.59739,0.780187,,,,,
115397061,118575,5400000,0,476353,47,,,31425,筑波大学 サッカー同好会,1737120,FIRST_HALF,True,clearance,clearance,0.396857,0.203732,,,,,
115395235,118575,5400000,0,476376,19,,,31424,筑波大学 - C3,1737800,FIRST_HALF,True,possession,possession,0.57341,0.755109,,,,,
115397064,118575,5400000,0,476353,47,,,31425,筑波大学 サッカー同好会,1738680,FIRST_HALF,True,tackleSucceeded,tackleSucceeded,0.468877,0.221227,,,,,
115395237,118575,5400000,0,476375,55,,,31424,筑波大学 - C3,1739760,FIRST_HALF,True,tackleFailed,tackleFailed,0.57341,0.755109,,,,,
115397081,118575,5400000,0,476353,47,,,31425,筑波大学 サッカー同好会,1739920,FIRST_HALF,True,passFailed passFailedFrom5 passFailedTo4 passFailedFrom5To4 sidewaysPassFailed shortPassFailed,passFailed sidewaysPassFailed shortPassFailed,0.438072,0.237156,,,,0.285546,0.290471
115397083,118575,5400000,0,476373,39,,,31424,筑波大学 - C3,1741000,FIRST_HALF,True,intercept,intercept,0.695937,0.709379,,,,,
115397082,118575,5400000,0,,,,,31425,筑波大学 サッカー同好会,1741040,FIRST_HALF,True,,,0.285546,0.290471,,,,,
115395245,118575,5400000,0,476373,39,,,31424,筑波大学 - C3,1742968,FIRST_HALF,True,passSucceeded passSucceededFrom15 passSucceededTo18 passSucceededFrom15To18 forwardPassSucceeded mediumPassSucceeded,passSucceeded forwardPassSucceeded mediumPassSucceeded,0.745295,0.732517,476374,,,0.930468,0.881096
115395246,118575,5400000,0,476374,2,,,31424,筑波大学 - C3,1744800,FIRST_HALF,True,passReceived passReceivedFrom18,passReceived,0.930468,0.881096,,,,,
115395249,118575,5400000,0,476374,2,,,31424,筑波大学 - C3,1746400,FIRST_HALF,True,passSucceeded passSucceededFrom15 passSucceededTo12 passSucceededFrom15To12 backwardPassSucceeded mediumPassSucceeded,passSucceeded backwardPassSucceeded mediumPassSucceeded,0.976492,0.812692,476371,,,0.9317,0.621597
115395250,118575,5400000,0,476371,5,,,31424,筑波大学 - C3,1748520,FIRST_HALF,True,passReceived passReceivedFrom12,passReceived,0.9317,0.621597,,,,,
115395255,118575,5400000,0,476371,5,,,31424,筑波大学 - C3,1749718,FIRST_HALF,True,crossFailed,crossFailed,0.949457,0.643915,476377,,,0.480454,0.870168
115395256,118575,5400000,0,476377,24,,,31424,筑波大学 - C3,1752080,FIRST_HALF,True,aerialDuelFailed,duelFailed aerialDuelFailed,0.480454,0.870168,,,,,
115397090,118575,5400000,0,476356,14,,,31425,筑波大学 サッカー同好会,1752120,FIRST_HALF,True,aerialDuelSucceeded clearance,duelSucceeded aerialDuelSucceeded clearance,0.493795,0.123119,,,,,
115395265,118575,5400000,0,476372,34,,,31424,筑波大学 - C3,1754880,FIRST_HALF,True,looseBallDuelSucceeded possession,duelSucceeded looseBallDuelSucceeded possession,0.555201,0.683909,,,,,
115397099,118575,5400000,0,476357,17,,,31425,筑波大学 サッカー同好会,1754880,FIRST_HALF,True,looseBallDuelFailed,duelFailed looseBallDuelFailed,0.442511,0.306381,,,,,
115395270,118575,5400000,0,476372,34,,,31424,筑波大学 - C3,1756680,FIRST_HALF,True,passFailed passFailedFrom14 passFailedTo14 passFailedFrom14To14 forwardPassFailed shortPassFailed,passFailed forwardPassFailed shortPassFailed,0.440562,0.752669,,,,0.40744,0.776106
115395271,118575,5400000,0,,,,,31424,筑波大学 - C3,1756779,FIRST_HALF,True,,,0.40744,0.776106,,,,,
115397101,118575,5400000,0,476356,14,,,31425,筑波大学 サッカー同好会,1756840,FIRST_HALF,True,block,block,0.579975,0.216387,,,,,
115397107,118575,5400000,0,476362,9,,,31425,筑波大学 サッカー同好会,1759040,FIRST_HALF,True,possession passSucceeded passSucceededFrom8 passSucceededTo5 passSucceededFrom8To5 sidewaysPassSucceeded shortPassSucceeded,passSucceeded sidewaysPassSucceeded shortPassSucceeded possession,0.564145,0.344374,476357,,,0.624526,0.322696
115397108,118575,5400000,0,476357,17,,,31425,筑波大学 サッカー同好会,1759640,FIRST_HALF,True,passReceived passReceivedFrom5,passReceived,0.624526,0.322696,,,,,
115397113,118575,5400000,0,476357,17,,,31425,筑波大学 サッカー同好会,1762244,FIRST_HALF,True,passSucceeded passSucceededFrom9 passSucceededTo9 passSucceededFrom9To9 sidewaysPassSucceeded mediumPassSucceeded,passSucceeded sidewaysPassSucceeded mediumPassSucceeded,0.743263,0.398121,476361,,,0.95322,0.473485
115397114,118575,5400000,0,476361,10,,,31425,筑波大学 サッカー同好会,1764181,FIRST_HALF,True,passReceived passReceivedFrom9,passReceived,0.95322,0.473485,,,,,
115397116,118575,5400000,0,476361,10,,,31425,筑波大学 サッカー同好会,1766800,FIRST_HALF,True,passSucceeded passSucceededFrom12 passSucceededTo9 passSucceededFrom12To9 backwardPassSucceeded shortPassSucceeded,passSucceeded backwardPassSucceeded shortPassSucceeded,0.896086,0.521617,476356,,,0.900991,0.456645
115397117,118575,5400000,0,476356,14,,,31425,筑波大学 サッカー同好会,1767800,FIRST_HALF,True,passReceived passReceivedFrom9,passReceived,0.900991,0.456645,,,,,
115397119,118575,5400000,0,476356,14,,,31425,筑波大学 サッカー同好会,1769054,FIRST_HALF,True,passSucceeded passSucceededFrom9 passSucceededTo12 passSucceededFrom9To12 forwardPassSucceeded shortPassSucceeded,passSucceeded forwardPassSucceeded shortPassSucceeded,0.896867,0.468479,476359,,,0.794226,0.507052
115397120,118575,5400000,0,476359,16,,,31425,筑波大学 サッカー同好会,1770680,FIRST_HALF,True,passSucceeded passReceived passSucceededFrom12 passSucceededTo9 passSucceededFrom12To9 backwardPassSucceeded shortPassSucceeded,passSucceeded backwardPassSucceeded shortPassSucceeded passReceived,0.794226,0.507052,476356,,,0.904314,0.401445
115397121,118575,5400000,0,476356,14,,,31425,筑波大学 サッカー同好会,1772320,FIRST_HALF,True,passSucceeded passReceived passSucceededFrom9 passSucceededTo6 passSucceededFrom9To6 backwardPassSucceeded mediumPassSucceeded,passSucceeded backwardPassSucceeded mediumPassSucceeded passReceived,0.904314,0.401445,476355,,,0.72521,0.297904
115397122,118575,5400000,0,476355,31,,,31425,筑波大学 サッカー同好会,1774360,FIRST_HALF,True,passReceived passReceivedFrom6,passReceived,0.72521,0.297904,,,,,
115397124,118575,5400000,0,476355,31,,,31425,筑波大学 サッカー同好会,1775450,FIRST_HALF,True,passSucceeded passSucceededFrom6 passSucceededTo4 passSucceededFrom6To4 sidewaysPassSucceeded mediumPassSucceeded,passSucceeded sidewaysPassSucceeded mediumPassSucceeded,0.70929,0.29348,476354,,,0.29572,0.269228
115397125,118575,5400000,0,476354,29,,,31425,筑波大学 サッカー同好会,1778160,FIRST_HALF,True,passReceived passReceivedFrom4,passReceived,0.29572,0.269228,,,,,
115397130,118575,5400000,0,476354,29,,,31425,筑波大学 サッカー同好会,1780731,FIRST_HALF,True,passSucceeded passSucceededFrom4 passSucceededTo5 passSucceededFrom4To5 sidewaysPassSucceeded mediumPassSucceeded,passSucceeded sidewaysPassSucceeded mediumPassSucceeded,0.286858,0.290142,476355,,,0.636168,0.318419
115397131,118575,5400000,0,476355,31,,,31425,筑波大学 サッカー同好会,1782640,FIRST_HALF,True,passReceived passReceivedFrom5,passReceived,0.636168,0.318419,,,,,
115397135,118575,5400000,0,476355,31,,,31425,筑波大学 サッカー同好会,1784160,FIRST_HALF,True,passFailed passFailedFrom6 passFailedTo12 passFailedFrom6To12 forwardPassFailed longPassFailed,passFailed forwardPassFailed longPassFailed,0.715048,0.323398,,,,1.0,0.575664
115397136,118575,5400000,0,,,,,31425,筑波大学 サッカー同好会,1786280,FIRST_HALF,True,,,1.0,0.575664,,,,,
115395420,118575,5400000,0,476370,14,,,31424,筑波大学 - C3,1796037,FIRST_HALF,True,throwIn passSucceeded passSucceededFrom7 passSucceededTo4 passSucceededFrom7To4 backwardPassSucceeded mediumPassSucceeded,throwIn passSucceeded backwardPassSucceeded mediumPassSucceeded,0.0,0.394799,476368,,,0.0730023,0.2408
115395421,118575,5400000,0,476368,40,,,31424,筑波大学 - C3,1798859,FIRST_HALF,True,passReceived passReceivedFrom4,passReceived,0.0730023,0.2408,,,,,
115395424,118575,5400000,0,476368,40,,,31424,筑波大学 - C3,1800584,FIRST_HALF,True,dribbleToSpace,dribbleToSpace,0.135944,0.227398,,,,,
115395426,118575,5400000,0,476368,40,,,31424,筑波大学 - C3,1803360,FIRST_HALF,True,passSucceeded passSucceededFrom4 passSucceededTo5 passSucceededFrom4To5 sidewaysPassSucceeded mediumPassSucceeded,passSucceeded sidewaysPassSucceeded mediumPassSucceeded,0.280199,0.243517,476369,,,0.590269,0.214679
115395427,118575,5400000,0,476369,30,,,31424,筑波大学 - C3,1805040,FIRST_HALF,True,passReceived passReceivedFrom5,passReceived,0.590269,0.214679,,,,,
115395428,118575,5400000,0,476369,30,,,31424,筑波大学 - C3,1806440,FIRST_HALF,True,passSucceeded passSucceededFrom5 passSucceededTo5 passSucceededFrom5To5 sidewaysPassSucceeded mediumPassSucceeded,passSucceeded sidewaysPassSucceeded mediumPassSucceeded,0.591218,0.213108,476368,,,0.370882,0.245368
115395429,118575,5400000,0,476368,40,,,31424,筑波大学 - C3,1807800,FIRST_HALF,True,passReceived passReceivedFrom5,passReceived,0.370882,0.245368,,,,,
115395433,118575,5400000,0,476368,40,,,31424,筑波大学 - C3,1810239,FIRST_HALF,True,passSucceeded passSucceededFrom5 passSucceededTo6 passSucceededFrom5To6 sidewaysPassSucceeded mediumPassSucceeded,passSucceeded sidewaysPassSucceeded mediumPassSucceeded,0.376955,0.254547,476369,,,0.695697,0.316114
115395434,118575,5400000,0,476369,30,,,31424,筑波大学 - C3,1812520,FIRST_HALF,True,passReceived passReceivedFrom6,passReceived,0.695697,0.316114,,,,,
115395492,118575,5400000,0,476369,30,,,31424,筑波大学 - C3,1814950,FIRST_HALF,True,passSucceeded passSucceededFrom9 passSucceededTo14 passSucceededFrom9To14 forwardPassSucceeded longPassSucceeded,passSucceeded forwardPassSucceeded longPassSucceeded,0.741677,0.409414,476373,,,0.611755,0.698729
115395493,118575,5400000,0,476373,39,,,31424,筑波大学 - C3,1818120,FIRST_HALF,True,foulCommitted assist passReceived passReceivedFrom14,assist foulCommitted passReceived,0.611755,0.698729,,,,,
115397152,118575,5400000,0,476355,31,,,31425,筑波大学 サッカー同好会,1818280,FIRST_HALF,True,foulConceded,foulConceded,0.378649,0.294627,,,,,
115395488,118575,5400000,0,476375,55,,,31424,筑波大学 - C3,1865640,FIRST_HALF,True,attackRouteStart freeKick goal footRight attackRouteEnd goalOutOfPenaltyArea,goal freeKick,0.609683,0.725394,,,,,
115397163,118575,5400000,0,476352,12,,,31425,筑波大学 サッカー同好会,1867600,FIRST_HALF,True,goalAgainst,goalAgainst,0.523386,0.00154462,,,,,
115397174,118575,5400000,0,476362,9,,,31425,筑波大学 サッカー同好会,1909920,FIRST_HALF,True,passSucceeded passSucceededFrom11 passSucceededTo8 passSucceededFrom11To8 backwardPassSucceeded shortPassSucceeded,passSucceeded backwardPassSucceeded shortPassSucceeded,0.464975,0.501964,476359,,,0.470276,0.375708
115397175,118575,5400000,0,476359,16,,,31425,筑波大学 サッカー同好会,1911480,FIRST_HALF,True,passReceived passReceivedFrom8,passReceived,0.470276,0.375708,,,,,
115397177,118575,5400000,0,476359,16,,,31425,筑波大学 サッカー同好会,1913240,FIRST_HALF,True,passSucceeded passSucceededFrom8 passSucceededTo8 passSucceededFrom8To8 sidewaysPassSucceeded shortPassSucceeded,passSucceeded sidewaysPassSucceeded shortPassSucceeded,0.454666,0.404319,476358,,,0.336146,0.374132
115397178,118575,5400000,0,476358,22,,,31425,筑波大学 サッカー同好会,1914080,FIRST_HALF,True,passReceived passReceivedFrom8,passReceived,0.336146,0.374132,,,,,
115397181,118575,5400000,0,476358,22,,,31425,筑波大学 サッカー同好会,1916120,FIRST_HALF,True,passSucceeded passSucceededFrom8 passSucceededTo4 passSucceededFrom8To4 sidewaysPassSucceeded shortPassSucceeded,passSucceeded sidewaysPassSucceeded shortPassSucceeded,0.357384,0.356032,476354,,,0.183974,0.324919
115397182,118575,5400000,0,476354,29,,,31425,筑波大学 サッカー同好会,1917680,FIRST_HALF,True,passReceived passReceivedFrom4,passReceived,0.183974,0.324919,,,,,
115397193,118575,5400000,0,476354,29,,,31425,筑波大学 サッカー同好会,1919520,FIRST_HALF,True,passSucceeded passSucceededFrom7 passSucceededTo13 passSucceededFrom7To13 forwardPassSucceeded longPassSucceeded,passSucceeded forwardPassSucceeded longPassSucceeded,0.117416,0.354404,476360,,,-0.0428808,0.690427
115397194,118575,5400000,0,476360,18,,,31425,筑波大学 サッカー同好会,1921440,FIRST_HALF,True,passFailed passReceived passFailedFrom13 passFailedTo13 passFailedFrom13To13 forwardPassFailed shortPassFailed,passFailed forwardPassFailed shortPassFailed passReceived,-0.0428808,0.690427,,,,0.065818,0.810528
115397195,118575,5400000,0,,,,,31425,筑波大学 サッカー同好会,1924000,FIRST_HALF,True,,,0.065818,0.810528,,,,,
115395509,118575,5400000,0,476371,5,,,31424,筑波大学 - C3,1924018,FIRST_HALF,True,intercept,intercept,0.992796,0.175221,,,,,
115395514,118575,5400000,0,476371,5,,,31424,筑波大学 - C3,1928196,FIRST_HALF,True,passSucceeded passSucceededFrom3 passSucceededTo3 passSucceededFrom3To3 backwardPassSucceeded shortPassSucceeded,passSucceeded backwardPassSucceeded shortPassSucceeded,0.986001,0.071673,476369,,,0.854464,0.00393436
115395515,118575,5400000,0,476369,30,,,31424,筑波大学 - C3,1929480,FIRST_HALF,True,passReceived passReceivedFrom3,passReceived,0.854464,0.00393436,,,,,
115395521,118575,5400000,0,476369,30,,,31424,筑波大学 - C3,1931627,FIRST_HALF,True,passFailed passFailedFrom3 passFailedTo9 passFailedFrom3To9 forwardPassFailed longPassFailed,passFailed forwardPassFailed longPassFailed,0.867142,0.0367773,476377,,,0.90107,0.446988
115397201,118575,5400000,0,476354,29,,,31425,筑波大学 サッカー同好会,1934520,FIRST_HALF,True,aerialDuelSucceeded clearance,duelSucceeded aerialDuelSucceeded clearance,0.114817,0.545914,,,,,
115395522,118575,5400000,0,476377,24,,,31424,筑波大学 - C3,1934520,FIRST_HALF,True,aerialDuelFailed,duelFailed aerialDuelFailed,0.90107,0.446988,,,,,
115395527,118575,5400000,0,476372,34,,,31424,筑波大学 - C3,1937480,FIRST_HALF,True,possession,possession,0.801054,0.297512,,,,,
115395534,118575,5400000,0,476372,34,,,31424,筑波大学 - C3,1938734,FIRST_HALF,True,passSucceeded passSucceededFrom6 passSucceededTo5 passSucceededFrom6To5 backwardPassSucceeded mediumPassSucceeded,passSucceeded backwardPassSucceeded mediumPassSucceeded,0.802268,0.284472,476368,,,0.551893,0.19067
115395535,118575,5400000,0,476368,40,,,31424,筑波大学 - C3,1940872,FIRST_HALF,True,passReceived passReceivedFrom5,passReceived,0.551893,0.19067,,,,,
115395541,118575,5400000,0,476368,40,,,31424,筑波大学 - C3,1941480,FIRST_HALF,True,passSucceeded passSucceededFrom5 passSucceededTo2 passSucceededFrom5To2 backwardPassSucceeded shortPassSucceeded,passSucceeded backwardPassSucceeded shortPassSucceeded,0.488378,0.192781,476367,,,0.523244,0.0634622
115395542,118575,5400000,0,476367,1,,,31424,筑波大学 - C3,1943404,FIRST_HALF,True,passReceived passReceivedFrom2,passReceived,0.523244,0.0634622,,,,,
115395554,118575,5400000,0,476367,1,,,31424,筑波大学 - C3,1944283,FIRST_HALF,True,passSucceeded passSucceededFrom2 passSucceededTo5 passSucceededFrom2To5 forwardPassSucceeded shortPassSucceeded,passSucceeded forwardPassSucceeded shortPassSucceeded,0.524828,0.0624359,476373,,,0.486793,0.200992
115395555,118575,5400000,0,476373,39,,,31424,筑波大学 - C3,1945571,FIRST_HALF,True,passSucceeded passReceived passSucceededFrom5 passSucceededTo4 passSucceededFrom5To4 sidewaysPassSucceeded mediumPassSucceeded,passSucceeded sidewaysPassSucceeded mediumPassSucceeded passReceived,0.486793,0.200992,476368,,,0.167286,0.172706
115395556,118575,5400000,0,476368,40,,,31424,筑波大学 - C3,1947955,FIRST_HALF,True,dribbleToSpace passReceived passReceivedFrom4,dribbleToSpace passReceived,0.167286,0.172706,,,,,
115395557,118575,5400000,0,476368,40,,,31424,筑波大学 - C3,1952439,FIRST_HALF,True,passSucceeded passSucceededFrom4 passSucceededTo7 passSucceededFrom4To7 forwardPassSucceeded mediumPassSucceeded,passSucceeded forwardPassSucceeded mediumPassSucceeded,0.217036,0.294101,476376,,,0.0549679,0.461526
115395558,118575,5400000,0,476376,19,,,31424,筑波大学 - C3,1954450,FIRST_HALF,True,passReceived passReceivedFrom7,passReceived,0.0549679,0.461526,,,,,
115395563,118575,5400000,0,476376,19,,,31424,筑波大学 - C3,1956291,FIRST_HALF,True,passSucceeded passSucceededFrom7 passSucceededTo7 passSucceededFrom7To7 backwardPassSucceeded mediumPassSucceeded,passSucceeded backwardPassSucceeded mediumPassSucceeded,0.0625224,0.473396,476373,,,0.259633,0.3516
115395564,118575,5400000,0,476373,39,,,31424,筑波大学 - C3,1957960,FIRST_HALF,True,passReceived passReceivedFrom7,passReceived,0.259633,0.3516,,,,,
115395568,118575,5400000,0,476373,39,,,31424,筑波大学 - C3,1960200,FIRST_HALF,True,passSucceeded passSucceededFrom7 passSucceededTo8 passSucceededFrom7To8 sidewaysPassSucceeded shortPassSucceeded,passSucceeded sidewaysPassSucceeded shortPassSucceeded,0.276319,0.400129,476372,,,0.448235,0.421629
115395569,118575,5400000,0,476372,34,,,31424,筑波大学 - C3,1961320,FIRST_HALF,True,passReceived passReceivedFrom8,passReceived,0.448235,0.421629,,,,,
115395583,118575,5400000,0,476372,34,,,31424,筑波大学 - C3,1962800,FIRST_HALF,True,passFailed passFailedFrom8 passFailedTo18 passFailedFrom8To18 forwardPassFailed longPassFailed,passFailed forwardPassFailed longPassFailed,0.51992,0.426536,476374,,,0.72143,0.894799
115397233,118575,5400000,0,476353,47,,,31425,筑波大学 サッカー同好会,1967040,FIRST_HALF,True,groundDuelSucceeded tackleSucceeded,duelSucceeded groundDuelSucceeded tackleSucceeded,0.278233,0.0966212,,,,,
115395584,118575,5400000,0,476374,2,,,31424,筑波大学 - C3,1967080,FIRST_HALF,True,groundDuelFailed,duelFailed groundDuelFailed,0.72143,0.894799,,,,,
115397237,118575,5400000,0,476353,47,,,31425,筑波大学 サッカー同好会,1968640,FIRST_HALF,True,clearance,clearance,0.232047,0.00307588,,,,,
115395604,118575,5400000,0,476371,5,,,31424,筑波大学 - C3,1980200,FIRST_HALF,True,throwIn passSucceeded passSucceededFrom18 passSucceededTo18 passSucceededFrom18To18 forwardPassSucceeded mediumPassSucceeded,throwIn passSucceeded forwardPassSucceeded mediumPassSucceeded,1.0,0.855799,476377,,,0.832143,0.951755
115397246,118575,5400000,0,476354,29,,,31425,筑波大学 サッカー同好会,1982720,FIRST_HALF,True,aerialDuelFailed,duelFailed aerialDuelFailed,0.160655,0.0413866,,,,,
115395605,118575,5400000,0,476377,24,,,31424,筑波大学 - C3,1982760,FIRST_HALF,True,aerialDuelSucceeded passSucceeded passReceived passSucceededFrom18 passSucceededTo18 passSucceededFrom18To18 sidewaysPassSucceeded shortPassSucceeded,passSucceeded sidewaysPassSucceeded shortPassSucceeded duelSucceeded aerialDuelSucceeded passReceived,0.832143,0.951755,476374,,,0.964395,0.9419
115395606,118575,5400000,0,476374,2,,,31424,筑波大学 - C3,1983840,FIRST_HALF,True,passReceived passReceivedFrom18,passReceived,0.964395,0.9419,,,,,
115395616,118575,5400000,0,476374,2,,,31424,筑波大学 - C3,1986144,FIRST_HALF,True,passFailed passFailedFrom18 passFailedTo18 passFailedFrom18To18 backwardPassFailed shortPassFailed,passFailed backwardPassFailed shortPassFailed,0.986001,0.957407,,,,1.0,0.899932
115395617,118575,5400000,0,,,,,31424,筑波大学 - C3,1986883,FIRST_HALF,True,,,1.0,0.899932,,,,,
115397260,118575,5400000,0,476353,47,,,31425,筑波大学 サッカー同好会,2000760,FIRST_HALF,True,throwIn passSucceeded passSucceededFrom1 passSucceededTo4 passSucceededFrom1To4 forwardPassSucceeded shortPassSucceeded,throwIn passSucceeded forwardPassSucceeded shortPassSucceeded,-0.0298969,0.100461,476359,,,0.0581048,0.202822
115397261,118575,5400000,0,476359,16,,,31425,筑波大学 サッカー同好会,2001800,FIRST_HALF,True,passFailed passReceived passFailedFrom4 passFailedTo7 passFailedFrom4To7 forwardPassFailed mediumPassFailed,passFailed forwardPassFailed mediumPassFailed passReceived,0.0581048,0.202822,476362,,,0.0220616,0.355809
115395628,118575,5400000,0,476369,30,,,31424,筑波大学 - C3,2003875,FIRST_HALF,True,groundDuelSucceeded tackleSucceeded,duelSucceeded groundDuelSucceeded tackleSucceeded,0.989171,0.640267,,,,,
115397262,118575,5400000,0,476362,9,,,31425,筑波大学 サッカー同好会,2004200,FIRST_HALF,True,groundDuelFailed,duelFailed groundDuelFailed,0.0220616,0.355809,,,,,
115395631,118575,5400000,0,476369,30,,,31424,筑波大学 - C3,2006958,FIRST_HALF,True,passSucceeded passSucceededFrom12 passSucceededTo6 passSucceededFrom12To6 backwardPassSucceeded mediumPassSucceeded,passSucceeded backwardPassSucceeded mediumPassSucceeded,0.966591,0.529292,476368,,,0.710413,0.321826
115395632,118575,5400000,0,476368,40,,,31424,筑波大学 - C3,2009600,FIRST_HALF,True,dribbleToSpace passReceived passReceivedFrom6,dribbleToSpace passReceived,0.710413,0.321826,,,,,
115395636,118575,5400000,0,476368,40,,,31424,筑波大学 - C3,2015640,FIRST_HALF,True,passSucceeded passSucceededFrom8 passSucceededTo10 passSucceededFrom8To10 sidewaysPassSucceeded mediumPassSucceeded,passSucceeded sidewaysPassSucceeded mediumPassSucceeded,0.509317,0.480265,476373,,,0.241571,0.527419
115395637,118575,5400000,0,476373,39,,,31424,筑波大学 - C3,2017440,FIRST_HALF,True,passReceived passReceivedFrom10,passReceived,0.241571,0.527419,,,,,
115395641,118575,5400000,0,476373,39,,,31424,筑波大学 - C3,2020210,FIRST_HALF,True,passSucceeded passSucceededFrom8 passSucceededTo8 passSucceededFrom8To8 sidewaysPassSucceeded mediumPassSucceeded,passSucceeded sidewaysPassSucceeded mediumPassSucceeded,0.344959,0.495401,476369,,,0.616681,0.402455
115395642,118575,5400000,0,476369,30,,,31424,筑波大学 - C3,2022120,FIRST_HALF,True,passReceived passReceivedFrom8,passReceived,0.616681,0.402455,,,,,
115395645,118575,5400000,0,476369,30,,,31424,筑波大学 - C3,2023734,FIRST_HALF,True,passSucceeded passSucceededFrom8 passSucceededTo8 passSucceededFrom8To8 sidewaysPassSucceeded mediumPassSucceeded,passSucceeded sidewaysPassSucceeded mediumPassSucceeded,0.640251,0.409465,476368,,,0.385942,0.410118
115395646,118575,5400000,0,476368,40,,,31424,筑波大学 - C3,2025529,FIRST_HALF,True,passReceived passReceivedFrom8,passReceived,0.385942,0.410118,,,,,
115395650,118575,5400000,0,476368,40,,,31424,筑波大学 - C3,2026977,FIRST_HALF,True,passSucceeded passSucceededFrom8 passSucceededTo10 passSucceededFrom8To10 forwardPassSucceeded mediumPassSucceeded,passSucceeded forwardPassSucceeded mediumPassSucceeded,0.37317,0.433144,476373,,,0.0651676,0.56671
115395651,118575,5400000,0,476373,39,,,31424,筑波大学 - C3,2029280,FIRST_HALF,True,passReceived passReceivedFrom10,passReceived,0.0651676,0.56671,,,,,
115395661,118575,5400000,0,476373,39,,,31424,筑波大学 - C3,2030160,FIRST_HALF,True,passSucceeded passSucceededFrom10 passSucceededTo13 passSucceededFrom10To13 forwardPassSucceeded mediumPassSucceeded,passSucceeded forwardPassSucceeded mediumPassSucceeded,0.0592061,0.5855,476377,,,0.224573,0.790021
115395662,118575,5400000,0,476377,24,,,31424,筑波大学 - C3,2032200,FIRST_HALF,True,groundDuelSucceeded passReceived passReceivedFrom13,duelSucceeded groundDuelSucceeded passReceived,0.224573,0.790021,,,,,
115397287,118575,5400000,0,476355,31,,,31425,筑波大学 サッカー同好会,2032400,FIRST_HALF,True,groundDuelFailed,duelFailed groundDuelFailed,0.788372,0.200838,,,,,
115397292,118575,5400000,0,476356,14,,,31425,筑波大学 サッカー同好会,2033400,FIRST_HALF,True,cutoff,cutoff,0.880081,0.203564,,,,,
115395668,118575,5400000,0,476377,24,,,31424,筑波大学 - C3,2033760,FIRST_HALF,True,hit,hit,0.117732,0.801469,,,,,
115397304,118575,5400000,0,476356,14,,,31425,筑波大学 サッカー同好会,2048400,FIRST_HALF,True,throwIn passSucceeded passSucceededFrom6 passSucceededTo6 passSucceededFrom6To6 forwardPassSucceeded shortPassSucceeded,throwIn passSucceeded forwardPassSucceeded shortPassSucceeded,1.00774,0.259317,476357,,,0.898814,0.310604
115395672,118575,5400000,0,476373,39,,,31424,筑波大学 - C3,2049760,FIRST_HALF,True,groundDuelFailed,duelFailed groundDuelFailed,0.102883,0.680939,,,,,
115397305,118575,5400000,0,476357,17,,,31425,筑波大学 サッカー同好会,2049840,FIRST_HALF,True,groundDuelSucceeded passSucceeded passReceived passSucceededFrom6 passSucceededTo6 passSucceededFrom6To6 sidewaysPassSucceeded shortPassSucceeded,passSucceeded sidewaysPassSucceeded shortPassSucceeded duelSucceeded groundDuelSucceeded passReceived,0.898814,0.310604,476356,,,0.993914,0.303645
115397306,118575,5400000,0,476356,14,,,31425,筑波大学 サッカー同好会,2051120,FIRST_HALF,True,passFailed passReceived passFailedFrom6 passFailedTo12 passFailedFrom6To12 forwardPassFailed longPassFailed,passFailed forwardPassFailed longPassFailed passReceived,0.993914,0.303645,,,,0.685396,0.591774
115397307,118575,5400000,0,,,,,31425,筑波大学 サッカー同好会,2054080,FIRST_HALF,True,,,0.685396,0.591774,,,,,
115395678,118575,5400000,0,476369,30,,,31424,筑波大学 - C3,2054120,FIRST_HALF,True,possession,possession,0.325541,0.407072,,,,,
115395690,118575,5400000,0,476369,30,,,31424,筑波大学 - C3,2056000,FIRST_HALF,True,passSucceeded passSucceededFrom8 passSucceededTo11 passSucceededFrom8To11 forwardPassSucceeded shortPassSucceeded,passSucceeded forwardPassSucceeded shortPassSucceeded,0.367236,0.400209,476372,,,0.43733,0.510939
115395691,118575,5400000,0,476372,34,,,31424,筑波大学 - C3,2056960,FIRST_HALF,True,passReceived passReceivedFrom11,passReceived,0.43733,0.510939,,,,,
115395692,118575,5400000,0,476372,34,,,31424,筑波大学 - C3,2062000,FIRST_HALF,True,passSucceeded passSucceededFrom11 passSucceededTo12 passSucceededFrom11To12 sidewaysPassSucceeded mediumPassSucceeded,passSucceeded sidewaysPassSucceeded mediumPassSucceeded,0.560411,0.582273,476371,,,0.907685,0.543442
115395694,118575,5400000,0,476371,5,,,31424,筑波大学 - C3,2065343,FIRST_HALF,True,passReceived passReceivedFrom12,passReceived,0.907685,0.543442,,,,,
115395697,118575,5400000,0,476371,5,,,31424,筑波大学 - C3,2067600,FIRST_HALF,True,passSucceeded passSucceededFrom12 passSucceededTo12 passSucceededFrom12To12 sidewaysPassSucceeded shortPassSucceeded,passSucceeded sidewaysPassSucceeded shortPassSucceeded,0.918588,0.593483,476372,,,0.795536,0.56207
115395698,118575,5400000,0,476372,34,,,31424,筑波大学 - C3,2068918,FIRST_HALF,True,passReceived passReceivedFrom12,passReceived,0.795536,0.56207,,,,,
115395711,118575,5400000,0,476372,34,,,31424,筑波大学 - C3,2070869,FIRST_HALF,True,passSucceeded passSucceededFrom12 passSucceededTo9 passSucceededFrom12To9 backwardPassSucceeded mediumPassSucceeded,passSucceeded backwardPassSucceeded mediumPassSucceeded,0.76324,0.550315,476369,,,0.740359,0.403182
115395712,118575,5400000,0,476369,30,,,31424,筑波大学 - C3,2072560,FIRST_HALF,True,passReceived passReceivedFrom9,passReceived,0.740359,0.403182,,,,,
115395720,118575,5400000,0,476369,30,,,31424,筑波大学 - C3,2073240,FIRST_HALF,True,passSucceeded passSucceededFrom9 passSucceededTo8 passSucceededFrom9To8 sidewaysPassSucceeded mediumPassSucceeded,passSucceeded sidewaysPassSucceeded mediumPassSucceeded,0.70074,0.403182,476368,,,0.374295,0.418074
115395721,118575,5400000,0,476368,40,,,31424,筑波大学 - C3,2075280,FIRST_HALF,True,passReceived passReceivedFrom8,passReceived,0.374295,0.418074,,,,,
115395725,118575,5400000,0,476368,40,,,31424,筑波大学 - C3,2076661,FIRST_HALF,True,passSucceeded passSucceededFrom8 passSucceededTo10 passSucceededFrom8To10 forwardPassSucceeded mediumPassSucceeded,passSucceeded forwardPassSucceeded mediumPassSucceeded,0.380046,0.445258,476375,,,0.332078,0.605187
115395726,118575,5400000,0,476375,55,,,31424,筑波大学 - C3,2077880,FIRST_HALF,True,passReceived passReceivedFrom10,passReceived,0.332078,0.605187,,,,,
115395728,118575,5400000,0,476375,55,,,31424,筑波大学 - C3,2078880,FIRST_HALF,True,passSucceeded passSucceededFrom11 passSucceededTo11 passSucceededFrom11To11 sidewaysPassSucceeded shortPassSucceeded,passSucceeded sidewaysPassSucceeded shortPassSucceeded,0.354678,0.572998,476373,,,0.5381,0.565914
115395729,118575,5400000,0,476373,39,,,31424,筑波大学 - C3,2079880,FIRST_HALF,True,passReceived passReceivedFrom11,passReceived,0.5381,0.565914,,,,,
115395737,118575,5400000,0,476373,39,,,31424,筑波大学 - C3,2080520,FIRST_HALF,True,passFailed passFailedFrom11 passFailedTo18 passFailedFrom11To18 forwardPassFailed longPassFailed,passFailed forwardPassFailed longPassFailed,0.560843,0.562959,476371,,,0.951136,0.850667
115395738,118575,5400000,0,476371,5,,,31424,筑波大学 - C3,2085688,FIRST_HALF,True,groundDuelFailed,duelFailed groundDuelFailed,0.951136,0.850667,,,,,
115397319,118575,5400000,0,476360,18,,,31425,筑波大学 サッカー同好会,2086320,FIRST_HALF,True,groundDuelSucceeded tackleSucceeded,duelSucceeded groundDuelSucceeded tackleSucceeded,-0.00884186,0.0977881,,,,,
115397326,118575,5400000,0,476360,18,,,31425,筑波大学 サッカー同好会,2087520,FIRST_HALF,True,passSucceeded passSucceededFrom1 passSucceededTo7 passSucceededFrom1To7 forwardPassSucceeded longPassSucceeded,passSucceeded forwardPassSucceeded longPassSucceeded,0.0206184,0.124386,476359,,,0.0158839,0.459812
115397327,118575,5400000,0,476359,16,,,31425,筑波大学 サッカー同好会,2091960,FIRST_HALF,True,passReceived passReceivedFrom7,passReceived,0.0158839,0.459812,,,,,
115397332,118575,5400000,0,476359,16,,,31425,筑波大学 サッカー同好会,2094670,FIRST_HALF,True,passSucceeded passSucceededFrom10 passSucceededTo7 passSucceededFrom10To7 backwardPassSucceeded shortPassSucceeded,passSucceeded backwardPassSucceeded shortPassSucceeded,0.0407847,0.520549,476360,,,0.00999233,0.421392
115397333,118575,5400000,0,476360,18,,,31425,筑波大学 サッカー同好会,2096400,FIRST_HALF,True,passReceived passReceivedFrom7,passReceived,0.00999233,0.421392,,,,,
115397337,118575,5400000,0,476360,18,,,31425,筑波大学 サッカー同好会,2097721,FIRST_HALF,True,passSucceeded passSucceededFrom7 passSucceededTo10 passSucceededFrom7To10 forwardPassSucceeded shortPassSucceeded,passSucceeded forwardPassSucceeded shortPassSucceeded,0.0438029,0.425791,476357,,,0.115774,0.538196
115397338,118575,5400000,0,476357,17,,,31425,筑波大学 サッカー同好会,2098920,FIRST_HALF,True,passReceived passReceivedFrom10,passReceived,0.115774,0.538196,,,,,
115395754,118575,5400000,0,476372,34,,,31424,筑波大学 - C3,2100754,FIRST_HALF,True,cutoff,cutoff,0.89155,0.406379,,,,,
115395760,118575,5400000,0,476371,5,,,31424,筑波大学 - C3,2101390,FIRST_HALF,True,possession,possession,0.919105,0.355201,,,,,
115395763,118575,5400000,0,476371,5,,,31424,筑波大学 - C3,2102880,FIRST_HALF,True,passSucceeded passSucceededFrom6 passSucceededTo6 passSucceededFrom6To6 backwardPassSucceeded shortPassSucceeded,passSucceeded backwardPassSucceeded shortPassSucceeded,0.971164,0.31217,476369,,,0.855494,0.202899
115395764,118575,5400000,0,476369,30,,,31424,筑波大学 - C3,2104360,FIRST_HALF,True,passReceived passReceivedFrom6,passReceived,0.855494,0.202899,,,,,
115395767,118575,5400000,0,476369,30,,,31424,筑波大学 - C3,2105080,FIRST_HALF,True,passSucceeded passSucceededFrom6 passSucceededTo2 passSucceededFrom6To2 sidewaysPassSucceeded mediumPassSucceeded,passSucceeded sidewaysPassSucceeded mediumPassSucceeded,0.852879,0.17636,476367,,,0.545431,0.0655149
115395768,118575,5400000,0,476367,1,,,31424,筑波大学 - C3,2107440,FIRST_HALF,True,passReceived passReceivedFrom2,passReceived,0.545431,0.0655149,,,,,
115395774,118575,5400000,0,476367,1,,,31424,筑波大学 - C3,2108413,FIRST_HALF,True,passSucceeded passSucceededFrom2 passSucceededTo5 passSucceededFrom2To5 forwardPassSucceeded mediumPassSucceeded,passSucceeded forwardPassSucceeded mediumPassSucceeded,0.539091,0.0665413,476373,,,0.5341,0.256943
115395775,118575,5400000,0,476373,39,,,31424,筑波大学 - C3,2110720,FIRST_HALF,True,dribbleToSpace passReceived passReceivedFrom5,dribbleToSpace passReceived,0.5341,0.256943,,,,,
115397360,118575,5400000,0,476361,10,,,31425,筑波大学 サッカー同好会,2113640,FIRST_HALF,True,tackleSucceeded,tackleSucceeded,0.579755,0.615713,,,,,
115397365,118575,5400000,0,476361,10,,,31425,筑波大学 サッカー同好会,2120200,FIRST_HALF,True,controlUnderPressure,controlUnderPressure,0.415643,0.565671,,,,,
115397373,118575,5400000,0,476361,10,,,31425,筑波大学 サッカー同好会,2122400,FIRST_HALF,True,passFailed passFailedFrom11 passFailedTo15 passFailedFrom11To15 sidewaysPassFailed mediumPassFailed,passFailed sidewaysPassFailed mediumPassFailed,0.449147,0.642198,,,,0.742999,0.732139
115397374,118575,5400000,0,,,,,31425,筑波大学 サッカー同好会,2124280,FIRST_HALF,True,,,0.742999,0.732139,,,,,
115395784,118575,5400000,0,476370,14,,,31424,筑波大学 - C3,2124440,FIRST_HALF,True,intercept,intercept,0.254506,0.260447,,,,,
115395790,118575,5400000,0,476370,14,,,31424,筑波大学 - C3,2126920,FIRST_HALF,True,passSucceeded passSucceededFrom1 passSucceededTo1 passSucceededFrom1To1 backwardPassSucceeded shortPassSucceeded,passSucceeded backwardPassSucceeded shortPassSucceeded,0.326667,0.163452,476368,,,0.179534,0.097356
115395791,118575,5400000,0,476368,40,,,31424,筑波大学 - C3,2129579,FIRST_HALF,True,passReceived passReceivedFrom1,passReceived,0.179534,0.097356,,,,,
115395795,118575,5400000,0,476368,40,,,31424,筑波大学 - C3,2130400,FIRST_HALF,True,passSucceeded passSucceededFrom1 passSucceededTo1 passSucceededFrom1To1 sidewaysPassSucceeded shortPassSucceeded,passSucceeded sidewaysPassSucceeded shortPassSucceeded,0.201132,0.0860704,476370,,,0.306988,0.0611405
115395796,118575,5400000,0,476370,14,,,31424,筑波大学 - C3,2131240,FIRST_HALF,True,passReceived passReceivedFrom1,passReceived,0.306988,0.0611405,,,,,
115395800,118575,5400000,0,476370,14,,,31424,筑波大学 - C3,2135352,FIRST_HALF,True,passSucceeded passSucceededFrom1 passSucceededTo2 passSucceededFrom1To2 sidewaysPassSucceeded shortPassSucceeded,passSucceeded sidewaysPassSucceeded shortPassSucceeded,0.309052,0.076268,476367,,,0.505811,0.0470408
115395801,118575,5400000,0,476367,1,,,31424,筑波大学 - C3,2137308,FIRST_HALF,True,passReceived passReceivedFrom2,passReceived,0.505811,0.0470408,,,,,
115395807,118575,5400000,0,476367,1,,,31424,筑波大学 - C3,2138992,FIRST_HALF,True,passSucceeded passSucceededFrom2 passSucceededTo1 passSucceededFrom2To1 forwardPassSucceeded shortPassSucceeded,passSucceeded forwardPassSucceeded shortPassSucceeded,0.501057,0.0542252,476370,,,0.321976,0.124016
115395808,118575,5400000,0,476370,14,,,31424,筑波大学 - C3,2140152,FIRST_HALF,True,passReceived passReceivedFrom1,passReceived,0.321976,0.124016,,,,,
115395815,118575,5400000,0,476370,14,,,31424,筑波大学 - C3,2143358,FIRST_HALF,True,passSucceeded passSucceededFrom4 passSucceededTo4 passSucceededFrom4To4 sidewaysPassSucceeded mediumPassSucceeded,passSucceeded sidewaysPassSucceeded mediumPassSucceeded,0.317784,0.178067,476368,,,0.0918524,0.225621
115395816,118575,5400000,0,476368,40,,,31424,筑波大学 - C3,2145160,FIRST_HALF,True,passReceived passReceivedFrom4,passReceived,0.0918524,0.225621,,,,,
115395818,118575,5400000,0,476368,40,,,31424,筑波大学 - C3,2146923,FIRST_HALF,True,dribbleToSpace,dribbleToSpace,0.106187,0.22063,,,,,
115395821,118575,5400000,0,476368,40,,,31424,筑波大学 - C3,2152240,FIRST_HALF,True,passSucceeded passSucceededFrom5 passSucceededTo8 passSucceededFrom5To8 forwardPassSucceeded mediumPassSucceeded,passSucceeded forwardPassSucceeded mediumPassSucceeded,0.527154,0.31655,476376,,,0.540284,0.480301
115395822,118575,5400000,0,476376,19,,,31424,筑波大学 - C3,2153480,FIRST_HALF,True,passReceived passReceivedFrom8,passReceived,0.540284,0.480301,,,,,
115395827,118575,5400000,0,476376,19,,,31424,筑波大学 - C3,2154456,FIRST_HALF,True,passSucceeded passSucceededFrom8 passSucceededTo6 passSucceededFrom8To6 backwardPassSucceeded mediumPassSucceeded,passSucceeded backwardPassSucceeded mediumPassSucceeded,0.537489,0.442259,476369,,,0.721664,0.274397
115395828,118575,5400000,0,476369,30,,,31424,筑波大学 - C3,2156880,FIRST_HALF,True,passReceived passReceivedFrom6,passReceived,0.721664,0.274397,,,,,
115395834,118575,5400000,0,476369,30,,,31424,筑波大学 - C3,2157815,FIRST_HALF,True,passSucceeded passSucceededFrom6 passSucceededTo12 passSucceededFrom6To12 forwardPassSucceeded longPassSucceeded,passSucceeded forwardPassSucceeded longPassSucceeded,0.767733,0.292245,476371,,,0.978581,0.554616
115395835,118575,5400000,0,476371,5,,,31424,筑波大学 - C3,2159920,FIRST_HALF,True,passReceived passReceivedFrom12,passReceived,0.978581,0.554616,,,,,
115395845,118575,5400000,0,476371,5,,,31424,筑波大学 - C3,2161240,FIRST_HALF,True,passFailed passFailedFrom12 passFailedTo15 passFailedFrom12To15 forwardPassFailed mediumPassFailed,passFailed forwardPassFailed mediumPassFailed,0.978201,0.566325,,,,0.943212,0.732638
115395846,118575,5400000,0,,,,,31424,筑波大学 - C3,2163400,FIRST_HALF,True,,,0.943212,0.732638,,,,,
115397396,118575,5400000,0,476353,47,,,31425,筑波大学 サッカー同好会,2163840,FIRST_HALF,True,intercept,intercept,0.036514,0.254815,,,,,
115397401,118575,5400000,0,476353,47,,,31425,筑波大学 サッカー同好会,2166400,FIRST_HALF,True,passSucceeded passSucceededFrom4 passSucceededTo4 passSucceededFrom4To4 backwardPassSucceeded shortPassSucceeded,passSucceeded backwardPassSucceeded shortPassSucceeded,0.0749532,0.267896,476359,,,0.13763,0.229706
115397402,118575,5400000,0,476359,16,,,31425,筑波大学 サッカー同好会,2167280,FIRST_HALF,True,passReceived passReceivedFrom4,passReceived,0.13763,0.229706,,,,,
115397403,118575,5400000,0,476359,16,,,31425,筑波大学 サッカー同好会,2168080,FIRST_HALF,True,passSucceeded passSucceededFrom4 passSucceededTo4 passSucceededFrom4To4 backwardPassSucceeded shortPassSucceeded,passSucceeded backwardPassSucceeded shortPassSucceeded,0.165252,0.228031,476354,,,0.299495,0.17405
115397404,118575,5400000,0,476354,29,,,31425,筑波大学 サッカー同好会,2169480,FIRST_HALF,True,passReceived passReceivedFrom4,passReceived,0.299495,0.17405,,,,,
115397411,118575,5400000,0,476354,29,,,31425,筑波大学 サッカー同好会,2173031,FIRST_HALF,True,passSucceeded passSucceededFrom4 passSucceededTo5 passSucceededFrom4To5 sidewaysPassSucceeded mediumPassSucceeded,passSucceeded sidewaysPassSucceeded mediumPassSucceeded,0.318237,0.240414,476355,,,0.62509,0.205885
115397412,118575,5400000,0,476355,31,,,31425,筑波大学 サッカー同好会,2175280,FIRST_HALF,True,passReceived passReceivedFrom5,passReceived,0.62509,0.205885,,,,,
115397414,118575,5400000,0,476355,31,,,31425,筑波大学 サッカー同好会,2176080,FIRST_HALF,True,passSucceeded passSucceededFrom5 passSucceededTo2 passSucceededFrom5To2 backwardPassSucceeded mediumPassSucceeded,passSucceeded backwardPassSucceeded mediumPassSucceeded,0.625874,0.201255,476352,,,0.474925,0.0732847
115397415,118575,5400000,0,476352,12,,,31425,筑波大学 サッカー同好会,2177800,FIRST_HALF,True,passReceived passReceivedFrom2,passReceived,0.474925,0.0732847,,,,,
115397421,118575,5400000,0,476352,12,,,31425,筑波大学 サッカー同好会,2178840,FIRST_HALF,True,passSucceeded passSucceededFrom2 passSucceededTo6 passSucceededFrom2To6 forwardPassSucceeded shortPassSucceeded,passSucceeded forwardPassSucceeded shortPassSucceeded,0.513282,0.100304,476355,,,0.684294,0.169583
115397422,118575,5400000,0,476355,31,,,31425,筑波大学 サッカー同好会,2180280,FIRST_HALF,True,passReceived passReceivedFrom6,passReceived,0.684294,0.169583,,,,,
115397423,118575,5400000,0,476355,31,,,31425,筑波大学 サッカー同好会,2181998,FIRST_HALF,True,passSucceeded passSucceededFrom6 passSucceededTo4 passSucceededFrom6To4 sidewaysPassSucceeded mediumPassSucceeded,passSucceeded sidewaysPassSucceeded mediumPassSucceeded,0.690022,0.169902,476354,,,0.25434,0.189551
115397424,118575,5400000,0,476354,29,,,31425,筑波大学 サッカー同好会,2185080,FIRST_HALF,True,passReceived passReceivedFrom4,passReceived,0.25434,0.189551,,,,,
115397431,118575,5400000,0,476354,29,,,31425,筑波大学 サッカー同好会,2187240,FIRST_HALF,True,passSucceeded passSucceededFrom4 passSucceededTo8 passSucceededFrom4To8 forwardPassSucceeded mediumPassSucceeded,passSucceeded forwardPassSucceeded mediumPassSucceeded,0.215182,0.271107,476362,,,0.360146,0.441495
115397432,118575,5400000,0,476362,9,,,31425,筑波大学 サッカー同好会,2188480,FIRST_HALF,True,passReceived passReceivedFrom8,passReceived,0.360146,0.441495,,,,,
115397437,118575,5400000,0,476362,9,,,31425,筑波大学 サッカー同好会,2190240,FIRST_HALF,True,passSucceeded passSucceededFrom7 passSucceededTo10 passSucceededFrom7To10 forwardPassSucceeded shortPassSucceeded,passSucceeded forwardPassSucceeded shortPassSucceeded,0.293743,0.43035,476359,,,0.321612,0.552222
115395947,118575,5400000,0,476369,30,,,31424,筑波大学 - C3,2191760,FIRST_HALF,True,foulConceded,foulConceded,0.678578,0.440433,,,,,
115397438,118575,5400000,0,476359,16,,,31425,筑波大学 サッカー同好会,2191880,FIRST_HALF,True,foulCommitted passReceived passReceivedFrom10,foulCommitted passReceived,0.321612,0.552222,,,,,
115397448,118575,5400000,0,476358,22,,,31425,筑波大学 サッカー同好会,2211720,FIRST_HALF,True,freeKick passSucceeded passSucceededFrom11 passSucceededTo17 passSucceededFrom11To17 forwardPassSucceeded longPassSucceeded,freeKick passSucceeded forwardPassSucceeded longPassSucceeded,0.340644,0.577224,476362,,,0.609124,0.834269
115395953,118575,5400000,0,476370,14,,,31424,筑波大学 - C3,2213920,FIRST_HALF,True,aerialDuelFailed,duelFailed aerialDuelFailed,0.374633,0.161762,,,,,
115397449,118575,5400000,0,476362,9,,,31425,筑波大学 サッカー同好会,2214000,FIRST_HALF,True,aerialDuelSucceeded passFailed passReceived passFailedFrom17 passFailedTo17 passFailedFrom17To17 forwardPassFailed mediumPassFailed,passFailed forwardPassFailed mediumPassFailed duelSucceeded aerialDuelSucceeded passReceived,0.609124,0.834269,,,,0.467148,0.966561
115395957,118575,5400000,0,476367,1,,,31424,筑波大学 - C3,2216520,FIRST_HALF,True,possession,possession,0.494717,0.0634622,,,,,
115397450,118575,5400000,0,,,,,31425,筑波大学 サッカー同好会,2216600,FIRST_HALF,True,,,0.467148,0.966561,,,,,
115395963,118575,5400000,0,476367,1,,,31424,筑波大学 - C3,2223248,FIRST_HALF,True,passSucceeded passSucceededFrom2 passSucceededTo1 passSucceededFrom2To1 sidewaysPassSucceeded shortPassSucceeded,passSucceeded sidewaysPassSucceeded shortPassSucceeded,0.51215,0.0983579,476368,,,0.307713,0.14557
115395965,118575,5400000,0,476368,40,,,31424,筑波大学 - C3,2225840,FIRST_HALF,True,dribbleToSpace passReceived passReceivedFrom1,dribbleToSpace passReceived,0.307713,0.14557,,,,,
115395975,118575,5400000,0,476368,40,,,31424,筑波大学 - C3,2232408,FIRST_HALF,True,passSucceeded passSucceededFrom5 passSucceededTo5 passSucceededFrom5To5 sidewaysPassSucceeded mediumPassSucceeded,passSucceeded sidewaysPassSucceeded mediumPassSucceeded,0.359434,0.274117,476373,,,0.657267,0.329867
115395976,118575,5400000,0,476373,39,,,31424,筑波大学 - C3,2233800,FIRST_HALF,True,passReceived passReceivedFrom5,passReceived,0.657267,0.329867,,,,,
115395982,118575,5400000,0,476373,39,,,31424,筑波大学 - C3,2235440,FIRST_HALF,True,passSucceeded passSucceededFrom6 passSucceededTo12 passSucceededFrom6To12 forwardPassSucceeded mediumPassSucceeded,passSucceeded forwardPassSucceeded mediumPassSucceeded,0.789556,0.316709,476374,,,0.91806,0.540736
115395983,118575,5400000,0,476374,2,,,31424,筑波大学 - C3,2237781,FIRST_HALF,True,dribbleToSpace passReceived passReceivedFrom12,dribbleToSpace passReceived,0.91806,0.540736,,,,,
115397455,118575,5400000,0,476358,22,,,31425,筑波大学 サッカー同好会,2239960,FIRST_HALF,True,tackleFailed,tackleFailed,0.239808,0.466992,,,,,
115395987,118575,5400000,0,476374,2,,,31424,筑波大学 - C3,2241400,FIRST_HALF,True,passSucceeded passSucceededFrom11 passSucceededTo8 passSucceededFrom11To8 backwardPassSucceeded shortPassSucceeded,passSucceeded backwardPassSucceeded shortPassSucceeded,0.627839,0.514027,476372,,,0.510565,0.444235
115395988,118575,5400000,0,476372,34,,,31424,筑波大学 - C3,2242969,FIRST_HALF,True,passReceived passReceivedFrom8,passReceived,0.510565,0.444235,,,,,
115395991,118575,5400000,0,476372,34,,,31424,筑波大学 - C3,2243760,FIRST_HALF,True,passFailed passFailedFrom8 passFailedTo10 passFailedFrom8To10 forwardPassFailed longPassFailed,passFailed forwardPassFailed longPassFailed,0.524828,0.460657,,,,0.147053,0.639008
115395992,118575,5400000,0,,,,,31424,筑波大学 - C3,2245600,FIRST_HALF,True,,,0.147053,0.639008,,,,,
115397471,118575,5400000,0,476356,14,,,31425,筑波大学 サッカー同好会,2246080,FIRST_HALF,True,ballMissed,ballMissed,0.839175,0.350576,,,,,
115395995,118575,5400000,0,476368,40,,,31424,筑波大学 - C3,2248640,FIRST_HALF,True,possession,possession,0.0829275,0.487917,,,,,
115397477,118575,5400000,0,476356,14,,,31425,筑波大学 サッカー同好会,2251240,FIRST_HALF,True,tackleFailed,tackleFailed,0.82531,0.533085,,,,,
115396002,118575,5400000,0,476368,40,,,31424,筑波大学 - C3,2253165,FIRST_HALF,True,passSucceeded passSucceededFrom7 passSucceededTo5 passSucceededFrom7To5 backwardPassSucceeded mediumPassSucceeded,passSucceeded backwardPassSucceeded mediumPassSucceeded,0.242815,0.437856,476367,,,0.543846,0.246151
115396003,118575,5400000,0,476367,1,,,31424,筑波大学 - C3,2255633,FIRST_HALF,True,passReceived passReceivedFrom5,passReceived,0.543846,0.246151,,,,,
115396009,118575,5400000,0,476367,1,,,31424,筑波大学 - C3,2256545,FIRST_HALF,True,passSucceeded passSucceededFrom5 passSucceededTo9 passSucceededFrom5To9 forwardPassSucceeded mediumPassSucceeded,passSucceeded forwardPassSucceeded mediumPassSucceeded,0.539091,0.233835,476373,,,0.805365,0.380211
115396010,118575,5400000,0,476373,39,,,31424,筑波大学 - C3,2258960,FIRST_HALF,True,passReceived passReceivedFrom9,passReceived,0.805365,0.380211,,,,,
115396011,118575,5400000,0,476373,39,,,31424,筑波大学 - C3,2261840,FIRST_HALF,True,passSucceeded passSucceededFrom9 passSucceededTo8 passSucceededFrom9To8 sidewaysPassSucceeded mediumPassSucceeded,passSucceeded sidewaysPassSucceeded mediumPassSucceeded,0.786325,0.45374,476369,,,0.513735,0.371365
115396012,118575,5400000,0,476369,30,,,31424,筑波大学 - C3,2263960,FIRST_HALF,True,passReceived passReceivedFrom8,passReceived,0.513735,0.371365,,,,,
115396017,118575,5400000,0,476369,30,,,31424,筑波大学 - C3,2266640,FIRST_HALF,True,passSucceeded passSucceededFrom8 passSucceededTo7 passSucceededFrom8To7 sidewaysPassSucceeded shortPassSucceeded,passSucceeded sidewaysPassSucceeded shortPassSucceeded,0.493133,0.436025,476368,,,0.314332,0.372281
115396018,118575,5400000,0,476368,40,,,31424,筑波大学 - C3,2268011,FIRST_HALF,True,passReceived passReceivedFrom7,passReceived,0.314332,0.372281,,,,,
115396027,118575,5400000,0,476368,40,,,31424,筑波大学 - C3,2274680,FIRST_HALF,True,passFailed passFailedFrom8 passFailedTo16 passFailedFrom8To16 forwardPassFailed longPassFailed,passFailed forwardPassFailed longPassFailed,0.372689,0.469894,,,,0.0,0.854957
115396029,118575,5400000,0,,,,,31424,筑波大学 - C3,2280560,FIRST_HALF,True,,,0.0,0.854957,,,,,
115397494,118575,5400000,0,476356,14,,,31425,筑波大学 サッカー同好会,2290440,FIRST_HALF,True,throwIn passSucceeded passSucceededFrom3 passSucceededTo6 passSucceededFrom3To6 forwardPassSucceeded mediumPassSucceeded,throwIn passSucceeded forwardPassSucceeded mediumPassSucceeded,1.01094,0.127514,476357,,,0.879828,0.277684
115397496,118575,5400000,0,476357,17,,,31425,筑波大学 サッカー同好会,2292040,FIRST_HALF,True,passReceived passReceivedFrom6,passReceived,0.879828,0.277684,,,,,
115397497,118575,5400000,0,476357,17,,,31425,筑波大学 サッカー同好会,2293480,FIRST_HALF,True,passSucceeded passSucceededFrom6 passSucceededTo6 passSucceededFrom6To6 sidewaysPassSucceeded shortPassSucceeded,passSucceeded sidewaysPassSucceeded shortPassSucceeded,0.925389,0.24904,476356,,,0.986239,0.245431
115397498,118575,5400000,0,476356,14,,,31425,筑波大学 サッカー同好会,2294760,FIRST_HALF,True,dribbleToSpace passReceived passReceivedFrom6,dribbleToSpace passReceived,0.986239,0.245431,,,,,
115397501,118575,5400000,0,476356,14,,,31425,筑波大学 サッカー同好会,2296120,FIRST_HALF,True,passSucceeded passSucceededFrom6 passSucceededTo8 passSucceededFrom6To8 forwardPassSucceeded mediumPassSucceeded,passSucceeded forwardPassSucceeded mediumPassSucceeded,0.938596,0.308487,476362,,,0.628017,0.467803
115397502,118575,5400000,0,476362,9,,,31425,筑波大学 サッカー同好会,2298360,FIRST_HALF,True,passReceived passReceivedFrom8,passReceived,0.628017,0.467803,,,,,
115397512,118575,5400000,0,476362,9,,,31425,筑波大学 サッカー同好会,2299760,FIRST_HALF,True,passSucceeded passSucceededFrom8 passSucceededTo10 passSucceededFrom8To10 sidewaysPassSucceeded longPassSucceeded,passSucceeded sidewaysPassSucceeded longPassSucceeded,0.521118,0.442992,476353,,,0.0687555,0.502436
115397513,118575,5400000,0,476353,47,,,31425,筑波大学 サッカー同好会,2302720,FIRST_HALF,True,passReceived passReceivedFrom10,passReceived,0.0687555,0.502436,,,,,
115397522,118575,5400000,0,476353,47,,,31425,筑波大学 サッカー同好会,2308040,FIRST_HALF,True,passFailed passFailedFrom13 passFailedTo16 passFailedFrom13To16 sidewaysPassFailed shortPassFailed,passFailed sidewaysPassFailed shortPassFailed,-0.0113033,0.789347,,,,0.1274,0.838394
115397523,118575,5400000,0,,,,,31425,筑波大学 サッカー同好会,2308880,FIRST_HALF,True,,,0.1274,0.838394,,,,,
115396041,118575,5400000,0,476371,5,,,31424,筑波大学 - C3,2308920,FIRST_HALF,True,intercept passFailed passFailedFrom6 passFailedTo6 passFailedFrom6To6 forwardPassFailed shortPassFailed,passFailed forwardPassFailed shortPassFailed intercept,0.792657,0.180465,,,,0.84971,0.280021
115396042,118575,5400000,0,,,,,31424,筑波大学 - C3,2309699,FIRST_HALF,True,,,0.84971,0.280021,,,,,
115397527,118575,5400000,0,476359,16,,,31425,筑波大学 サッカー同好会,2310040,FIRST_HALF,True,intercept,intercept,0.0684064,0.723212,,,,,
115396045,118575,5400000,0,476374,2,,,31424,筑波大学 - C3,2311598,FIRST_HALF,True,cutoff,cutoff,0.909931,0.202019,,,,,
115397535,118575,5400000,0,476360,18,,,31425,筑波大学 サッカー同好会,2312480,FIRST_HALF,True,possession,possession,0.0790158,0.841072,,,,,
115396049,118575,5400000,0,476373,39,,,31424,筑波大学 - C3,2315200,FIRST_HALF,True,tackleSucceeded,tackleSucceeded,0.784236,0.203394,,,,,
115396050,118575,5400000,0,476371,5,,,31424,筑波大学 - C3,2316160,FIRST_HALF,True,ballReceived,ballReceived,0.770727,0.203013,,,,,
115396058,118575,5400000,0,476371,5,,,31424,筑波大学 - C3,2317200,FIRST_HALF,True,passSucceeded passSucceededFrom6 passSucceededTo6 passSucceededFrom6To6 backwardPassSucceeded shortPassSucceeded,passSucceeded backwardPassSucceeded shortPassSucceeded,0.807411,0.207627,476376,,,0.814844,0.188676
115396059,118575,5400000,0,476376,19,,,31424,筑波大学 - C3,2317660,FIRST_HALF,True,passReceived passReceivedFrom6,passReceived,0.814844,0.188676,,,,,
115396062,118575,5400000,0,476376,19,,,31424,筑波大学 - C3,2318584,FIRST_HALF,True,passSucceeded passSucceededFrom6 passSucceededTo6 passSucceededFrom6To6 forwardPassSucceeded shortPassSucceeded,passSucceeded forwardPassSucceeded shortPassSucceeded,0.795827,0.197913,476373,,,0.701608,0.240409
115396063,118575,5400000,0,476373,39,,,31424,筑波大学 - C3,2319760,FIRST_HALF,True,passReceived passReceivedFrom6,passReceived,0.701608,0.240409,,,,,
115396069,118575,5400000,0,476373,39,,,31424,筑波大学 - C3,2320640,FIRST_HALF,True,passSucceeded passSucceededFrom6 passSucceededTo8 passSucceededFrom6To8 forwardPassSucceeded mediumPassSucceeded,passSucceeded forwardPassSucceeded mediumPassSucceeded,0.682014,0.272914,476377,,,0.595325,0.448996
115397547,118575,5400000,0,476355,31,,,31425,筑波大学 サッカー同好会,2322360,FIRST_HALF,True,groundDuelFailed tackleFailed,duelFailed groundDuelFailed tackleFailed,0.410402,0.545601,,,,,
115396070,118575,5400000,0,476377,24,,,31424,筑波大学 - C3,2322369,FIRST_HALF,True,groundDuelSucceeded passFailed passReceived passFailedFrom8 passFailedTo9 passFailedFrom8To9 sidewaysPassFailed shortPassFailed,passFailed sidewaysPassFailed shortPassFailed duelSucceeded groundDuelSucceeded passReceived,0.595325,0.448996,,,,0.688379,0.457937
115396071,118575,5400000,0,,,,,31424,筑波大学 - C3,2323532,FIRST_HALF,True,,,0.688379,0.457937,,,,,
115397554,118575,5400000,0,476358,22,,,31425,筑波大学 サッカー同好会,2324040,FIRST_HALF,True,intercept passSucceeded passSucceededFrom10 passSucceededTo7 passSucceededFrom10To7 backwardPassSucceeded shortPassSucceeded,passSucceeded backwardPassSucceeded shortPassSucceeded intercept,0.3012,0.5439,476353,,,0.167737,0.484862
115397555,118575,5400000,0,476353,47,,,31425,筑波大学 サッカー同好会,2325240,FIRST_HALF,True,passReceived passReceivedFrom7,passReceived,0.167737,0.484862,,,,,
115397561,118575,5400000,0,476353,47,,,31425,筑波大学 サッカー同好会,2325440,FIRST_HALF,True,passSucceeded passSucceededFrom7 passSucceededTo7 passSucceededFrom7To7 backwardPassSucceeded shortPassSucceeded,passSucceeded backwardPassSucceeded shortPassSucceeded,0.167763,0.482071,476354,,,0.309947,0.3905
115397562,118575,5400000,0,476354,29,,,31425,筑波大学 サッカー同好会,2327000,FIRST_HALF,True,passReceived passReceivedFrom7,passReceived,0.309947,0.3905,,,,,
115397566,118575,5400000,0,476354,29,,,31425,筑波大学 サッカー同好会,2329360,FIRST_HALF,True,passFailed passFailedFrom7 passFailedTo11 passFailedFrom7To11 forwardPassFailed mediumPassFailed,passFailed forwardPassFailed mediumPassFailed,0.309905,0.407657,,,,0.444903,0.631943
115397567,118575,5400000,0,,,,,31425,筑波大学 サッカー同好会,2331160,FIRST_HALF,True,,,0.444903,0.631943,,,,,
115396077,118575,5400000,0,476368,40,,,31424,筑波大学 - C3,2331240,FIRST_HALF,True,intercept,intercept,0.577673,0.364974,,,,,
115396082,118575,5400000,0,476368,40,,,31424,筑波大学 - C3,2333221,FIRST_HALF,True,passSucceeded passSucceededFrom8 passSucceededTo9 passSucceededFrom8To9 forwardPassSucceeded shortPassSucceeded,passSucceeded forwardPassSucceeded shortPassSucceeded,0.622603,0.409153,476373,,,0.757465,0.465025
115396083,118575,5400000,0,476373,39,,,31424,筑波大学 - C3,2334320,FIRST_HALF,True,passReceived passReceivedFrom9,passReceived,0.757465,0.465025,,,,,
115396090,118575,5400000,0,476373,39,,,31424,筑波大学 - C3,2336760,FIRST_HALF,True,passSucceeded passSucceededFrom12 passSucceededTo12 passSucceededFrom12To12 sidewaysPassSucceeded shortPassSucceeded,passSucceeded sidewaysPassSucceeded shortPassSucceeded,0.812885,0.56284,476374,,,0.967957,0.590267
115396091,118575,5400000,0,476374,2,,,31424,筑波大学 - C3,2338040,FIRST_HALF,True,passReceived passReceivedFrom12,passReceived,0.967957,0.590267,,,,,
115396092,118575,5400000,0,476374,2,,,31424,筑波大学 - C3,2341200,FIRST_HALF,True,passSucceeded passSucceededFrom12 passSucceededTo12 passSucceededFrom12To12 backwardPassSucceeded shortPassSucceeded,passSucceeded backwardPassSucceeded shortPassSucceeded,0.854178,0.598335,476372,,,0.763194,0.560943
115396093,118575,5400000,0,476372,34,,,31424,筑波大学 - C3,2342537,FIRST_HALF,True,passReceived passReceivedFrom12,passReceived,0.763194,0.560943,,,,,
115396097,118575,5400000,0,476372,34,,,31424,筑波大学 - C3,2344470,FIRST_HALF,True,passSucceeded passSucceededFrom12 passSucceededTo12 passSucceededFrom12To12 sidewaysPassSucceeded shortPassSucceeded,passSucceeded sidewaysPassSucceeded shortPassSucceeded,0.790738,0.585784,476373,,,0.974128,0.64952
115396098,118575,5400000,0,476373,39,,,31424,筑波大学 - C3,2345640,FIRST_HALF,True,passReceived passReceivedFrom12,passReceived,0.974128,0.64952,,,,,
115396099,118575,5400000,0,476373,39,,,31424,筑波大学 - C3,2346190,FIRST_HALF,True,passSucceeded passSucceededFrom12 passSucceededTo12 passSucceededFrom12To12 sidewaysPassSucceeded shortPassSucceeded,passSucceeded sidewaysPassSucceeded shortPassSucceeded,0.9661,0.647924,476372,,,0.877895,0.65457
115396100,118575,5400000,0,476372,34,,,31424,筑波大学 - C3,2347350,FIRST_HALF,True,passReceived passReceivedFrom12,passReceived,0.877895,0.65457,,,,,
115396105,118575,5400000,0,476372,34,,,31424,筑波大学 - C3,2348963,FIRST_HALF,True,passSucceeded passSucceededFrom15 passSucceededTo12 passSucceededFrom15To12 sidewaysPassSucceeded shortPassSucceeded,passSucceeded sidewaysPassSucceeded shortPassSucceeded,0.900434,0.668085,476373,,,0.973822,0.64722
115396106,118575,5400000,0,476373,39,,,31424,筑波大学 - C3,2349520,FIRST_HALF,True,passReceived passReceivedFrom12,passReceived,0.973822,0.64722,,,,,
115396109,118575,5400000,0,476373,39,,,31424,筑波大学 - C3,2349840,FIRST_HALF,True,passSucceeded passSucceededFrom12 passSucceededTo9 passSucceededFrom12To9 backwardPassSucceeded mediumPassSucceeded,passSucceeded backwardPassSucceeded mediumPassSucceeded,0.984218,0.641737,476371,,,0.870574,0.455325
115396110,118575,5400000,0,476371,5,,,31424,筑波大学 - C3,2352529,FIRST_HALF,True,passReceived passReceivedFrom9,passReceived,0.870574,0.455325,,,,,
115396111,118575,5400000,0,476371,5,,,31424,筑波大学 - C3,2353152,FIRST_HALF,True,passSucceeded passSucceededFrom9 passSucceededTo9 passSucceededFrom9To9 backwardPassSucceeded shortPassSucceeded,passSucceeded backwardPassSucceeded shortPassSucceeded,0.838682,0.452977,476369,,,0.673102,0.366527
115396112,118575,5400000,0,476369,30,,,31424,筑波大学 - C3,2355120,FIRST_HALF,True,passReceived passReceivedFrom9,passReceived,0.673102,0.366527,,,,,
115396113,118575,5400000,0,476369,30,,,31424,筑波大学 - C3,2355520,FIRST_HALF,True,passSucceeded passSucceededFrom8 passSucceededTo8 passSucceededFrom8To8 sidewaysPassSucceeded mediumPassSucceeded,passSucceeded sidewaysPassSucceeded mediumPassSucceeded,0.649574,0.371953,476368,,,0.400643,0.400136
115396114,118575,5400000,0,476368,40,,,31424,筑波大学 - C3,2357274,FIRST_HALF,True,passReceived passReceivedFrom8,passReceived,0.400643,0.400136,,,,,
115396122,118575,5400000,0,476368,40,,,31424,筑波大学 - C3,2359781,FIRST_HALF,True,passSucceeded passSucceededFrom8 passSucceededTo8 passSucceededFrom8To8 sidewaysPassSucceeded mediumPassSucceeded,passSucceeded sidewaysPassSucceeded mediumPassSucceeded,0.368025,0.425765,476369,,,0.594559,0.447314
115396123,118575,5400000,0,476369,30,,,31424,筑波大学 - C3,2361360,FIRST_HALF,True,passReceived passReceivedFrom8,passReceived,0.594559,0.447314,,,,,
115396124,118575,5400000,0,476369,30,,,31424,筑波大学 - C3,2364078,FIRST_HALF,True,passSucceeded passSucceededFrom8 passSucceededTo8 passSucceededFrom8To8 sidewaysPassSucceeded shortPassSucceeded,passSucceeded sidewaysPassSucceeded shortPassSucceeded,0.575541,0.455525,476368,,,0.409363,0.395232
115396125,118575,5400000,0,476368,40,,,31424,筑波大学 - C3,2365997,FIRST_HALF,True,passReceived passReceivedFrom8,passReceived,0.409363,0.395232,,,,,
115396129,118575,5400000,0,476368,40,,,31424,筑波大学 - C3,2367280,FIRST_HALF,True,passSucceeded passSucceededFrom8 passSucceededTo5 passSucceededFrom8To5 backwardPassSucceeded mediumPassSucceeded,passSucceeded backwardPassSucceeded mediumPassSucceeded,0.400468,0.389894,476367,,,0.590895,0.247201
115396130,118575,5400000,0,476367,1,,,31424,筑波大学 - C3,2368910,FIRST_HALF,True,passReceived passReceivedFrom5,passReceived,0.590895,0.247201,,,,,
115396135,118575,5400000,0,476367,1,,,31424,筑波大学 - C3,2369734,FIRST_HALF,True,passSucceeded passSucceededFrom5 passSucceededTo9 passSucceededFrom5To9 forwardPassSucceeded shortPassSucceeded,passSucceeded forwardPassSucceeded shortPassSucceeded,0.585247,0.248244,476369,,,0.715419,0.356229
115396136,118575,5400000,0,476369,30,,,31424,筑波大学 - C3,2371880,FIRST_HALF,True,passReceived passReceivedFrom9,passReceived,0.715419,0.356229,,,,,
115396138,118575,5400000,0,476369,30,,,31424,筑波大学 - C3,2373939,FIRST_HALF,True,passSucceeded passSucceededFrom9 passSucceededTo9 passSucceededFrom9To9 forwardPassSucceeded shortPassSucceeded,passSucceeded forwardPassSucceeded shortPassSucceeded,0.726128,0.366966,476373,,,0.793918,0.460553
115396139,118575,5400000,0,476373,39,,,31424,筑波大学 - C3,2375320,FIRST_HALF,True,passReceived passReceivedFrom9,passReceived,0.793918,0.460553,,,,,
115396144,118575,5400000,0,476373,39,,,31424,筑波大学 - C3,2378192,FIRST_HALF,True,passSucceeded passSucceededFrom8 passSucceededTo7 passSucceededFrom8To7 sidewaysPassSucceeded mediumPassSucceeded,passSucceeded sidewaysPassSucceeded mediumPassSucceeded,0.65388,0.419687,476370,,,0.313547,0.481939
115396145,118575,5400000,0,476370,14,,,31424,筑波大学 - C3,2379880,FIRST_HALF,True,passReceived passReceivedFrom7,passReceived,0.313547,0.481939,,,,,
115396155,118575,5400000,0,476370,14,,,31424,筑波大学 - C3,2381952,FIRST_HALF,True,passSucceeded passSucceededFrom7 passSucceededTo10 passSucceededFrom7To10 forwardPassSucceeded mediumPassSucceeded,passSucceeded forwardPassSucceeded mediumPassSucceeded,0.167036,0.479077,476375,,,0.0514332,0.623379
115396156,118575,5400000,0,476375,55,,,31424,筑波大学 - C3,2383480,FIRST_HALF,True,passSucceeded passReceived passSucceededFrom10 passSucceededTo13 passSucceededFrom10To13 forwardPassSucceeded shortPassSucceeded,passSucceeded forwardPassSucceeded shortPassSucceeded passReceived,0.0514332,0.623379,476377,,,0.195249,0.686032
115396157,118575,5400000,0,476377,24,,,31424,筑波大学 - C3,2385400,FIRST_HALF,True,passFailed passReceived passFailedFrom13 passFailedTo13 passFailedFrom13To13 sidewaysPassFailed shortPassFailed,passFailed sidewaysPassFailed shortPassFailed passReceived,0.195249,0.686032,,,,0.246165,0.679472
115396158,118575,5400000,0,,,,,31424,筑波大学 - C3,2386388,FIRST_HALF,True,,,0.246165,0.679472,,,,,
115397643,118575,5400000,0,476355,31,,,31425,筑波大学 サッカー同好会,2387080,FIRST_HALF,True,attackRouteStart intercept,intercept,0.707682,0.325842,,,,,
115397609,118575,5400000,0,476355,31,,,31425,筑波大学 サッカー同好会,2389000,FIRST_HALF,True,passSucceeded passSucceededFrom8 passSucceededTo8 passSucceededFrom8To8 sidewaysPassSucceeded mediumPassSucceeded,passSucceeded sidewaysPassSucceeded mediumPassSucceeded,0.602468,0.406319,476357,,,0.377262,0.461911
115397610,118575,5400000,0,476357,17,,,31425,筑波大学 サッカー同好会,2390360,FIRST_HALF,True,passReceived passReceivedFrom8,passReceived,0.377262,0.461911,,,,,
115397633,118575,5400000,0,476357,17,,,31425,筑波大学 サッカー同好会,2391920,FIRST_HALF,True,passSucceeded keyPass passSucceededFrom11 passSucceededTo13 passSucceededFrom11To13 forwardPassSucceeded longPassSucceeded keyPassFrom2To1,passSucceeded forwardPassSucceeded longPassSucceeded keyPass,0.367312,0.504716,476360,,,0.054087,0.723792
115397634,118575,5400000,0,476360,18,,,31425,筑波大学 サッカー同好会,2394520,FIRST_HALF,True,dribbleToSpace passReceived passReceivedFrom13,dribbleToSpace passReceived,0.054087,0.723792,,,,,
115397627,118575,5400000,0,476360,18,,,31425,筑波大学 サッカー同好会,2398040,FIRST_HALF,True,shot footRight attackRouteEnd shotOutOfPenaltyArea,shot,0.198407,0.832251,,,,,
115396161,118575,5400000,0,476367,1,,,31424,筑波大学 - C3,2409600,FIRST_HALF,True,goalKickSucceeded passSucceeded passSucceededFrom2 passSucceededTo2 passSucceededFrom2To2 sidewaysPassSucceeded shortPassSucceeded,goalKickSucceeded passSucceeded sidewaysPassSucceeded shortPassSucceeded,0.513735,0.0449881,476368,,,0.358077,0.063676
115396162,118575,5400000,0,476368,40,,,31424,筑波大学 - C3,2411171,FIRST_HALF,True,passReceived passReceivedFrom2,passReceived,0.358077,0.063676,,,,,
115396166,118575,5400000,0,476368,40,,,31424,筑波大学 - C3,2415600,FIRST_HALF,True,passSucceeded passSucceededFrom2 passSucceededTo5 passSucceededFrom2To5 forwardPassSucceeded shortPassSucceeded,passSucceeded forwardPassSucceeded shortPassSucceeded,0.372646,0.103931,476372,,,0.385313,0.225899
115396167,118575,5400000,0,476372,34,,,31424,筑波大学 - C3,2417326,FIRST_HALF,True,passReceived passReceivedFrom5,passReceived,0.385313,0.225899,,,,,
115396168,118575,5400000,0,476372,34,,,31424,筑波大学 - C3,2419441,FIRST_HALF,True,passSucceeded passSucceededFrom5 passSucceededTo2 passSucceededFrom5To2 backwardPassSucceeded shortPassSucceeded,passSucceeded backwardPassSucceeded shortPassSucceeded,0.392101,0.245197,476368,,,0.355788,0.156383
115396170,118575,5400000,0,476368,40,,,31424,筑波大学 - C3,2420680,FIRST_HALF,True,passReceived passReceivedFrom2,passReceived,0.355788,0.156383,,,,,
115396173,118575,5400000,0,476368,40,,,31424,筑波大学 - C3,2422640,FIRST_HALF,True,passSucceeded passSucceededFrom5 passSucceededTo5 passSucceededFrom5To5 forwardPassSucceeded shortPassSucceeded,passSucceeded forwardPassSucceeded shortPassSucceeded,0.373632,0.173827,476372,,,0.350555,0.284789
115396174,118575,5400000,0,476372,34,,,31424,筑波大学 - C3,2423720,FIRST_HALF,True,passReceived passReceivedFrom5,passReceived,0.350555,0.284789,,,,,
115396178,118575,5400000,0,476372,34,,,31424,筑波大学 - C3,2427200,FIRST_HALF,True,passSucceeded passSucceededFrom5 passSucceededTo5 passSucceededFrom5To5 backwardPassSucceeded shortPassSucceeded,passSucceeded backwardPassSucceeded shortPassSucceeded,0.344665,0.25318,476368,,,0.341841,0.197282
115396179,118575,5400000,0,476368,40,,,31424,筑波大学 - C3,2428320,FIRST_HALF,True,passReceived passReceivedFrom5,passReceived,0.341841,0.197282,,,,,
115396183,118575,5400000,0,476368,40,,,31424,筑波大学 - C3,2429480,FIRST_HALF,True,passSucceeded passSucceededFrom5 passSucceededTo6 passSucceededFrom5To6 sidewaysPassSucceeded mediumPassSucceeded,passSucceeded sidewaysPassSucceeded mediumPassSucceeded,0.381519,0.18021,476369,,,0.69069,0.253624
115396184,118575,5400000,0,476369,30,,,31424,筑波大学 - C3,2431800,FIRST_HALF,True,dribbleToSpace passReceived passReceivedFrom6,dribbleToSpace passReceived,0.69069,0.253624,,,,,
115396188,118575,5400000,0,476369,30,,,31424,筑波大学 - C3,2437000,FIRST_HALF,True,passFailed passFailedFrom11 passFailedTo11 passFailedFrom11To11 sidewaysPassFailed shortPassFailed,passFailed sidewaysPassFailed shortPassFailed,0.602483,0.509921,,,,0.482039,0.530448
115396189,118575,5400000,0,,,,,31424,筑波大学 - C3,2437640,FIRST_HALF,True,,,0.482039,0.530448,,,,,
115397668,118575,5400000,0,476359,16,,,31425,筑波大学 サッカー同好会,2437960,FIRST_HALF,True,intercept passSucceeded passSucceededFrom8 passSucceededTo11 passSucceededFrom8To11 forwardPassSucceeded shortPassSucceeded,passSucceeded forwardPassSucceeded shortPassSucceeded intercept,0.481672,0.479393,476362,,,0.412986,0.585365
115397669,118575,5400000,0,476362,9,,,31425,筑波大学 サッカー同好会,2439320,FIRST_HALF,True,passReceived passReceivedFrom11,passReceived,0.412986,0.585365,,,,,
115397676,118575,5400000,0,476362,9,,,31425,筑波大学 サッカー同好会,2440120,FIRST_HALF,True,passFailed passFailedFrom11 passFailedTo15 passFailedFrom11To15 forwardPassFailed mediumPassFailed,passFailed forwardPassFailed mediumPassFailed,0.425393,0.612345,,,,0.684807,0.80752
115396196,118575,5400000,0,476370,14,,,31424,筑波大学 - C3,2443120,FIRST_HALF,True,possession,possession,0.307993,0.201636,,,,,
115397677,118575,5400000,0,,,,,31425,筑波大学 サッカー同好会,2443280,FIRST_HALF,True,,,0.684807,0.80752,,,,,
115396202,118575,5400000,0,476370,14,,,31424,筑波大学 - C3,2447680,FIRST_HALF,True,passSucceeded passSucceededFrom5 passSucceededTo5 passSucceededFrom5To5 sidewaysPassSucceeded shortPassSucceeded,passSucceeded sidewaysPassSucceeded shortPassSucceeded,0.443266,0.209148,476369,,,0.545431,0.203045
115396203,118575,5400000,0,476369,30,,,31424,筑波大学 - C3,2449320,FIRST_HALF,True,passReceived passReceivedFrom5,passReceived,0.545431,0.203045,,,,,
115396211,118575,5400000,0,476369,30,,,31424,筑波大学 - C3,2450560,FIRST_HALF,True,passSucceeded passSucceededFrom5 passSucceededTo6 passSucceededFrom5To6 forwardPassSucceeded shortPassSucceeded,passSucceeded forwardPassSucceeded shortPassSucceeded,0.594559,0.231782,476373,,,0.675383,0.326206
115396212,118575,5400000,0,476373,39,,,31424,筑波大学 - C3,2451781,FIRST_HALF,True,passSucceeded passReceived passSucceededFrom6 passSucceededTo5 passSucceededFrom6To5 backwardPassSucceeded shortPassSucceeded,passSucceeded backwardPassSucceeded shortPassSucceeded passReceived,0.675383,0.326206,476369,,,0.626255,0.193808
115396213,118575,5400000,0,476369,30,,,31424,筑波大学 - C3,2453560,FIRST_HALF,True,passReceived passReceivedFrom5,passReceived,0.626255,0.193808,,,,,
115396214,118575,5400000,0,476369,30,,,31424,筑波大学 - C3,2454057,FIRST_HALF,True,passSucceeded passSucceededFrom5 passSucceededTo2 passSucceededFrom5To2 backwardPassSucceeded shortPassSucceeded,passSucceeded backwardPassSucceeded shortPassSucceeded,0.627839,0.200992,476367,,,0.5486,0.0963052
115396215,118575,5400000,0,476367,1,,,31424,筑波大学 - C3,2455396,FIRST_HALF,True,passReceived passReceivedFrom2,passReceived,0.5486,0.0963052,,,,,
115396219,118575,5400000,0,476367,1,,,31424,筑波大学 - C3,2456420,FIRST_HALF,True,passSucceeded passSucceededFrom2 passSucceededTo4 passSucceededFrom2To4 sidewaysPassSucceeded mediumPassSucceeded,passSucceeded sidewaysPassSucceeded mediumPassSucceeded,0.550185,0.100411,476368,,,0.320391,0.182518
115396220,118575,5400000,0,476368,40,,,31424,筑波大学 - C3,2458165,FIRST_HALF,True,dribbleToSpace passReceived passReceivedFrom4,dribbleToSpace passReceived,0.320391,0.182518,,,,,
115396223,118575,5400000,0,476368,40,,,31424,筑波大学 - C3,2463732,FIRST_HALF,True,passSucceeded passSucceededFrom5 passSucceededTo5 passSucceededFrom5To5 sidewaysPassSucceeded mediumPassSucceeded,passSucceeded sidewaysPassSucceeded mediumPassSucceeded,0.346685,0.329542,476369,,,0.635824,0.297503
115396224,118575,5400000,0,476369,30,,,31424,筑波大学 - C3,2465480,FIRST_HALF,True,passReceived passReceivedFrom5,passReceived,0.635824,0.297503,,,,,
115396225,118575,5400000,0,476369,30,,,31424,筑波大学 - C3,2466780,FIRST_HALF,True,passSucceeded passSucceededFrom5 passSucceededTo8 passSucceededFrom5To8 sidewaysPassSucceeded mediumPassSucceeded,passSucceeded sidewaysPassSucceeded mediumPassSucceeded,0.627669,0.314316,476368,,,0.385631,0.339091
115396226,118575,5400000,0,476368,40,,,31424,筑波大学 - C3,2468118,FIRST_HALF,True,passReceived passReceivedFrom8,passReceived,0.385631,0.339091,,,,,
115396232,118575,5400000,0,476368,40,,,31424,筑波大学 - C3,2470157,FIRST_HALF,True,passSucceeded passSucceededFrom8 passSucceededTo8 passSucceededFrom8To8 sidewaysPassSucceeded mediumPassSucceeded,passSucceeded sidewaysPassSucceeded mediumPassSucceeded,0.379354,0.339172,476369,,,0.643635,0.364296
115396233,118575,5400000,0,476369,30,,,31424,筑波大学 - C3,2472800,FIRST_HALF,True,passReceived passReceivedFrom8,passReceived,0.643635,0.364296,,,,,
115396234,118575,5400000,0,476369,30,,,31424,筑波大学 - C3,2479913,FIRST_HALF,True,passSucceeded passSucceededFrom9 passSucceededTo8 passSucceededFrom9To8 backwardPassSucceeded mediumPassSucceeded,passSucceeded backwardPassSucceeded mediumPassSucceeded,0.722768,0.477915,476368,,,0.503328,0.366706
115396235,118575,5400000,0,476368,40,,,31424,筑波大学 - C3,2481552,FIRST_HALF,True,passReceived passReceivedFrom8,passReceived,0.503328,0.366706,,,,,
115396238,118575,5400000,0,476368,40,,,31424,筑波大学 - C3,2484560,FIRST_HALF,True,passSucceeded passSucceededFrom8 passSucceededTo9 passSucceededFrom8To9 sidewaysPassSucceeded shortPassSucceeded,passSucceeded sidewaysPassSucceeded shortPassSucceeded,0.531835,0.394417,476369,,,0.687303,0.409638
115396239,118575,5400000,0,476369,30,,,31424,筑波大学 - C3,2486145,FIRST_HALF,True,passReceived passReceivedFrom9,passReceived,0.687303,0.409638,,,,,
115396242,118575,5400000,0,476369,30,,,31424,筑波大学 - C3,2487201,FIRST_HALF,True,passSucceeded passSucceededFrom9 passSucceededTo9 passSucceededFrom9To9 sidewaysPassSucceeded shortPassSucceeded,passSucceeded sidewaysPassSucceeded shortPassSucceeded,0.704697,0.415646,476371,,,0.893916,0.421851
115396243,118575,5400000,0,476371,5,,,31424,筑波大学 - C3,2488520,FIRST_HALF,True,passReceived passReceivedFrom9,passReceived,0.893916,0.421851,,,,,
115396247,118575,5400000,0,476371,5,,,31424,筑波大学 - C3,2489475,FIRST_HALF,True,passSucceeded passSucceededFrom9 passSucceededTo12 passSucceededFrom9To12 forwardPassSucceeded mediumPassSucceeded,passSucceeded forwardPassSucceeded mediumPassSucceeded,0.898719,0.427544,476374,,,0.978693,0.574506
115396249,118575,5400000,0,476374,2,,,31424,筑波大学 - C3,2490760,FIRST_HALF,True,passReceived passReceivedFrom12,passReceived,0.978693,0.574506,,,,,
115396260,118575,5400000,0,476374,2,,,31424,筑波大学 - C3,2491400,FIRST_HALF,True,passSucceeded passSucceededFrom12 passSucceededTo12 passSucceededFrom12To12 sidewaysPassSucceeded shortPassSucceeded,passSucceeded sidewaysPassSucceeded shortPassSucceeded,0.973676,0.578576,476373,,,0.883077,0.589393
115396261,118575,5400000,0,476373,39,,,31424,筑波大学 - C3,2492480,FIRST_HALF,True,passSucceeded passReceived passSucceededFrom12 passSucceededTo15 passSucceededFrom12To15 forwardPassSucceeded shortPassSucceeded,passSucceeded forwardPassSucceeded shortPassSucceeded passReceived,0.883077,0.589393,476376,,,0.944184,0.695527
115396262,118575,5400000,0,476376,19,,,31424,筑波大学 - C3,2493480,FIRST_HALF,True,passReceived passReceivedFrom15,passReceived,0.944184,0.695527,,,,,
115397750,118575,5400000,0,476354,29,,,31425,筑波大学 サッカー同好会,2494480,FIRST_HALF,True,cutoff,cutoff,0.0460257,0.293221,,,,,
115397751,118575,5400000,0,476360,18,,,31425,筑波大学 サッカー同好会,2495920,FIRST_HALF,True,possession,possession,0.0700117,0.395271,,,,,
115397752,118575,5400000,0,476360,18,,,31425,筑波大学 サッカー同好会,2497040,FIRST_HALF,True,dribbleToSpace,dribbleToSpace,0.0952554,0.389878,,,,,
115396265,118575,5400000,0,476372,34,,,31424,筑波大学 - C3,2500200,FIRST_HALF,True,cutoff,cutoff,0.769866,0.459337,,,,,
115396266,118575,5400000,0,476376,19,,,31424,筑波大学 - C3,2501541,FIRST_HALF,True,possession,possession,0.82507,0.364745,,,,,
115396268,118575,5400000,0,476376,19,,,31424,筑波大学 - C3,2502800,FIRST_HALF,True,passSucceeded passSucceededFrom9 passSucceededTo6 passSucceededFrom9To6 backwardPassSucceeded shortPassSucceeded,passSucceeded backwardPassSucceeded shortPassSucceeded,0.779182,0.360581,476369,,,0.793706,0.22729
115396269,118575,5400000,0,476369,30,,,31424,筑波大学 - C3,2504240,FIRST_HALF,True,passReceived passReceivedFrom6,passReceived,0.793706,0.22729,,,,,
115396282,118575,5400000,0,476369,30,,,31424,筑波大学 - C3,2506757,FIRST_HALF,True,passSucceeded passSucceededFrom6 passSucceededTo8 passSucceededFrom6To8 forwardPassSucceeded shortPassSucceeded,passSucceeded forwardPassSucceeded shortPassSucceeded,0.749258,0.237873,476376,,,0.665877,0.360713
115396283,118575,5400000,0,476376,19,,,31424,筑波大学 - C3,2508128,FIRST_HALF,True,passSucceeded passReceived passSucceededFrom8 passSucceededTo6 passSucceededFrom8To6 backwardPassSucceeded shortPassSucceeded,passSucceeded backwardPassSucceeded shortPassSucceeded passReceived,0.665877,0.360713,476369,,,0.752142,0.24107
115396284,118575,5400000,0,476369,30,,,31424,筑波大学 - C3,2509120,FIRST_HALF,True,passReceived passReceivedFrom6,passReceived,0.752142,0.24107,,,,,
115396285,118575,5400000,0,476369,30,,,31424,筑波大学 - C3,2510102,FIRST_HALF,True,passSucceeded passSucceededFrom6 passSucceededTo9 passSucceededFrom6To9 forwardPassSucceeded shortPassSucceeded,passSucceeded forwardPassSucceeded shortPassSucceeded,0.746812,0.243799,476376,,,0.777555,0.367152
115396286,118575,5400000,0,476376,19,,,31424,筑波大学 - C3,2511640,FIRST_HALF,True,passReceived passReceivedFrom9,passReceived,0.777555,0.367152,,,,,
115396289,118575,5400000,0,476376,19,,,31424,筑波大学 - C3,2513392,FIRST_HALF,True,passSucceeded passSucceededFrom9 passSucceededTo6 passSucceededFrom9To6 backwardPassSucceeded shortPassSucceeded,passSucceeded backwardPassSucceeded shortPassSucceeded,0.767241,0.352342,476369,,,0.770585,0.21598
115396290,118575,5400000,0,476369,30,,,31424,筑波大学 - C3,2514611,FIRST_HALF,True,passReceived passReceivedFrom6,passReceived,0.770585,0.21598,,,,,
115396298,118575,5400000,0,476369,30,,,31424,筑波大学 - C3,2517370,FIRST_HALF,True,passSucceeded passSucceededFrom6 passSucceededTo4 passSucceededFrom6To4 sidewaysPassSucceeded mediumPassSucceeded,passSucceeded sidewaysPassSucceeded mediumPassSucceeded,0.707192,0.225956,476368,,,0.32041,0.263464
115396299,118575,5400000,0,476368,40,,,31424,筑波大学 - C3,2519089,FIRST_HALF,True,passReceived passReceivedFrom4,passReceived,0.32041,0.263464,,,,,
115397776,118575,5400000,0,476368,40,,,31424,筑波大学 - C3,2523080,FIRST_HALF,True,passSucceeded passSucceededFrom7 passSucceededTo8 passSucceededFrom7To8 forwardPassSucceeded shortPassSucceeded,passSucceeded forwardPassSucceeded shortPassSucceeded,0.319734,0.359451,476375,,,0.354548,0.461522
115397777,118575,5400000,0,476375,55,,,31424,筑波大学 - C3,2524040,FIRST_HALF,True,passSucceeded passReceived passSucceededFrom8 passSucceededTo8 passSucceededFrom8To8 sidewaysPassSucceeded shortPassSucceeded,passSucceeded sidewaysPassSucceeded shortPassSucceeded passReceived,0.354548,0.461522,476373,,,0.52248,0.433614
115397778,118575,5400000,0,476373,39,,,31424,筑波大学 - C3,2525400,FIRST_HALF,True,passFailed passReceived passFailedFrom8 passFailedTo13 passFailedFrom8To13 forwardPassFailed mediumPassFailed,passFailed forwardPassFailed mediumPassFailed passReceived,0.52248,0.433614,476377,,,0.323561,0.675162
115397781,118575,5400000,0,476377,24,,,31424,筑波大学 - C3,2525400,FIRST_HALF,True,offside,offside,0.323561,0.675162,,,,,
115397790,118575,5400000,0,476352,12,,,31425,筑波大学 サッカー同好会,2557800,FIRST_HALF,True,freeKick passFailed passFailedFrom5 passFailedTo15 passFailedFrom5To15 forwardPassFailed longPassFailed,freeKick passFailed forwardPassFailed longPassFailed,0.591424,0.317536,476362,,,0.715769,0.701453
115396329,118575,5400000,0,476370,14,,,31424,筑波大学 - C3,2560760,FIRST_HALF,True,aerialDuelSucceeded clearance,duelSucceeded aerialDuelSucceeded clearance,0.279878,0.294232,,,,,
115397791,118575,5400000,0,476362,9,,,31425,筑波大学 サッカー同好会,2560760,FIRST_HALF,True,aerialDuelFailed,duelFailed aerialDuelFailed,0.715769,0.701453,,,,,
115397792,118575,5400000,0,476358,22,,,31425,筑波大学 サッカー同好会,2562560,FIRST_HALF,True,possession passFailed passFailedFrom11 passFailedTo12 passFailedFrom11To12 forwardPassFailed shortPassFailed,passFailed forwardPassFailed shortPassFailed possession,0.63619,0.567552,,,,0.678715,0.630388
115396333,118575,5400000,0,476373,39,,,31424,筑波大学 - C3,2563520,FIRST_HALF,True,intercept,intercept,0.341584,0.36589,,,,,
115397793,118575,5400000,0,,,,,31425,筑波大学 サッカー同好会,2563600,FIRST_HALF,True,,,0.678715,0.630388,,,,,
115396338,118575,5400000,0,476373,39,,,31424,筑波大学 - C3,2565991,FIRST_HALF,True,passSucceeded passSucceededFrom7 passSucceededTo4 passSucceededFrom7To4 backwardPassSucceeded shortPassSucceeded,passSucceeded backwardPassSucceeded shortPassSucceeded,0.27366,0.412883,476370,,,0.133642,0.319017
115396339,118575,5400000,0,476370,14,,,31424,筑波大学 - C3,2567840,FIRST_HALF,True,passReceived passReceivedFrom4,passReceived,0.133642,0.319017,,,,,
115396347,118575,5400000,0,476370,14,,,31424,筑波大学 - C3,2568401,FIRST_HALF,True,passSucceeded passSucceededFrom4 passSucceededTo4 passSucceededFrom4To4 backwardPassSucceeded mediumPassSucceeded,passSucceeded backwardPassSucceeded mediumPassSucceeded,0.136507,0.309365,476368,,,0.275071,0.185315
115396348,118575,5400000,0,476368,40,,,31424,筑波大学 - C3,2569720,FIRST_HALF,True,passReceived passReceivedFrom4,passReceived,0.275071,0.185315,,,,,
115396351,118575,5400000,0,476368,40,,,31424,筑波大学 - C3,2570724,FIRST_HALF,True,passSucceeded passSucceededFrom4 passSucceededTo5 passSucceededFrom4To5 sidewaysPassSucceeded mediumPassSucceeded,passSucceeded sidewaysPassSucceeded mediumPassSucceeded,0.291832,0.176365,476369,,,0.570787,0.22973
115396352,118575,5400000,0,476369,30,,,31424,筑波大学 - C3,2572960,FIRST_HALF,True,passReceived passReceivedFrom5,passReceived,0.570787,0.22973,,,,,
115396356,118575,5400000,0,476369,30,,,31424,筑波大学 - C3,2573348,FIRST_HALF,True,passSucceeded passSucceededFrom5 passSucceededTo4 passSucceededFrom5To4 sidewaysPassSucceeded mediumPassSucceeded,passSucceeded sidewaysPassSucceeded mediumPassSucceeded,0.573957,0.230756,476368,,,0.329468,0.221464
115396357,118575,5400000,0,476368,40,,,31424,筑波大学 - C3,2575408,FIRST_HALF,True,dribbleToSpace passReceived passReceivedFrom4,dribbleToSpace passReceived,0.329468,0.221464,,,,,
115396406,118575,5400000,0,476368,40,,,31424,筑波大学 - C3,2579846,FIRST_HALF,True,attackRouteStart passSucceeded passSucceededFrom7 passSucceededTo10 passSucceededFrom7To10 forwardPassSucceeded mediumPassSucceeded,passSucceeded forwardPassSucceeded mediumPassSucceeded,0.300344,0.385951,476370,,,0.0443239,0.538214
115396407,118575,5400000,0,476370,14,,,31424,筑波大学 - C3,2581680,FIRST_HALF,True,passReceived passReceivedFrom10,passReceived,0.0443239,0.538214,,,,,
115396364,118575,5400000,0,476370,14,,,31424,筑波大学 - C3,2583022,FIRST_HALF,True,passSucceeded passSucceededFrom10 passSucceededTo7 passSucceededFrom10To7 backwardPassSucceeded mediumPassSucceeded,passSucceeded backwardPassSucceeded mediumPassSucceeded,0.0499274,0.522569,476368,,,0.111169,0.338831
115396365,118575,5400000,0,476368,40,,,31424,筑波大学 - C3,2585167,FIRST_HALF,True,passReceived passReceivedFrom7,passReceived,0.111169,0.338831,,,,,
115396371,118575,5400000,0,476368,40,,,31424,筑波大学 - C3,2590642,FIRST_HALF,True,passFailed passFailedFrom8 passFailedTo14 passFailedFrom8To14 forwardPassFailed longPassFailed,passFailed forwardPassFailed longPassFailed,0.374812,0.357571,,,,0.40231,0.722319
115396372,118575,5400000,0,,,,,31424,筑波大学 - C3,2592617,FIRST_HALF,True,,,0.40231,0.722319,,,,,
115397805,118575,5400000,0,476355,31,,,31425,筑波大学 サッカー同好会,2592880,FIRST_HALF,True,block,block,0.52961,0.256344,,,,,
115396384,118575,5400000,0,476376,19,,,31424,筑波大学 - C3,2595440,FIRST_HALF,True,looseBallDuelSucceeded possession,duelSucceeded looseBallDuelSucceeded possession,0.373274,0.899726,,,,,
115397806,118575,5400000,0,476354,29,,,31425,筑波大学 サッカー同好会,2595680,FIRST_HALF,True,looseBallDuelFailed,duelFailed looseBallDuelFailed,0.623169,0.0887479,,,,,
115396392,118575,5400000,0,476376,19,,,31424,筑波大学 - C3,2596560,FIRST_HALF,True,goal footRight attackRouteEnd goalInPenaltyArea,goal,0.361595,0.954328,,,,,
115397807,118575,5400000,0,476352,12,,,31425,筑波大学 サッカー同好会,2598320,FIRST_HALF,True,goalAgainst,goalAgainst,0.643153,0.0444507,,,,,
115397815,118575,5400000,0,476362,9,,,31425,筑波大学 サッカー同好会,2631840,FIRST_HALF,True,passSucceeded passSucceededFrom11 passSucceededTo8 passSucceededFrom11To8 backwardPassSucceeded shortPassSucceeded,passSucceeded backwardPassSucceeded shortPassSucceeded,0.467372,0.501926,476358,,,0.416757,0.378003
115397816,118575,5400000,0,476358,22,,,31425,筑波大学 サッカー同好会,2633200,FIRST_HALF,True,passReceived passReceivedFrom8,passReceived,0.416757,0.378003,,,,,
115397819,118575,5400000,0,476358,22,,,31425,筑波大学 サッカー同好会,2635320,FIRST_HALF,True,passSucceeded passSucceededFrom8 passSucceededTo6 passSucceededFrom8To6 sidewaysPassSucceeded mediumPassSucceeded,passSucceeded sidewaysPassSucceeded mediumPassSucceeded,0.423183,0.393311,476355,,,0.697471,0.325882
115397820,118575,5400000,0,476355,31,,,31425,筑波大学 サッカー同好会,2637640,FIRST_HALF,True,passSucceeded passReceived passSucceededFrom6 passSucceededTo9 passSucceededFrom6To9 forwardPassSucceeded mediumPassSucceeded,passSucceeded forwardPassSucceeded mediumPassSucceeded passReceived,0.697471,0.325882,476356,,,0.927549,0.463086
115397821,118575,5400000,0,476356,14,,,31425,筑波大学 サッカー同好会,2639425,FIRST_HALF,True,passReceived passReceivedFrom9,passReceived,0.927549,0.463086,,,,,
115397823,118575,5400000,0,476356,14,,,31425,筑波大学 サッカー同好会,2640720,FIRST_HALF,True,passSucceeded passSucceededFrom9 passSucceededTo6 passSucceededFrom9To6 backwardPassSucceeded shortPassSucceeded,passSucceeded backwardPassSucceeded shortPassSucceeded,0.857365,0.434405,476355,,,0.801703,0.316336
115397824,118575,5400000,0,476355,31,,,31425,筑波大学 サッカー同好会,2642040,FIRST_HALF,True,passReceived passReceivedFrom6,passReceived,0.801703,0.316336,,,,,
115397828,118575,5400000,0,476355,31,,,31425,筑波大学 サッカー同好会,2643320,FIRST_HALF,True,passSucceeded passSucceededFrom6 passSucceededTo9 passSucceededFrom6To9 forwardPassSucceeded shortPassSucceeded,passSucceeded forwardPassSucceeded shortPassSucceeded,0.830148,0.321338,476358,,,0.755893,0.409167
115397829,118575,5400000,0,476358,22,,,31425,筑波大学 サッカー同好会,2644320,FIRST_HALF,True,passReceived passReceivedFrom9,passReceived,0.755893,0.409167,,,,,
115397841,118575,5400000,0,476358,22,,,31425,筑波大学 サッカー同好会,2645120,FIRST_HALF,True,passSucceeded passSucceededFrom9 passSucceededTo12 passSucceededFrom9To12 forwardPassSucceeded shortPassSucceeded,passSucceeded forwardPassSucceeded shortPassSucceeded,0.777264,0.417716,476357,,,0.88464,0.51547
115397842,118575,5400000,0,476357,17,,,31425,筑波大学 サッカー同好会,2646280,FIRST_HALF,True,passSucceeded passReceived passSucceededFrom12 passSucceededTo12 passSucceededFrom12To12 sidewaysPassSucceeded shortPassSucceeded,passSucceeded sidewaysPassSucceeded shortPassSucceeded passReceived,0.88464,0.51547,476356,,,0.947147,0.536898
115397843,118575,5400000,0,476356,14,,,31425,筑波大学 サッカー同好会,2647280,FIRST_HALF,True,passFailed passReceived passFailedFrom12 passFailedTo12 passFailedFrom12To12 forwardPassFailed shortPassFailed,passFailed forwardPassFailed shortPassFailed passReceived,0.947147,0.536898,,,,1.0,0.608437
115397844,118575,5400000,0,,,,,31425,筑波大学 サッカー同好会,2648920,FIRST_HALF,True,,,1.0,0.608437,,,,,
115396420,118575,5400000,0,476370,14,,,31424,筑波大学 - C3,2654360,FIRST_HALF,True,throwIn passSucceeded passSucceededFrom7 passSucceededTo4 passSucceededFrom7To4 backwardPassSucceeded shortPassSucceeded,throwIn passSucceeded backwardPassSucceeded shortPassSucceeded,0.0,0.366407,476373,,,0.12064,0.318368
115396421,118575,5400000,0,476373,39,,,31424,筑波大学 - C3,2655720,FIRST_HALF,True,passReceived passReceivedFrom4,passReceived,0.12064,0.318368,,,,,
115396429,118575,5400000,0,476373,39,,,31424,筑波大学 - C3,2655991,FIRST_HALF,True,passSucceeded passSucceededFrom4 passSucceededTo4 passSucceededFrom4To4 backwardPassSucceeded shortPassSucceeded,passSucceeded backwardPassSucceeded shortPassSucceeded,0.109531,0.317764,476368,,,0.0480415,0.198238
115396430,118575,5400000,0,476368,40,,,31424,筑波大学 - C3,2657532,FIRST_HALF,True,dribbleToSpace passReceived passReceivedFrom4,dribbleToSpace passReceived,0.0480415,0.198238,,,,,
115396431,118575,5400000,0,476368,40,,,31424,筑波大学 - C3,2663760,FIRST_HALF,True,passSucceeded passSucceededFrom5 passSucceededTo5 passSucceededFrom5To5 sidewaysPassSucceeded mediumPassSucceeded,passSucceeded sidewaysPassSucceeded mediumPassSucceeded,0.370697,0.22136,476369,,,0.65627,0.258827
115396432,118575,5400000,0,476369,30,,,31424,筑波大学 - C3,2665280,FIRST_HALF,True,passReceived passReceivedFrom5,passReceived,0.65627,0.258827,,,,,
115396433,118575,5400000,0,476369,30,,,31424,筑波大学 - C3,2666888,FIRST_HALF,True,passSucceeded passSucceededFrom6 passSucceededTo12 passSucceededFrom6To12 forwardPassSucceeded longPassSucceeded,passSucceeded forwardPassSucceeded longPassSucceeded,0.702272,0.284827,476371,,,0.986001,0.542764
115396434,118575,5400000,0,476371,5,,,31424,筑波大学 - C3,2668983,FIRST_HALF,True,passReceived passReceivedFrom12,passReceived,0.986001,0.542764,,,,,
115396436,118575,5400000,0,476371,5,,,31424,筑波大学 - C3,2671384,FIRST_HALF,True,passSucceeded passSucceededFrom12 passSucceededTo9 passSucceededFrom12To9 sidewaysPassSucceeded shortPassSucceeded,passSucceeded sidewaysPassSucceeded shortPassSucceeded,0.99234,0.519158,476372,,,0.845679,0.46709
115396437,118575,5400000,0,476372,34,,,31424,筑波大学 - C3,2672733,FIRST_HALF,True,passReceived passReceivedFrom9,passReceived,0.845679,0.46709,,,,,
115396440,118575,5400000,0,476372,34,,,31424,筑波大学 - C3,2673840,FIRST_HALF,True,passSucceeded passSucceededFrom9 passSucceededTo12 passSucceededFrom9To12 forwardPassSucceeded shortPassSucceeded,passSucceeded forwardPassSucceeded shortPassSucceeded,0.843496,0.490677,476376,,,0.826568,0.603715
115396441,118575,5400000,0,476376,19,,,31424,筑波大学 - C3,2674800,FIRST_HALF,True,passReceived passReceivedFrom12,passReceived,0.826568,0.603715,,,,,
115397852,118575,5400000,0,476353,47,,,31425,筑波大学 サッカー同好会,2677280,FIRST_HALF,True,tackleSucceeded,tackleSucceeded,0.151036,0.411833,,,,,
115397873,118575,5400000,0,476353,47,,,31425,筑波大学 サッカー同好会,2678839,FIRST_HALF,True,dribbleToSpace,dribbleToSpace,0.154767,0.463966,,,,,
115396445,118575,5400000,0,476369,30,,,31424,筑波大学 - C3,2685888,FIRST_HALF,True,tackleFailed,tackleFailed,0.881405,0.170202,,,,,
115396447,118575,5400000,0,476369,30,,,31424,筑波大学 - C3,2688760,FIRST_HALF,True,tackleSucceeded,tackleSucceeded,0.957475,0.262573,,,,,
115396453,118575,5400000,0,476369,30,,,31424,筑波大学 - C3,2689800,FIRST_HALF,True,dribbleToSpace,dribbleToSpace,0.949914,0.299319,,,,,
115396455,118575,5400000,0,476369,30,,,31424,筑波大学 - C3,2691720,FIRST_HALF,True,passFailed passFailedFrom9 passFailedTo9 passFailedFrom9To9 forwardPassFailed shortPassFailed,passFailed forwardPassFailed shortPassFailed,1.0,0.402064,,,,0.979662,0.455525
115396456,118575,5400000,0,,,,,31424,筑波大学 - C3,2692160,FIRST_HALF,True,,,0.979662,0.455525,,,,,
115397880,118575,5400000,0,476360,18,,,31425,筑波大学 サッカー同好会,2692400,FIRST_HALF,True,intercept,intercept,0.0307039,0.517332,,,,,
115397885,118575,5400000,0,476360,18,,,31425,筑波大学 サッカー同好会,2693400,FIRST_HALF,True,passSucceeded passSucceededFrom10 passSucceededTo13 passSucceededFrom10To13 forwardPassSucceeded mediumPassSucceeded,passSucceeded forwardPassSucceeded mediumPassSucceeded,0.0595913,0.539495,476353,,,-0.0171183,0.721573
115397886,118575,5400000,0,476353,47,,,31425,筑波大学 サッカー同好会,2695480,FIRST_HALF,True,passReceived passReceivedFrom13,passReceived,-0.0171183,0.721573,,,,,
115397902,118575,5400000,0,476353,47,,,31425,筑波大学 サッカー同好会,2696800,FIRST_HALF,True,passSucceeded passSucceededFrom13 passSucceededTo16 passSucceededFrom13To16 forwardPassSucceeded mediumPassSucceeded,passSucceeded forwardPassSucceeded mediumPassSucceeded,0.0111678,0.753777,476359,,,0.117315,0.911202
115397903,118575,5400000,0,476359,16,,,31425,筑波大学 サッカー同好会,2699520,FIRST_HALF,True,passFailed passReceived passFailedFrom16 passFailedTo16 passFailedFrom16To16 sidewaysPassFailed shortPassFailed,passFailed sidewaysPassFailed shortPassFailed passReceived,0.117315,0.911202,476362,,,0.266057,0.874157
115397904,118575,5400000,0,476362,9,,,31425,筑波大学 サッカー同好会,2700080,FIRST_HALF,True,hit,hit,0.266057,0.874157,,,,,
115396464,118575,5400000,0,476367,1,,,31424,筑波大学 - C3,2703344,FIRST_HALF,True,possession,possession,0.656366,0.00598704,,,,,
115396483,118575,5400000,0,476367,1,,,31424,筑波大学 - C3,2711063,FIRST_HALF,True,passSucceeded passSucceededFrom2 passSucceededTo2 passSucceededFrom2To2 sidewaysPassSucceeded shortPassSucceeded,passSucceeded sidewaysPassSucceeded shortPassSucceeded,0.535922,0.0911735,476368,,,0.383782,0.132227
115396484,118575,5400000,0,476368,40,,,31424,筑波大学 - C3,2713080,FIRST_HALF,True,passReceived passReceivedFrom2,passReceived,0.383782,0.132227,,,,,
115396486,118575,5400000,0,476368,40,,,31424,筑波大学 - C3,2714523,FIRST_HALF,True,passSucceeded passSucceededFrom5 passSucceededTo7 passSucceededFrom5To7 forwardPassSucceeded longPassSucceeded,passSucceeded forwardPassSucceeded longPassSucceeded,0.374274,0.168149,476370,,,0.028656,0.389611
115396487,118575,5400000,0,476370,14,,,31424,筑波大学 - C3,2717266,FIRST_HALF,True,passReceived passReceivedFrom7,passReceived,0.028656,0.389611,,,,,
115396488,118575,5400000,0,476370,14,,,31424,筑波大学 - C3,2721000,FIRST_HALF,True,passSucceeded passSucceededFrom7 passSucceededTo4 passSucceededFrom7To4 backwardPassSucceeded mediumPassSucceeded,passSucceeded backwardPassSucceeded mediumPassSucceeded,0.085387,0.461904,476368,,,0.126003,0.315272
115396489,118575,5400000,0,476368,40,,,31424,筑波大学 - C3,2722840,FIRST_HALF,True,passReceived passReceivedFrom4,passReceived,0.126003,0.315272,,,,,
115396491,118575,5400000,0,476368,40,,,31424,筑波大学 - C3,2724640,FIRST_HALF,True,passSucceeded passSucceededFrom4 passSucceededTo5 passSucceededFrom4To5 sidewaysPassSucceeded longPassSucceeded,passSucceeded sidewaysPassSucceeded longPassSucceeded,0.141997,0.31572,476369,,,0.581709,0.277531
115396492,118575,5400000,0,476369,30,,,31424,筑波大学 - C3,2727072,FIRST_HALF,True,passReceived passReceivedFrom5,passReceived,0.581709,0.277531,,,,,
115396502,118575,5400000,0,476369,30,,,31424,筑波大学 - C3,2731400,FIRST_HALF,True,passSucceeded passSucceededFrom5 passSucceededTo5 passSucceededFrom5To5 sidewaysPassSucceeded mediumPassSucceeded,passSucceeded sidewaysPassSucceeded mediumPassSucceeded,0.613694,0.320239,476368,,,0.361302,0.330741
115396503,118575,5400000,0,476368,40,,,31424,筑波大学 - C3,2733515,FIRST_HALF,True,passReceived passReceivedFrom5,passReceived,0.361302,0.330741,,,,,
115396506,118575,5400000,0,476368,40,,,31424,筑波大学 - C3,2736992,FIRST_HALF,True,passSucceeded passSucceededFrom8 passSucceededTo8 passSucceededFrom8To8 sidewaysPassSucceeded mediumPassSucceeded,passSucceeded sidewaysPassSucceeded mediumPassSucceeded,0.407862,0.372911,476369,,,0.63769,0.347849
115396507,118575,5400000,0,476369,30,,,31424,筑波大学 - C3,2738480,FIRST_HALF,True,passReceived passReceivedFrom8,passReceived,0.63769,0.347849,,,,,
115396526,118575,5400000,0,476369,30,,,31424,筑波大学 - C3,2739859,FIRST_HALF,True,passFailed passFailedFrom8 passFailedTo15 passFailedFrom8To15 forwardPassFailed longPassFailed,passFailed forwardPassFailed longPassFailed,0.665399,0.363564,476376,,,0.736606,0.755863
115397917,118575,5400000,0,476354,29,,,31425,筑波大学 サッカー同好会,2742480,FIRST_HALF,True,foulCommitted,foulCommitted,0.284988,0.238074,,,,,
115396527,118575,5400000,0,476376,19,,,31424,筑波大学 - C3,2742480,FIRST_HALF,True,foulConceded,foulConceded,0.736606,0.755863,,,,,
115397922,118575,5400000,0,476352,12,,,31425,筑波大学 サッカー同好会,2763680,FIRST_HALF,True,freeKick passFailed passFailedFrom4 passFailedTo10 passFailedFrom4To10 forwardPassFailed longPassFailed,freeKick passFailed forwardPassFailed longPassFailed,0.24985,0.229609,,,,0.11175,0.605929
115396532,118575,5400000,0,476371,5,,,31424,筑波大学 - C3,2766360,FIRST_HALF,True,clearance,clearance,0.91859,0.392776,,,,,
115397923,118575,5400000,0,,,,,31425,筑波大学 サッカー同好会,2766360,FIRST_HALF,True,,,0.11175,0.605929,,,,,
115397926,118575,5400000,0,476358,22,,,31425,筑波大学 サッカー同好会,2767640,FIRST_HALF,True,clearance,clearance,0.164438,0.442352,,,,,
115397929,118575,5400000,0,476355,31,,,31425,筑波大学 サッカー同好会,2769560,FIRST_HALF,True,possession passSucceeded passSucceededFrom8 passSucceededTo7 passSucceededFrom8To7 sidewaysPassSucceeded shortPassSucceeded,passSucceeded sidewaysPassSucceeded shortPassSucceeded possession,0.381482,0.352558,476354,,,0.287729,0.334222
115397930,118575,5400000,0,476354,29,,,31425,筑波大学 サッカー同好会,2770800,FIRST_HALF,True,ballMissed passReceived passReceivedFrom7,ballMissed passReceived,0.287729,0.334222,,,,,
115396538,118575,5400000,0,476377,24,,,31424,筑波大学 - C3,2771441,FIRST_HALF,True,possession,possession,0.718818,0.666087,,,,,
115396544,118575,5400000,0,476377,24,,,31424,筑波大学 - C3,2772450,FIRST_HALF,True,passSucceeded passSucceededFrom12 passSucceededTo15 passSucceededFrom12To15 forwardPassSucceeded mediumPassSucceeded,passSucceeded forwardPassSucceeded mediumPassSucceeded,0.754376,0.646496,476374,,,0.87458,0.772878
115396545,118575,5400000,0,476374,2,,,31424,筑波大学 - C3,2774809,FIRST_HALF,True,passReceived passReceivedFrom15,passReceived,0.87458,0.772878,,,,,
115396548,118575,5400000,0,476374,2,,,31424,筑波大学 - C3,2778817,FIRST_HALF,True,dribbleSucceeded,dribbleSucceeded,0.89746,0.92314,,,,,
115396553,118575,5400000,0,476374,2,,,31424,筑波大学 - C3,2780160,FIRST_HALF,True,crossFailed,crossFailed,0.827522,0.99846,,,,0.531168,0.982039
115396554,118575,5400000,0,,,,,31424,筑波大学 - C3,2781390,FIRST_HALF,True,,,0.531168,0.982039,,,,,
115397941,118575,5400000,0,476352,12,,,31425,筑波大学 サッカー同好会,2782000,FIRST_HALF,True,intercept,intercept,0.447654,-0.0112291,,,,,
115397957,118575,5400000,0,476352,12,,,31425,筑波大学 サッカー同好会,2790720,FIRST_HALF,True,passFailed passFailedFrom2 passFailedTo11 passFailedFrom2To11 forwardPassFailed longPassFailed,passFailed forwardPassFailed longPassFailed,0.36078,0.136224,,,,0.412004,0.629112
115397958,118575,5400000,0,,,,,31425,筑波大学 サッカー同好会,2795400,FIRST_HALF,True,,,0.412004,0.629112,,,,,
115396564,118575,5400000,0,476368,40,,,31424,筑波大学 - C3,2795480,FIRST_HALF,True,intercept,intercept,0.602606,0.367281,,,,,
115396565,118575,5400000,0,476368,40,,,31424,筑波大学 - C3,2799469,FIRST_HALF,True,passSucceeded passSucceededFrom5 passSucceededTo6 passSucceededFrom5To6 sidewaysPassSucceeded shortPassSucceeded,passSucceeded sidewaysPassSucceeded shortPassSucceeded,0.545518,0.303387,476369,,,0.703698,0.245228
115396566,118575,5400000,0,476369,30,,,31424,筑波大学 - C3,2800520,FIRST_HALF,True,passReceived passReceivedFrom6,passReceived,0.703698,0.245228,,,,,
115396570,118575,5400000,0,476369,30,,,31424,筑波大学 - C3,2801640,FIRST_HALF,True,passSucceeded passSucceededFrom6 passSucceededTo2 passSucceededFrom6To2 backwardPassSucceeded mediumPassSucceeded,passSucceeded backwardPassSucceeded mediumPassSucceeded,0.719387,0.235427,476367,,,0.514037,0.115798
115396572,118575,5400000,0,476367,1,,,31424,筑波大学 - C3,2803840,FIRST_HALF,True,passReceived passReceivedFrom2,passReceived,0.514037,0.115798,,,,,
115396578,118575,5400000,0,476367,1,,,31424,筑波大学 - C3,2806320,FIRST_HALF,True,passSucceeded passSucceededFrom2 passSucceededTo5 passSucceededFrom2To5 forwardPassSucceeded mediumPassSucceeded,passSucceeded forwardPassSucceeded mediumPassSucceeded,0.523652,0.130429,476373,,,0.517487,0.280971
115396579,118575,5400000,0,476373,39,,,31424,筑波大学 - C3,2808369,FIRST_HALF,True,passReceived passReceivedFrom5,passReceived,0.517487,0.280971,,,,,
115396584,118575,5400000,0,476373,39,,,31424,筑波大学 - C3,2809280,FIRST_HALF,True,passSucceeded passSucceededFrom5 passSucceededTo6 passSucceededFrom5To6 sidewaysPassSucceeded mediumPassSucceeded,passSucceeded sidewaysPassSucceeded mediumPassSucceeded,0.558965,0.291976,476371,,,0.924981,0.283789
115396585,118575,5400000,0,476371,5,,,31424,筑波大学 - C3,2811808,FIRST_HALF,True,passSucceeded passReceived passSucceededFrom6 passSucceededTo6 passSucceededFrom6To6 backwardPassSucceeded shortPassSucceeded,passSucceeded backwardPassSucceeded shortPassSucceeded passReceived,0.924981,0.283789,476369,,,0.789488,0.203045
115396586,118575,5400000,0,476369,30,,,31424,筑波大学 - C3,2813664,FIRST_HALF,True,passReceived passReceivedFrom6,passReceived,0.789488,0.203045,,,,,
115396594,118575,5400000,0,476369,30,,,31424,筑波大学 - C3,2814347,FIRST_HALF,True,passSucceeded passSucceededFrom6 passSucceededTo2 passSucceededFrom6To2 sidewaysPassSucceeded mediumPassSucceeded,passSucceeded sidewaysPassSucceeded mediumPassSucceeded,0.783148,0.203045,476367,,,0.5486,0.115806
115396595,118575,5400000,0,476367,1,,,31424,筑波大学 - C3,2816306,FIRST_HALF,True,passReceived passReceivedFrom2,passReceived,0.5486,0.115806,,,,,
115396597,118575,5400000,0,476367,1,,,31424,筑波大学 - C3,2817440,FIRST_HALF,True,passSucceeded passSucceededFrom2 passSucceededTo5 passSucceededFrom2To5 forwardPassSucceeded shortPassSucceeded,passSucceeded forwardPassSucceeded shortPassSucceeded,0.501057,0.115806,476373,,,0.469361,0.227677
115396598,118575,5400000,0,476373,39,,,31424,筑波大学 - C3,2819214,FIRST_HALF,True,passReceived passReceivedFrom5,passReceived,0.469361,0.227677,,,,,
115396602,118575,5400000,0,476373,39,,,31424,筑波大学 - C3,2821921,FIRST_HALF,True,passSucceeded passSucceededFrom5 passSucceededTo7 passSucceededFrom5To7 sidewaysPassSucceeded mediumPassSucceeded,passSucceeded sidewaysPassSucceeded mediumPassSucceeded,0.376374,0.275377,476370,,,0.0926458,0.379246
115396604,118575,5400000,0,476370,14,,,31424,筑波大学 - C3,2823616,FIRST_HALF,True,passReceived passReceivedFrom7,passReceived,0.0926458,0.379246,,,,,
115396611,118575,5400000,0,476370,14,,,31424,筑波大学 - C3,2827566,FIRST_HALF,True,passSucceeded passSucceededFrom4 passSucceededTo4 passSucceededFrom4To4 backwardPassSucceeded shortPassSucceeded,passSucceeded backwardPassSucceeded shortPassSucceeded,0.152092,0.297949,476368,,,0.213502,0.198728
115396612,118575,5400000,0,476368,40,,,31424,筑波大学 - C3,2828840,FIRST_HALF,True,passReceived passReceivedFrom4,passReceived,0.213502,0.198728,,,,,
115396613,118575,5400000,0,476368,40,,,31424,筑波大学 - C3,2829686,FIRST_HALF,True,passSucceeded passSucceededFrom4 passSucceededTo4 passSucceededFrom4To4 forwardPassSucceeded shortPassSucceeded,passSucceeded forwardPassSucceeded shortPassSucceeded,0.213535,0.198397,476370,,,0.120416,0.315676
115396614,118575,5400000,0,476370,14,,,31424,筑波大学 - C3,2831167,FIRST_HALF,True,passReceived passReceivedFrom4,passReceived,0.120416,0.315676,,,,,
115396618,118575,5400000,0,476370,14,,,31424,筑波大学 - C3,2832171,FIRST_HALF,True,passSucceeded passSucceededFrom7 passSucceededTo7 passSucceededFrom7To7 forwardPassSucceeded shortPassSucceeded,passSucceeded forwardPassSucceeded shortPassSucceeded,0.10316,0.344319,476373,,,0.0362802,0.418098
115396619,118575,5400000,0,476373,39,,,31424,筑波大学 - C3,2833160,FIRST_HALF,True,passSucceeded passReceived passSucceededFrom7 passSucceededTo4 passSucceededFrom7To4 backwardPassSucceeded mediumPassSucceeded,passSucceeded backwardPassSucceeded mediumPassSucceeded passReceived,0.0362802,0.418098,476368,,,0.114895,0.258858
115396620,118575,5400000,0,476368,40,,,31424,筑波大学 - C3,2835600,FIRST_HALF,True,passReceived passReceivedFrom4,passReceived,0.114895,0.258858,,,,,
115396621,118575,5400000,0,476368,40,,,31424,筑波大学 - C3,2840233,FIRST_HALF,True,passSucceeded passSucceededFrom4 passSucceededTo9 passSucceededFrom4To9 sidewaysPassSucceeded mediumPassSucceeded,passSucceeded sidewaysPassSucceeded mediumPassSucceeded,0.300927,0.301647,476369,,,0.68289,0.363237
115396622,118575,5400000,0,476369,30,,,31424,筑波大学 - C3,2842867,FIRST_HALF,True,passReceived passReceivedFrom9,passReceived,0.68289,0.363237,,,,,
115396628,118575,5400000,0,476369,30,,,31424,筑波大学 - C3,2844156,FIRST_HALF,True,passSucceeded passSucceededFrom9 passSucceededTo8 passSucceededFrom9To8 forwardPassSucceeded shortPassSucceeded,passSucceeded forwardPassSucceeded shortPassSucceeded,0.676414,0.403589,476372,,,0.57091,0.481838
115396629,118575,5400000,0,476372,34,,,31424,筑波大学 - C3,2845040,FIRST_HALF,True,passReceived passReceivedFrom8,passReceived,0.57091,0.481838,,,,,
115396632,118575,5400000,0,476372,34,,,31424,筑波大学 - C3,2845902,FIRST_HALF,True,passSucceeded passSucceededFrom11 passSucceededTo15 passSucceededFrom11To15 forwardPassSucceeded longPassSucceeded,passSucceeded forwardPassSucceeded longPassSucceeded,0.615161,0.517106,476371,,,0.965236,0.771029
115397970,118575,5400000,0,476358,22,,,31425,筑波大学 サッカー同好会,2846200,FIRST_HALF,True,tackleFailed,tackleFailed,0.37863,0.485911,,,,,
115396633,118575,5400000,0,476371,5,,,31424,筑波大学 - C3,2849120,FIRST_HALF,True,passReceived passReceivedFrom15,passReceived,0.965236,0.771029,,,,,
115396636,118575,5400000,0,476371,5,,,31424,筑波大学 - C3,2851400,FIRST_HALF,True,crossFailed,crossFailed,0.95237,0.900561,,,,0.583465,0.927643
115397975,118575,5400000,0,476355,31,,,31425,筑波大学 サッカー同好会,2852640,FIRST_HALF,True,clearance,clearance,0.398115,0.0521659,,,,,
115396637,118575,5400000,0,,,,,31424,筑波大学 - C3,2852640,FIRST_HALF,True,,,0.583465,0.927643,,,,,
115397976,118575,5400000,0,476360,18,,,31425,筑波大学 サッカー同好会,2855520,FIRST_HALF,True,possession,possession,0.137563,0.162527,,,,,
115397979,118575,5400000,0,476360,18,,,31425,筑波大学 サッカー同好会,2855640,FIRST_HALF,True,passSucceeded passSucceededFrom4 passSucceededTo4 passSucceededFrom4To4 forwardPassSucceeded shortPassSucceeded,passSucceeded forwardPassSucceeded shortPassSucceeded,0.142088,0.168111,476359,,,0.0835143,0.282518
115397980,118575,5400000,0,476359,16,,,31425,筑波大学 サッカー同好会,2857480,FIRST_HALF,True,passReceived passReceivedFrom4,passReceived,0.0835143,0.282518,,,,,
115397991,118575,5400000,0,476359,16,,,31425,筑波大学 サッカー同好会,2857960,FIRST_HALF,True,passFailed passFailedFrom4 passFailedTo7 passFailedFrom4To7 forwardPassFailed mediumPassFailed,passFailed forwardPassFailed mediumPassFailed,0.0762151,0.273288,476362,,,0.0869461,0.468715
115397992,118575,5400000,0,476362,9,,,31425,筑波大学 サッカー同好会,2860680,FIRST_HALF,True,groundDuelFailed,duelFailed groundDuelFailed,0.0869461,0.468715,,,,,
115396644,118575,5400000,0,476369,30,,,31424,筑波大学 - C3,2860760,FIRST_HALF,True,groundDuelSucceeded tackleSucceeded,duelSucceeded groundDuelSucceeded tackleSucceeded,0.951136,0.521211,,,,,
115396646,118575,5400000,0,476369,30,,,31424,筑波大学 - C3,2863000,FIRST_HALF,True,passSucceeded passSucceededFrom9 passSucceededTo3 passSucceededFrom9To3 backwardPassSucceeded longPassSucceeded,passSucceeded backwardPassSucceeded longPassSucceeded,0.976492,0.426788,476367,,,0.710854,0.161194
115396647,118575,5400000,0,476367,1,,,31424,筑波大学 - C3,2866088,FIRST_HALF,True,passReceived passReceivedFrom3,passReceived,0.710854,0.161194,,,,,
115396650,118575,5400000,0,476367,1,,,31424,筑波大学 - C3,2866880,FIRST_HALF,True,passSucceeded passSucceededFrom3 passSucceededTo6 passSucceededFrom3To6 sidewaysPassSucceeded shortPassSucceeded,passSucceeded sidewaysPassSucceeded shortPassSucceeded,0.710854,0.161194,476371,,,0.889265,0.206959
115396651,118575,5400000,0,476371,5,,,31424,筑波大学 - C3,2868703,FIRST_HALF,True,passSucceeded passReceived passSucceededFrom6 passSucceededTo6 passSucceededFrom6To6 forwardPassSucceeded shortPassSucceeded,passSucceeded forwardPassSucceeded shortPassSucceeded passReceived,0.889265,0.206959,476373,,,0.716246,0.285097
115396652,118575,5400000,0,476373,39,,,31424,筑波大学 - C3,2871280,FIRST_HALF,True,passReceived passReceivedFrom6,passReceived,0.716246,0.285097,,,,,
115341345,118575,5400000,0,476371,5,,,31424,筑波大学 - C3,2700000,SECOND_HALF,False,changeOut,changeOut,0.875,0.245,,,,,
115341414,118575,5400000,0,476358,22,,,31425,筑波大学 サッカー同好会,2700000,SECOND_HALF,False,changeOut,changeOut,0.583333,0.58,,,,,
115341346,118575,5400000,0,476379,6,,,31424,筑波大学 - C3,2700000,SECOND_HALF,False,changeIn,changeIn,0.875,0.245,,,,,
115341415,118575,5400000,0,476365,44,,,31425,筑波大学 サッカー同好会,2700000,SECOND_HALF,False,changeIn,changeIn,0.583333,0.58,,,,,
115398225,118575,5400000,0,476376,19,,,31424,筑波大学 - C3,2701320,SECOND_HALF,False,passSucceeded passSucceededFrom8 passSucceededTo5 passSucceededFrom8To5 backwardPassSucceeded mediumPassSucceeded,passSucceeded backwardPassSucceeded mediumPassSucceeded,0.500014,0.499749,476369,,,0.545914,0.297672
115398227,118575,5400000,0,476369,30,,,31424,筑波大学 - C3,2703600,SECOND_HALF,False,passReceived passReceivedFrom5,passReceived,0.545914,0.297672,,,,,
115398235,118575,5400000,0,476369,30,,,31424,筑波大学 - C3,2704694,SECOND_HALF,False,passSucceeded passSucceededFrom5 passSucceededTo8 passSucceededFrom5To8 forwardPassSucceeded shortPassSucceeded,passSucceeded forwardPassSucceeded shortPassSucceeded,0.569687,0.31149,476372,,,0.631343,0.392958
115398236,118575,5400000,0,476372,34,,,31424,筑波大学 - C3,2705840,SECOND_HALF,False,passReceived passReceivedFrom8,passReceived,0.631343,0.392958,,,,,
115398239,118575,5400000,0,476372,34,,,31424,筑波大学 - C3,2709316,SECOND_HALF,False,passSucceeded passSucceededFrom8 passSucceededTo5 passSucceededFrom8To5 sidewaysPassSucceeded mediumPassSucceeded,passSucceeded sidewaysPassSucceeded mediumPassSucceeded,0.639133,0.400641,476368,,,0.351301,0.321247
115398240,118575,5400000,0,476368,40,,,31424,筑波大学 - C3,2711037,SECOND_HALF,False,passReceived passReceivedFrom5,passReceived,0.351301,0.321247,,,,,
115398247,118575,5400000,0,476368,40,,,31424,筑波大学 - C3,2715693,SECOND_HALF,False,passSucceeded passSucceededFrom8 passSucceededTo8 passSucceededFrom8To8 sidewaysPassSucceeded mediumPassSucceeded,passSucceeded sidewaysPassSucceeded mediumPassSucceeded,0.348705,0.37216,476369,,,0.574513,0.363766
115398248,118575,5400000,0,476369,30,,,31424,筑波大学 - C3,2717400,SECOND_HALF,False,passReceived passReceivedFrom8,passReceived,0.574513,0.363766,,,,,
115398261,118575,5400000,0,476369,30,,,31424,筑波大学 - C3,2718630,SECOND_HALF,False,passSucceeded passSucceededFrom8 passSucceededTo15 passSucceededFrom8To15 forwardPassSucceeded longPassSucceeded,passSucceeded forwardPassSucceeded longPassSucceeded,0.615572,0.384483,476374,,,0.955535,0.695934
115398262,118575,5400000,0,476374,2,,,31424,筑波大学 - C3,2721227,SECOND_HALF,False,passReceived passReceivedFrom15,passReceived,0.955535,0.695934,,,,,
115403458,118575,5400000,0,476353,47,,,31425,筑波大学 サッカー同好会,2721680,SECOND_HALF,False,tackleSucceeded,tackleSucceeded,0.0613896,0.282674,,,,,
115403467,118575,5400000,0,476353,47,,,31425,筑波大学 サッカー同好会,2725040,SECOND_HALF,False,passFailed passFailedFrom7 passFailedTo10 passFailedFrom7To10 forwardPassFailed shortPassFailed,passFailed forwardPassFailed shortPassFailed,0.0777968,0.375735,476357,,,0.0984085,0.517214
115403468,118575,5400000,0,476357,17,,,31425,筑波大学 サッカー同好会,2726640,SECOND_HALF,False,groundDuelFailed,duelFailed groundDuelFailed,0.0984085,0.517214,,,,,
115398269,118575,5400000,0,476369,30,,,31424,筑波大学 - C3,2726800,SECOND_HALF,False,groundDuelSucceeded tackleSucceeded,duelSucceeded groundDuelSucceeded tackleSucceeded,0.921561,0.483627,,,,,
115398283,118575,5400000,0,476369,30,,,31424,筑波大学 - C3,2728671,SECOND_HALF,False,passFailed passFailedFrom9 passFailedTo12 passFailedFrom9To12 forwardPassFailed shortPassFailed,passFailed forwardPassFailed shortPassFailed,0.987058,0.491105,476376,,,0.988865,0.598032
115398284,118575,5400000,0,476376,19,,,31424,筑波大学 - C3,2730320,SECOND_HALF,False,groundDuelFailed,duelFailed groundDuelFailed,0.988865,0.598032,,,,,
115403471,118575,5400000,0,476365,44,,,31425,筑波大学 サッカー同好会,2730440,SECOND_HALF,False,groundDuelSucceeded cutoff,duelSucceeded groundDuelSucceeded cutoff,0.0165112,0.40983,,,,,
115403478,118575,5400000,0,476353,47,,,31425,筑波大学 サッカー同好会,2737800,SECOND_HALF,False,throwIn passSucceeded passSucceededFrom4 passSucceededTo7 passSucceededFrom4To7 sidewaysPassSucceeded shortPassSucceeded,throwIn passSucceeded sidewaysPassSucceeded shortPassSucceeded,-0.0075171,0.304386,476354,,,0.129538,0.340288
115403479,118575,5400000,0,476354,29,,,31425,筑波大学 サッカー同好会,2739200,SECOND_HALF,False,passReceived passReceivedFrom7,passReceived,0.129538,0.340288,,,,,
115403490,118575,5400000,0,476354,29,,,31425,筑波大学 サッカー同好会,2739880,SECOND_HALF,False,passSucceeded passSucceededFrom7 passSucceededTo7 passSucceededFrom7To7 forwardPassSucceeded shortPassSucceeded,passSucceeded forwardPassSucceeded shortPassSucceeded,0.118924,0.356488,476360,,,0.0114867,0.398692
115403491,118575,5400000,0,476360,18,,,31425,筑波大学 サッカー同好会,2741000,SECOND_HALF,False,passFailed passReceived passFailedFrom7 passFailedTo16 passFailedFrom7To16 forwardPassFailed longPassFailed,passFailed forwardPassFailed longPassFailed passReceived,0.0114867,0.398692,,,,0.138017,0.85655
115398299,118575,5400000,0,476368,40,,,31424,筑波大学 - C3,2748120,SECOND_HALF,False,intercept,intercept,0.854005,0.133759,,,,,
115403492,118575,5400000,0,,,,,31425,筑波大学 サッカー同好会,2748400,SECOND_HALF,False,,,0.138017,0.85655,,,,,
115398304,118575,5400000,0,476368,40,,,31424,筑波大学 - C3,2749370,SECOND_HALF,False,passSucceeded passSucceededFrom3 passSucceededTo2 passSucceededFrom3To2 sidewaysPassSucceeded mediumPassSucceeded,passSucceeded sidewaysPassSucceeded mediumPassSucceeded,0.839179,0.122552,476367,,,0.525885,0.0703045
115398305,118575,5400000,0,476367,1,,,31424,筑波大学 - C3,2750904,SECOND_HALF,False,passReceived passReceivedFrom2,passReceived,0.525885,0.0703045,,,,,
115398319,118575,5400000,0,476367,1,,,31424,筑波大学 - C3,2752067,SECOND_HALF,False,passSucceeded passSucceededFrom2 passSucceededTo1 passSucceededFrom2To1 forwardPassSucceeded mediumPassSucceeded,passSucceeded forwardPassSucceeded mediumPassSucceeded,0.495774,0.0559357,476370,,,0.318278,0.160623
115398320,118575,5400000,0,476370,14,,,31424,筑波大学 - C3,2754503,SECOND_HALF,False,dribbleToSpace passReceived passReceivedFrom1,dribbleToSpace passReceived,0.318278,0.160623,,,,,
115398324,118575,5400000,0,476370,14,,,31424,筑波大学 - C3,2763417,SECOND_HALF,False,passSucceeded passSucceededFrom5 passSucceededTo6 passSucceededFrom5To6 sidewaysPassSucceeded mediumPassSucceeded,passSucceeded sidewaysPassSucceeded mediumPassSucceeded,0.388107,0.256781,476369,,,0.677264,0.244063
115398325,118575,5400000,0,476369,30,,,31424,筑波大学 - C3,2765920,SECOND_HALF,False,passReceived passReceivedFrom6,passReceived,0.677264,0.244063,,,,,
115398328,118575,5400000,0,476369,30,,,31424,筑波大学 - C3,2766474,SECOND_HALF,False,passSucceeded passSucceededFrom6 passSucceededTo5 passSucceededFrom6To5 sidewaysPassSucceeded mediumPassSucceeded,passSucceeded sidewaysPassSucceeded mediumPassSucceeded,0.667824,0.244054,476368,,,0.403623,0.195978
115398329,118575,5400000,0,476368,40,,,31424,筑波大学 - C3,2768000,SECOND_HALF,False,dribbleToSpace passReceived passReceivedFrom5,dribbleToSpace passReceived,0.403623,0.195978,,,,,
115398334,118575,5400000,0,476368,40,,,31424,筑波大学 - C3,2772030,SECOND_HALF,False,passSucceeded passSucceededFrom4 passSucceededTo4 passSucceededFrom4To4 sidewaysPassSucceeded shortPassSucceeded,passSucceeded sidewaysPassSucceeded shortPassSucceeded,0.302267,0.300063,476372,,,0.108768,0.326674
115398335,118575,5400000,0,476372,34,,,31424,筑波大学 - C3,2773520,SECOND_HALF,False,passReceived passReceivedFrom4,passReceived,0.108768,0.326674,,,,,
115398341,118575,5400000,0,476372,34,,,31424,筑波大学 - C3,2775695,SECOND_HALF,False,passSucceeded passSucceededFrom4 passSucceededTo5 passSucceededFrom4To5 sidewaysPassSucceeded longPassSucceeded,passSucceeded sidewaysPassSucceeded longPassSucceeded,0.140595,0.313752,476367,,,0.540148,0.170886
115398342,118575,5400000,0,476367,1,,,31424,筑波大学 - C3,2778040,SECOND_HALF,False,passReceived passReceivedFrom5,passReceived,0.540148,0.170886,,,,,
115398344,118575,5400000,0,476367,1,,,31424,筑波大学 - C3,2779585,SECOND_HALF,False,passSucceeded passSucceededFrom2 passSucceededTo5 passSucceededFrom2To5 forwardPassSucceeded shortPassSucceeded,passSucceeded forwardPassSucceeded shortPassSucceeded,0.536978,0.165754,476369,,,0.644029,0.230357
115398345,118575,5400000,0,476369,30,,,31424,筑波大学 - C3,2781067,SECOND_HALF,False,passReceived passReceivedFrom5,passReceived,0.644029,0.230357,,,,,
115398349,118575,5400000,0,476369,30,,,31424,筑波大学 - C3,2785429,SECOND_HALF,False,passSucceeded passSucceededFrom5 passSucceededTo4 passSucceededFrom5To4 sidewaysPassSucceeded mediumPassSucceeded,passSucceeded sidewaysPassSucceeded mediumPassSucceeded,0.637807,0.259102,476368,,,0.328786,0.223932
115398350,118575,5400000,0,476368,40,,,31424,筑波大学 - C3,2787030,SECOND_HALF,False,passReceived passReceivedFrom4,passReceived,0.328786,0.223932,,,,,
115398352,118575,5400000,0,476368,40,,,31424,筑波大学 - C3,2791881,SECOND_HALF,False,passSucceeded passSucceededFrom5 passSucceededTo5 passSucceededFrom5To5 sidewaysPassSucceeded mediumPassSucceeded,passSucceeded sidewaysPassSucceeded mediumPassSucceeded,0.383728,0.280235,476369,,,0.658887,0.301461
115398353,118575,5400000,0,476369,30,,,31424,筑波大学 - C3,2793680,SECOND_HALF,False,passReceived passReceivedFrom5,passReceived,0.658887,0.301461,,,,,
115398354,118575,5400000,0,476369,30,,,31424,筑波大学 - C3,2794501,SECOND_HALF,False,passSucceeded passSucceededFrom6 passSucceededTo9 passSucceededFrom6To9 forwardPassSucceeded mediumPassSucceeded,passSucceeded forwardPassSucceeded mediumPassSucceeded,0.680834,0.308759,476374,,,0.983147,0.488588
115398356,118575,5400000,0,476374,2,,,31424,筑波大学 - C3,2796276,SECOND_HALF,False,passReceived passReceivedFrom9,passReceived,0.983147,0.488588,,,,,
115398360,118575,5400000,0,476374,2,,,31424,筑波大学 - C3,2799183,SECOND_HALF,False,passSucceeded passSucceededFrom9 passSucceededTo6 passSucceededFrom9To6 backwardPassSucceeded mediumPassSucceeded,passSucceeded backwardPassSucceeded mediumPassSucceeded,0.868039,0.444139,476369,,,0.779904,0.287054
115398361,118575,5400000,0,476369,30,,,31424,筑波大学 - C3,2800760,SECOND_HALF,False,passReceived passReceivedFrom6,passReceived,0.779904,0.287054,,,,,
115398365,118575,5400000,0,476369,30,,,31424,筑波大学 - C3,2804991,SECOND_HALF,False,passSucceeded passSucceededFrom9 passSucceededTo5 passSucceededFrom9To5 backwardPassSucceeded mediumPassSucceeded,passSucceeded backwardPassSucceeded mediumPassSucceeded,0.674595,0.354724,476368,,,0.43213,0.251795
115398366,118575,5400000,0,476368,40,,,31424,筑波大学 - C3,2806520,SECOND_HALF,False,passReceived passReceivedFrom5,passReceived,0.43213,0.251795,,,,,
115398376,118575,5400000,0,476368,40,,,31424,筑波大学 - C3,2809842,SECOND_HALF,False,passFailed passFailedFrom5 passFailedTo13 passFailedFrom5To13 forwardPassFailed longPassFailed,passFailed forwardPassFailed longPassFailed,0.401391,0.329022,,,,0.0488642,0.766165
115398377,118575,5400000,0,,,,,31424,筑波大学 - C3,2813520,SECOND_HALF,False,,,0.0488642,0.766165,,,,,
115403527,118575,5400000,0,476356,14,,,31425,筑波大学 サッカー同好会,2813840,SECOND_HALF,False,clearance,clearance,0.990434,0.209816,,,,,
115398386,118575,5400000,0,476370,14,,,31424,筑波大学 - C3,2820840,SECOND_HALF,False,throwIn passSucceeded passSucceededFrom13 passSucceededTo13 passSucceededFrom13To13 backwardPassSucceeded shortPassSucceeded,throwIn passSucceeded backwardPassSucceeded shortPassSucceeded,0.0,0.818508,476372,,,0.020962,0.677393
115398387,118575,5400000,0,476372,34,,,31424,筑波大学 - C3,2823120,SECOND_HALF,False,passReceived passReceivedFrom13,passReceived,0.020962,0.677393,,,,,
115398392,118575,5400000,0,476372,34,,,31424,筑波大学 - C3,2823629,SECOND_HALF,False,passSucceeded passSucceededFrom13 passSucceededTo13 passSucceededFrom13To13 sidewaysPassSucceeded shortPassSucceeded,passSucceeded sidewaysPassSucceeded shortPassSucceeded,0.027173,0.678036,476379,,,0.148452,0.708362
115398393,118575,5400000,0,476379,6,,,31424,筑波大学 - C3,2824720,SECOND_HALF,False,passReceived passReceivedFrom13,passReceived,0.148452,0.708362,,,,,
115398397,118575,5400000,0,476379,6,,,31424,筑波大学 - C3,2825987,SECOND_HALF,False,passSucceeded passSucceededFrom10 passSucceededTo7 passSucceededFrom10To7 backwardPassSucceeded mediumPassSucceeded,passSucceeded backwardPassSucceeded mediumPassSucceeded,0.152192,0.662574,476368,,,0.166262,0.498955
115398398,118575,5400000,0,476368,40,,,31424,筑波大学 - C3,2827160,SECOND_HALF,False,passReceived passReceivedFrom7,passReceived,0.166262,0.498955,,,,,
115398420,118575,5400000,0,476368,40,,,31424,筑波大学 - C3,2829288,SECOND_HALF,False,passSucceeded passSucceededFrom7 passSucceededTo8 passSucceededFrom7To8 sidewaysPassSucceeded shortPassSucceeded,passSucceeded sidewaysPassSucceeded shortPassSucceeded,0.273286,0.482742,476369,,,0.469048,0.488688
115398421,118575,5400000,0,476369,30,,,31424,筑波大学 - C3,2830640,SECOND_HALF,False,passReceived passReceivedFrom8,passReceived,0.469048,0.488688,,,,,
115398428,118575,5400000,0,476369,30,,,31424,筑波大学 - C3,2832901,SECOND_HALF,False,passSucceeded passSucceededFrom11 passSucceededTo10 passSucceededFrom11To10 sidewaysPassSucceeded shortPassSucceeded,passSucceeded sidewaysPassSucceeded shortPassSucceeded,0.478965,0.518403,476368,,,0.315982,0.517628
115398429,118575,5400000,0,476368,40,,,31424,筑波大学 - C3,2834000,SECOND_HALF,False,passReceived passReceivedFrom10,passReceived,0.315982,0.517628,,,,,
115398432,118575,5400000,0,476368,40,,,31424,筑波大学 - C3,2834760,SECOND_HALF,False,passSucceeded passSucceededFrom10 passSucceededTo11 passSucceededFrom10To11 sidewaysPassSucceeded mediumPassSucceeded,passSucceeded sidewaysPassSucceeded mediumPassSucceeded,0.305304,0.527404,476369,,,0.572299,0.503243
115398433,118575,5400000,0,476369,30,,,31424,筑波大学 - C3,2837244,SECOND_HALF,False,passReceived passReceivedFrom11,passReceived,0.572299,0.503243,,,,,
115398434,118575,5400000,0,476369,30,,,31424,筑波大学 - C3,2837440,SECOND_HALF,False,passSucceeded passSucceededFrom11 passSucceededTo12 passSucceededFrom11To12 forwardPassSucceeded shortPassSucceeded,passSucceeded forwardPassSucceeded shortPassSucceeded,0.573921,0.505314,476373,,,0.696673,0.605547
115398435,118575,5400000,0,476373,39,,,31424,筑波大学 - C3,2838680,SECOND_HALF,False,passSucceeded passReceived passSucceededFrom12 passSucceededTo9 passSucceededFrom12To9 backwardPassSucceeded mediumPassSucceeded,passSucceeded backwardPassSucceeded mediumPassSucceeded passReceived,0.696673,0.605547,476369,,,0.806511,0.433809
115398436,118575,5400000,0,476369,30,,,31424,筑波大学 - C3,2841350,SECOND_HALF,False,passReceived passReceivedFrom9,passReceived,0.806511,0.433809,,,,,
115398447,118575,5400000,0,476369,30,,,31424,筑波大学 - C3,2845107,SECOND_HALF,False,passSucceeded passSucceededFrom9 passSucceededTo15 passSucceededFrom9To15 forwardPassSucceeded mediumPassSucceeded,passSucceeded forwardPassSucceeded mediumPassSucceeded,0.853637,0.498277,476376,,,0.804972,0.709968
115398448,118575,5400000,0,476376,19,,,31424,筑波大学 - C3,2847000,SECOND_HALF,False,passReceived passReceivedFrom15,passReceived,0.804972,0.709968,,,,,
115398453,118575,5400000,0,476376,19,,,31424,筑波大学 - C3,2848252,SECOND_HALF,False,passSucceeded passSucceededFrom15 passSucceededTo18 passSucceededFrom15To18 forwardPassSucceeded shortPassSucceeded,passSucceeded forwardPassSucceeded shortPassSucceeded,0.873177,0.739641,476374,,,0.997475,0.854122
115398454,118575,5400000,0,476374,2,,,31424,筑波大学 - C3,2850435,SECOND_HALF,False,passFailed passReceived passFailedFrom18 passFailedTo18 passFailedFrom18To18 sidewaysPassFailed shortPassFailed,passFailed sidewaysPassFailed shortPassFailed passReceived,0.997475,0.854122,,,,0.95585,0.86462
115398455,118575,5400000,0,,,,,31424,筑波大学 - C3,2850656,SECOND_HALF,False,,,0.95585,0.86462,,,,,
115403537,118575,5400000,0,476353,47,,,31425,筑波大学 サッカー同好会,2850680,SECOND_HALF,False,block,block,0.0398584,0.143563,,,,,
115398472,118575,5400000,0,476375,55,,,31424,筑波大学 - C3,2878760,SECOND_HALF,False,cornerKick crossFailed,cornerKick crossFailed,0.997341,1.0,476370,,,0.473188,0.919189
115403554,118575,5400000,0,476353,47,,,31425,筑波大学 サッカー同好会,2881240,SECOND_HALF,False,aerialDuelSucceeded clearance,duelSucceeded aerialDuelSucceeded clearance,0.525728,0.086876,,,,,
115398473,118575,5400000,0,476370,14,,,31424,筑波大学 - C3,2881240,SECOND_HALF,False,aerialDuelFailed,duelFailed aerialDuelFailed,0.473188,0.919189,,,,,
115398485,118575,5400000,0,476376,19,,,31424,筑波大学 - C3,2882760,SECOND_HALF,False,possession passSucceeded passSucceededFrom17 passSucceededTo14 passSucceededFrom17To14 backwardPassSucceeded shortPassSucceeded,passSucceeded backwardPassSucceeded shortPassSucceeded possession,0.339193,0.84218,476379,,,0.373311,0.776292
115398486,118575,5400000,0,476379,6,,,31424,筑波大学 - C3,2883851,SECOND_HALF,False,passReceived passReceivedFrom14,passReceived,0.373311,0.776292,,,,,
115398489,118575,5400000,0,476379,6,,,31424,筑波大学 - C3,2884745,SECOND_HALF,False,passSucceeded passSucceededFrom14 passSucceededTo13 passSucceededFrom14To13 sidewaysPassSucceeded shortPassSucceeded,passSucceeded sidewaysPassSucceeded shortPassSucceeded,0.345662,0.772328,476376,,,0.204656,0.810181
115398490,118575,5400000,0,476376,19,,,31424,筑波大学 - C3,2885680,SECOND_HALF,False,passReceived passReceivedFrom13,passReceived,0.204656,0.810181,,,,,
115398494,118575,5400000,0,476376,19,,,31424,筑波大学 - C3,2886051,SECOND_HALF,False,passSucceeded passSucceededFrom13 passSucceededTo16 passSucceededFrom13To16 forwardPassSucceeded shortPassSucceeded,passSucceeded forwardPassSucceeded shortPassSucceeded,0.19837,0.813542,476377,,,0.0773257,0.91003
115398495,118575,5400000,0,476377,24,,,31424,筑波大学 - C3,2887040,SECOND_HALF,False,passReceived passReceivedFrom16,passReceived,0.0773257,0.91003,,,,,
115398496,118575,5400000,0,476377,24,,,31424,筑波大学 - C3,2888440,SECOND_HALF,False,crossFailed,crossFailed,0.0922948,0.931344,,,,0.332056,0.936873
115398497,118575,5400000,0,,,,,31424,筑波大学 - C3,2888960,SECOND_HALF,False,,,0.332056,0.936873,,,,,
115403562,118575,5400000,0,476356,14,,,31425,筑波大学 サッカー同好会,2889040,SECOND_HALF,False,block,block,0.687764,0.0629812,,,,,
115403568,118575,5400000,0,476352,12,,,31425,筑波大学 サッカー同好会,2891520,SECOND_HALF,False,aerialClearanceSucceeded possession,possession aerialClearanceSucceeded,0.544369,0.00453741,,,,,
115403579,118575,5400000,0,476352,12,,,31425,筑波大学 サッカー同好会,2895600,SECOND_HALF,False,passSucceeded passSucceededFrom2 passSucceededTo9 passSucceededFrom2To9 forwardPassSucceeded longPassSucceeded,passSucceeded forwardPassSucceeded longPassSucceeded,0.645346,0.0819057,476362,,,0.952448,0.356683
115403580,118575,5400000,0,476362,9,,,31425,筑波大学 サッカー同好会,2897840,SECOND_HALF,False,passReceived passReceivedFrom9,passReceived,0.952448,0.356683,,,,,
115403598,118575,5400000,0,476362,9,,,31425,筑波大学 サッカー同好会,2899640,SECOND_HALF,False,passSucceeded passSucceededFrom6 passSucceededTo6 passSucceededFrom6To6 backwardPassSucceeded shortPassSucceeded,passSucceeded backwardPassSucceeded shortPassSucceeded,1.01731,0.323709,476361,,,1.0149,0.258936
115403599,118575,5400000,0,476361,10,,,31425,筑波大学 サッカー同好会,2900520,SECOND_HALF,False,clearance passReceived passReceivedFrom6,clearance passReceived,1.0149,0.258936,,,,,
115398517,118575,5400000,0,476368,40,,,31424,筑波大学 - C3,2906300,SECOND_HALF,False,possession,possession,0.321686,0.286368,,,,,
115398524,118575,5400000,0,476368,40,,,31424,筑波大学 - C3,2908824,SECOND_HALF,False,passSucceeded passSucceededFrom5 passSucceededTo9 passSucceededFrom5To9 sidewaysPassSucceeded mediumPassSucceeded,passSucceeded sidewaysPassSucceeded mediumPassSucceeded,0.432812,0.311588,476374,,,0.708632,0.339341
115398526,118575,5400000,0,476374,2,,,31424,筑波大学 - C3,2910340,SECOND_HALF,False,passReceived passReceivedFrom9,passReceived,0.708632,0.339341,,,,,
115398529,118575,5400000,0,476374,2,,,31424,筑波大学 - C3,2913169,SECOND_HALF,False,passFailed passFailedFrom9 passFailedTo15 passFailedFrom9To15 forwardPassFailed longPassFailed,passFailed forwardPassFailed longPassFailed,0.724514,0.408637,,,,0.776495,0.715066
115398530,118575,5400000,0,,,,,31424,筑波大学 - C3,2915200,SECOND_HALF,False,,,0.776495,0.715066,,,,,
115403611,118575,5400000,0,476365,44,,,31425,筑波大学 サッカー同好会,2915360,SECOND_HALF,False,intercept passSucceeded passSucceededFrom4 passSucceededTo7 passSucceededFrom4To7 forwardPassSucceeded shortPassSucceeded,passSucceeded forwardPassSucceeded shortPassSucceeded intercept,0.260019,0.263074,476354,,,0.295707,0.340679
115403612,118575,5400000,0,476354,29,,,31425,筑波大学 サッカー同好会,2916400,SECOND_HALF,False,passReceived passReceivedFrom7,passReceived,0.295707,0.340679,,,,,
115403613,118575,5400000,0,476354,29,,,31425,筑波大学 サッカー同好会,2918360,SECOND_HALF,False,passSucceeded passSucceededFrom4 passSucceededTo7 passSucceededFrom4To7 forwardPassSucceeded mediumPassSucceeded,passSucceeded forwardPassSucceeded mediumPassSucceeded,0.302507,0.322984,476357,,,0.3047,0.466142
115403614,118575,5400000,0,476357,17,,,31425,筑波大学 サッカー同好会,2919600,SECOND_HALF,False,passReceived passReceivedFrom7,passReceived,0.3047,0.466142,,,,,
115403618,118575,5400000,0,476357,17,,,31425,筑波大学 サッカー同好会,2920760,SECOND_HALF,False,passSucceeded passSucceededFrom7 passSucceededTo10 passSucceededFrom7To10 forwardPassSucceeded mediumPassSucceeded,passSucceeded forwardPassSucceeded mediumPassSucceeded,0.281655,0.454825,476360,,,0.0109578,0.560945
115403619,118575,5400000,0,476360,18,,,31425,筑波大学 サッカー同好会,2922840,SECOND_HALF,False,passReceived passReceivedFrom10,passReceived,0.0109578,0.560945,,,,,
115403626,118575,5400000,0,476360,18,,,31425,筑波大学 サッカー同好会,2925040,SECOND_HALF,False,passSucceeded passSucceededFrom10 passSucceededTo7 passSucceededFrom10To7 backwardPassSucceeded shortPassSucceeded,passSucceeded backwardPassSucceeded shortPassSucceeded,0.0203919,0.591207,476353,,,0.0533289,0.485602
115403627,118575,5400000,0,476353,47,,,31425,筑波大学 サッカー同好会,2926720,SECOND_HALF,False,passSucceeded passReceived passSucceededFrom7 passSucceededTo10 passSucceededFrom7To10 forwardPassSucceeded shortPassSucceeded,passSucceeded forwardPassSucceeded shortPassSucceeded passReceived,0.0533289,0.485602,476357,,,0.139045,0.603714
115403628,118575,5400000,0,476357,17,,,31425,筑波大学 サッカー同好会,2928102,SECOND_HALF,False,passReceived passReceivedFrom10,passReceived,0.139045,0.603714,,,,,
115403634,118575,5400000,0,476357,17,,,31425,筑波大学 サッカー同好会,2928950,SECOND_HALF,False,passSucceeded passSucceededFrom10 passSucceededTo13 passSucceededFrom10To13 forwardPassSucceeded mediumPassSucceeded,passSucceeded forwardPassSucceeded mediumPassSucceeded,0.19287,0.613227,476362,,,0.234698,0.763842
115403635,118575,5400000,0,476362,9,,,31425,筑波大学 サッカー同好会,2930640,SECOND_HALF,False,passReceived passReceivedFrom13,passReceived,0.234698,0.763842,,,,,
115403639,118575,5400000,0,476362,9,,,31425,筑波大学 サッカー同好会,2933003,SECOND_HALF,False,passSucceeded passSucceededFrom13 passSucceededTo10 passSucceededFrom13To10 backwardPassSucceeded shortPassSucceeded,passSucceeded backwardPassSucceeded shortPassSucceeded,0.251714,0.724608,476354,,,0.290456,0.650666
115403640,118575,5400000,0,476354,29,,,31425,筑波大学 サッカー同好会,2933760,SECOND_HALF,False,passFailed passReceived passFailedFrom10 passFailedTo15 passFailedFrom10To15 forwardPassFailed longPassFailed,passFailed forwardPassFailed longPassFailed passReceived,0.290456,0.650666,,,,0.715705,0.814684
115398546,118575,5400000,0,476375,55,,,31424,筑波大学 - C3,2937120,SECOND_HALF,False,intercept,intercept,0.275096,0.174483,,,,,
115403641,118575,5400000,0,,,,,31425,筑波大学 サッカー同好会,2937240,SECOND_HALF,False,,,0.715705,0.814684,,,,,
115398552,118575,5400000,0,476375,55,,,31424,筑波大学 - C3,2938896,SECOND_HALF,False,passSucceeded passSucceededFrom4 passSucceededTo2 passSucceededFrom4To2 backwardPassSucceeded mediumPassSucceeded,passSucceeded backwardPassSucceeded mediumPassSucceeded,0.308345,0.180156,476367,,,0.470417,0.0620937
115398553,118575,5400000,0,476367,1,,,31424,筑波大学 - C3,2940991,SECOND_HALF,False,passReceived passReceivedFrom2,passReceived,0.470417,0.0620937,,,,,
115398556,118575,5400000,0,476367,1,,,31424,筑波大学 - C3,2943673,SECOND_HALF,False,passSucceeded passSucceededFrom2 passSucceededTo2 passSucceededFrom2To2 sidewaysPassSucceeded shortPassSucceeded,passSucceeded sidewaysPassSucceeded shortPassSucceeded,0.470417,0.0600411,476368,,,0.337743,0.10178
115398557,118575,5400000,0,476368,40,,,31424,筑波大学 - C3,2945008,SECOND_HALF,False,passReceived passReceivedFrom2,passReceived,0.337743,0.10178,,,,,
115398564,118575,5400000,0,476368,40,,,31424,筑波大学 - C3,2947400,SECOND_HALF,False,passSucceeded passSucceededFrom1 passSucceededTo4 passSucceededFrom1To4 sidewaysPassSucceeded mediumPassSucceeded,passSucceeded sidewaysPassSucceeded mediumPassSucceeded,0.319386,0.143505,476370,,,0.0149739,0.247747
115398565,118575,5400000,0,476370,14,,,31424,筑波大学 - C3,2949686,SECOND_HALF,False,passReceived passReceivedFrom4,passReceived,0.0149739,0.247747,,,,,
115398566,118575,5400000,0,476370,14,,,31424,筑波大学 - C3,2951480,SECOND_HALF,False,passSucceeded passSucceededFrom4 passSucceededTo1 passSucceededFrom4To1 backwardPassSucceeded shortPassSucceeded,passSucceeded backwardPassSucceeded shortPassSucceeded,0.0417418,0.235868,476368,,,0.202588,0.152412
115398567,118575,5400000,0,476368,40,,,31424,筑波大学 - C3,2953050,SECOND_HALF,False,passReceived passReceivedFrom1,passReceived,0.202588,0.152412,,,,,
115398570,118575,5400000,0,476368,40,,,31424,筑波大学 - C3,2962023,SECOND_HALF,False,passSucceeded passSucceededFrom5 passSucceededTo9 passSucceededFrom5To9 forwardPassSucceeded longPassSucceeded,passSucceeded forwardPassSucceeded longPassSucceeded,0.483428,0.226617,476374,,,0.919074,0.487025
115398571,118575,5400000,0,476374,2,,,31424,筑波大学 - C3,2965155,SECOND_HALF,False,passReceived passReceivedFrom9,passReceived,0.919074,0.487025,,,,,
115398575,118575,5400000,0,476374,2,,,31424,筑波大学 - C3,2966315,SECOND_HALF,False,passSucceeded passSucceededFrom9 passSucceededTo6 passSucceededFrom9To6 backwardPassSucceeded mediumPassSucceeded,passSucceeded backwardPassSucceeded mediumPassSucceeded,0.898989,0.467754,476369,,,0.783011,0.2797
115398577,118575,5400000,0,476369,30,,,31424,筑波大学 - C3,2968080,SECOND_HALF,False,passReceived passReceivedFrom6,passReceived,0.783011,0.2797,,,,,
115398578,118575,5400000,0,476369,30,,,31424,筑波大学 - C3,2971880,SECOND_HALF,False,passSucceeded passSucceededFrom9 passSucceededTo12 passSucceededFrom9To12 forwardPassSucceeded mediumPassSucceeded,passSucceeded forwardPassSucceeded mediumPassSucceeded,0.786186,0.362765,476373,,,0.971896,0.552567
115398579,118575,5400000,0,476373,39,,,31424,筑波大学 - C3,2973880,SECOND_HALF,False,passReceived passReceivedFrom12,passReceived,0.971896,0.552567,,,,,
115398583,118575,5400000,0,476373,39,,,31424,筑波大学 - C3,2974200,SECOND_HALF,False,passSucceeded passSucceededFrom12 passSucceededTo15 passSucceededFrom12To15 forwardPassSucceeded shortPassSucceeded,passSucceeded forwardPassSucceeded shortPassSucceeded,0.973429,0.55463,476374,,,0.961774,0.672894
115398584,118575,5400000,0,476374,2,,,31424,筑波大学 - C3,2975952,SECOND_HALF,False,passFailed passReceived passFailedFrom15 passFailedTo12 passFailedFrom15To12 sidewaysPassFailed shortPassFailed,passFailed sidewaysPassFailed shortPassFailed passReceived,0.961774,0.672894,,,,0.88284,0.65986
115398585,118575,5400000,0,,,,,31424,筑波大学 - C3,2976840,SECOND_HALF,False,,,0.88284,0.65986,,,,,
115403661,118575,5400000,0,476354,29,,,31425,筑波大学 サッカー同好会,2977240,SECOND_HALF,False,intercept passSucceeded passSucceededFrom7 passSucceededTo7 passSucceededFrom7To7 forwardPassSucceeded shortPassSucceeded,passSucceeded forwardPassSucceeded shortPassSucceeded intercept,0.118201,0.335395,476360,,,0.081951,0.466464
115403662,118575,5400000,0,476360,18,,,31425,筑波大学 サッカー同好会,2979773,SECOND_HALF,False,passReceived passReceivedFrom7,passReceived,0.081951,0.466464,,,,,
115403666,118575,5400000,0,476360,18,,,31425,筑波大学 サッカー同好会,2981240,SECOND_HALF,False,passFailed passFailedFrom10 passFailedTo13 passFailedFrom10To13 forwardPassFailed mediumPassFailed,passFailed forwardPassFailed mediumPassFailed,0.107771,0.551993,,,,0.158352,0.829007
115398590,118575,5400000,0,476368,40,,,31424,筑波大学 - C3,2983915,SECOND_HALF,False,clearance,clearance,0.817758,0.150204,,,,,
115403667,118575,5400000,0,,,,,31425,筑波大学 サッカー同好会,2984000,SECOND_HALF,False,,,0.158352,0.829007,,,,,
115403675,118575,5400000,0,476360,18,,,31425,筑波大学 サッカー同好会,2993920,SECOND_HALF,False,throwIn passSucceeded passSucceededFrom16 passSucceededTo13 passSucceededFrom16To13 sidewaysPassSucceeded shortPassSucceeded,throwIn passSucceeded sidewaysPassSucceeded shortPassSucceeded,-0.00523473,0.84635,476357,,,0.156257,0.800382
115403676,118575,5400000,0,476357,17,,,31425,筑波大学 サッカー同好会,2995240,SECOND_HALF,False,passReceived passReceivedFrom13,passReceived,0.156257,0.800382,,,,,
115398600,118575,5400000,0,476376,19,,,31424,筑波大学 - C3,2996800,SECOND_HALF,False,cutoff,cutoff,0.798358,0.211616,,,,,
115398611,118575,5400000,0,476379,6,,,31424,筑波大学 - C3,2997308,SECOND_HALF,False,possession passSucceeded passSucceededFrom6 passSucceededTo6 passSucceededFrom6To6 sidewaysPassSucceeded shortPassSucceeded,passSucceeded sidewaysPassSucceeded shortPassSucceeded possession,0.768659,0.213582,476373,,,0.876957,0.22707
115398612,118575,5400000,0,476373,39,,,31424,筑波大学 - C3,2999400,SECOND_HALF,False,passFailed passReceived passFailedFrom6 passFailedTo8 passFailedFrom6To8 forwardPassFailed mediumPassFailed,passFailed forwardPassFailed mediumPassFailed passReceived,0.876957,0.22707,,,,0.518107,0.375782
115398613,118575,5400000,0,,,,,31424,筑波大学 - C3,3000960,SECOND_HALF,False,,,0.518107,0.375782,,,,,
115403697,118575,5400000,0,476359,16,,,31425,筑波大学 サッカー同好会,3001240,SECOND_HALF,False,intercept passSucceeded passSucceededFrom11 passSucceededTo11 passSucceededFrom11To11 sidewaysPassSucceeded shortPassSucceeded,passSucceeded sidewaysPassSucceeded shortPassSucceeded intercept,0.438428,0.64393,476356,,,0.5868,0.638182
115398639,118575,5400000,0,476375,55,,,31424,筑波大学 - C3,3002960,SECOND_HALF,False,tackleFailed,tackleFailed,0.43412,0.362531,,,,,
115403698,118575,5400000,0,476356,14,,,31425,筑波大学 サッカー同好会,3003200,SECOND_HALF,False,passReceived passReceivedFrom11,passReceived,0.5868,0.638182,,,,,
115398642,118575,5400000,0,476377,24,,,31424,筑波大学 - C3,3005197,SECOND_HALF,False,tackleSucceeded,tackleSucceeded,0.344856,0.363445,,,,,
115403707,118575,5400000,0,476359,16,,,31425,筑波大学 サッカー同好会,3006280,SECOND_HALF,False,cutoff,cutoff,0.666588,0.608008,,,,,
115403711,118575,5400000,0,476355,31,,,31425,筑波大学 サッカー同好会,3008920,SECOND_HALF,False,possession passSucceeded passSucceededFrom11 passSucceededTo14 passSucceededFrom11To14 forwardPassSucceeded mediumPassSucceeded,passSucceeded forwardPassSucceeded mediumPassSucceeded possession,0.649716,0.505596,476362,,,0.590143,0.69633
115403712,118575,5400000,0,476362,9,,,31425,筑波大学 サッカー同好会,3010280,SECOND_HALF,False,passReceived passReceivedFrom14,passReceived,0.590143,0.69633,,,,,
115398647,118575,5400000,0,476372,34,,,31424,筑波大学 - C3,3013040,SECOND_HALF,False,tackleSucceeded,tackleSucceeded,0.490963,0.206488,,,,,
115398653,118575,5400000,0,476372,34,,,31424,筑波大学 - C3,3015079,SECOND_HALF,False,passSucceeded passSucceededFrom5 passSucceededTo6 passSucceededFrom5To6 forwardPassSucceeded mediumPassSucceeded,passSucceeded forwardPassSucceeded mediumPassSucceeded,0.610656,0.173218,476373,,,0.790671,0.316109
115398654,118575,5400000,0,476373,39,,,31424,筑波大学 - C3,3017440,SECOND_HALF,False,dribbleToSpace passReceived passReceivedFrom6,dribbleToSpace passReceived,0.790671,0.316109,,,,,
115398659,118575,5400000,0,476373,39,,,31424,筑波大学 - C3,3021200,SECOND_HALF,False,passFailed passFailedFrom11 passFailedTo10 passFailedFrom11To10 forwardPassFailed mediumPassFailed,passFailed forwardPassFailed mediumPassFailed,0.562698,0.505606,,,,0.293437,0.629316
115398660,118575,5400000,0,,,,,31424,筑波大学 - C3,3022920,SECOND_HALF,False,,,0.293437,0.629316,,,,,
115403721,118575,5400000,0,476356,14,,,31425,筑波大学 サッカー同好会,3023186,SECOND_HALF,False,intercept passFailed passFailedFrom9 passFailedTo11 passFailedFrom9To11 forwardPassFailed mediumPassFailed,passFailed forwardPassFailed mediumPassFailed intercept,0.70386,0.363419,,,,0.61019,0.560134
115403722,118575,5400000,0,,,,,31425,筑波大学 サッカー同好会,3025280,SECOND_HALF,False,,,0.61019,0.560134,,,,,
115398664,118575,5400000,0,476379,6,,,31424,筑波大学 - C3,3025587,SECOND_HALF,False,intercept,intercept,0.372491,0.429545,,,,,
115398665,118575,5400000,0,476379,6,,,31424,筑波大学 - C3,3026761,SECOND_HALF,False,passSucceeded passSucceededFrom7 passSucceededTo5 passSucceededFrom7To5 backwardPassSucceeded shortPassSucceeded,passSucceeded backwardPassSucceeded shortPassSucceeded,0.317386,0.404543,476368,,,0.353511,0.291215
115398666,118575,5400000,0,476368,40,,,31424,筑波大学 - C3,3028145,SECOND_HALF,False,passReceived passReceivedFrom5,passReceived,0.353511,0.291215,,,,,
115398674,118575,5400000,0,476368,40,,,31424,筑波大学 - C3,3030242,SECOND_HALF,False,passSucceeded passSucceededFrom5 passSucceededTo5 passSucceededFrom5To5 sidewaysPassSucceeded shortPassSucceeded,passSucceeded sidewaysPassSucceeded shortPassSucceeded,0.429079,0.281662,476369,,,0.580798,0.319868
115398675,118575,5400000,0,476369,30,,,31424,筑波大学 - C3,3031481,SECOND_HALF,False,passReceived passReceivedFrom5,passReceived,0.580798,0.319868,,,,,
115398682,118575,5400000,0,476369,30,,,31424,筑波大学 - C3,3034609,SECOND_HALF,False,passSucceeded passSucceededFrom9 passSucceededTo12 passSucceededFrom9To12 forwardPassSucceeded mediumPassSucceeded,passSucceeded forwardPassSucceeded mediumPassSucceeded,0.673994,0.404424,476374,,,0.986973,0.544553
115398683,118575,5400000,0,476374,2,,,31424,筑波大学 - C3,3035920,SECOND_HALF,False,passReceived passReceivedFrom12,passReceived,0.986973,0.544553,,,,,
115403729,118575,5400000,0,476360,18,,,31425,筑波大学 サッカー同好会,3037360,SECOND_HALF,False,tackleSucceeded,tackleSucceeded,0.0951672,0.435182,,,,,
115403731,118575,5400000,0,476360,18,,,31425,筑波大学 サッカー同好会,3039320,SECOND_HALF,False,passSucceeded passSucceededFrom7 passSucceededTo4 passSucceededFrom7To4 backwardPassSucceeded shortPassSucceeded,passSucceeded backwardPassSucceeded shortPassSucceeded,-0.00238267,0.376697,476353,,,0.105441,0.261852
115403732,118575,5400000,0,476353,47,,,31425,筑波大学 サッカー同好会,3041708,SECOND_HALF,False,passReceived passReceivedFrom4,passReceived,0.105441,0.261852,,,,,
115403735,118575,5400000,0,476353,47,,,31425,筑波大学 サッカー同好会,3044064,SECOND_HALF,False,passSucceeded passSucceededFrom4 passSucceededTo4 passSucceededFrom4To4 sidewaysPassSucceeded shortPassSucceeded,passSucceeded sidewaysPassSucceeded shortPassSucceeded,0.108442,0.284362,476365,,,0.303276,0.224276
115403737,118575,5400000,0,476365,44,,,31425,筑波大学 サッカー同好会,3045960,SECOND_HALF,False,passReceived passReceivedFrom4,passReceived,0.303276,0.224276,,,,,
115403739,118575,5400000,0,476365,44,,,31425,筑波大学 サッカー同好会,3047320,SECOND_HALF,False,passSucceeded passSucceededFrom5 passSucceededTo5 passSucceededFrom5To5 sidewaysPassSucceeded mediumPassSucceeded,passSucceeded sidewaysPassSucceeded mediumPassSucceeded,0.360996,0.23796,476355,,,0.595626,0.226036
115403740,118575,5400000,0,476355,31,,,31425,筑波大学 サッカー同好会,3048760,SECOND_HALF,False,passSucceeded passReceived passSucceededFrom5 passSucceededTo5 passSucceededFrom5To5 sidewaysPassSucceeded shortPassSucceeded,passSucceeded sidewaysPassSucceeded shortPassSucceeded passReceived,0.595626,0.226036,476365,,,0.397058,0.238096
115403741,118575,5400000,0,476365,44,,,31425,筑波大学 サッカー同好会,3050240,SECOND_HALF,False,passReceived passReceivedFrom5,passReceived,0.397058,0.238096,,,,,
115403743,118575,5400000,0,476365,44,,,31425,筑波大学 サッカー同好会,3051120,SECOND_HALF,False,passSucceeded passSucceededFrom5 passSucceededTo7 passSucceededFrom5To7 forwardPassSucceeded mediumPassSucceeded,passSucceeded forwardPassSucceeded mediumPassSucceeded,0.382321,0.256989,476357,,,0.247629,0.459835
115403744,118575,5400000,0,476357,17,,,31425,筑波大学 サッカー同好会,3053000,SECOND_HALF,False,passFailed passReceived passFailedFrom7 passFailedTo10 passFailedFrom7To10 forwardPassFailed shortPassFailed,passFailed forwardPassFailed shortPassFailed passReceived,0.247629,0.459835,,,,0.114015,0.522649
115398692,118575,5400000,0,476374,2,,,31424,筑波大学 - C3,3054200,SECOND_HALF,False,intercept,intercept,0.888313,0.476426,,,,,
115403745,118575,5400000,0,,,,,31425,筑波大学 サッカー同好会,3054200,SECOND_HALF,False,,,0.114015,0.522649,,,,,
115398697,118575,5400000,0,476374,2,,,31424,筑波大学 - C3,3055562,SECOND_HALF,False,passSucceeded passSucceededFrom12 passSucceededTo9 passSucceededFrom12To9 backwardPassSucceeded mediumPassSucceeded,passSucceeded backwardPassSucceeded mediumPassSucceeded,0.92291,0.511084,476369,,,0.776983,0.35903
115398698,118575,5400000,0,476369,30,,,31424,筑波大学 - C3,3057680,SECOND_HALF,False,passReceived passReceivedFrom9,passReceived,0.776983,0.35903,,,,,
115398702,118575,5400000,0,476369,30,,,31424,筑波大学 - C3,3058536,SECOND_HALF,False,passSucceeded passSucceededFrom9 passSucceededTo9 passSucceededFrom9To9 forwardPassSucceeded shortPassSucceeded,passSucceeded forwardPassSucceeded shortPassSucceeded,0.764135,0.367991,476379,,,0.694143,0.468564
115398703,118575,5400000,0,476379,6,,,31424,筑波大学 - C3,3059822,SECOND_HALF,False,passSucceeded passReceived passSucceededFrom9 passSucceededTo9 passSucceededFrom9To9 backwardPassSucceeded shortPassSucceeded,passSucceeded backwardPassSucceeded shortPassSucceeded passReceived,0.694143,0.468564,476369,,,0.742592,0.357286
115398705,118575,5400000,0,476369,30,,,31424,筑波大学 - C3,3061000,SECOND_HALF,False,passReceived passReceivedFrom9,passReceived,0.742592,0.357286,,,,,
115398710,118575,5400000,0,476369,30,,,31424,筑波大学 - C3,3067130,SECOND_HALF,False,passSucceeded passSucceededFrom8 passSucceededTo5 passSucceededFrom8To5 sidewaysPassSucceeded mediumPassSucceeded,passSucceeded sidewaysPassSucceeded mediumPassSucceeded,0.664102,0.401208,476368,,,0.418124,0.32821
115398711,118575,5400000,0,476368,40,,,31424,筑波大学 - C3,3068827,SECOND_HALF,False,passReceived passReceivedFrom5,passReceived,0.418124,0.32821,,,,,
115398717,118575,5400000,0,476368,40,,,31424,筑波大学 - C3,3069797,SECOND_HALF,False,passSucceeded passSucceededFrom8 passSucceededTo7 passSucceededFrom8To7 sidewaysPassSucceeded mediumPassSucceeded,passSucceeded sidewaysPassSucceeded mediumPassSucceeded,0.40926,0.342879,476372,,,0.153931,0.390194
115398718,118575,5400000,0,476372,34,,,31424,筑波大学 - C3,3071852,SECOND_HALF,False,passReceived passReceivedFrom7,passReceived,0.153931,0.390194,,,,,
115398725,118575,5400000,0,476372,34,,,31424,筑波大学 - C3,3076816,SECOND_HALF,False,passSucceeded passSucceededFrom7 passSucceededTo8 passSucceededFrom7To8 backwardPassSucceeded mediumPassSucceeded,passSucceeded backwardPassSucceeded mediumPassSucceeded,0.149499,0.48165,476379,,,0.388368,0.364189
115398726,118575,5400000,0,476379,6,,,31424,筑波大学 - C3,3080040,SECOND_HALF,False,passSucceeded passReceived passSucceededFrom8 passSucceededTo8 passSucceededFrom8To8 sidewaysPassSucceeded mediumPassSucceeded,passSucceeded sidewaysPassSucceeded mediumPassSucceeded passReceived,0.388368,0.364189,476369,,,0.613673,0.348183
115398727,118575,5400000,0,476369,30,,,31424,筑波大学 - C3,3081355,SECOND_HALF,False,passReceived passReceivedFrom8,passReceived,0.613673,0.348183,,,,,
115398736,118575,5400000,0,476369,30,,,31424,筑波大学 - C3,3083526,SECOND_HALF,False,passSucceeded passSucceededFrom8 passSucceededTo11 passSucceededFrom8To11 forwardPassSucceeded mediumPassSucceeded,passSucceeded forwardPassSucceeded mediumPassSucceeded,0.607821,0.426741,476377,,,0.484251,0.621805
115398737,118575,5400000,0,476377,24,,,31424,筑波大学 - C3,3084920,SECOND_HALF,False,passReceived passReceivedFrom11,passReceived,0.484251,0.621805,,,,,
115403756,118575,5400000,0,476355,31,,,31425,筑波大学 サッカー同好会,3085000,SECOND_HALF,False,tackleFailed,tackleFailed,0.559157,0.366263,,,,,
115398744,118575,5400000,0,476377,24,,,31424,筑波大学 - C3,3086193,SECOND_HALF,False,passSucceeded passSucceededFrom11 passSucceededTo11 passSucceededFrom11To11 backwardPassSucceeded shortPassSucceeded,passSucceeded backwardPassSucceeded shortPassSucceeded,0.416535,0.584502,476372,,,0.403856,0.551659
115398745,118575,5400000,0,476372,34,,,31424,筑波大学 - C3,3087112,SECOND_HALF,False,passReceived passReceivedFrom11,passReceived,0.403856,0.551659,,,,,
115398748,118575,5400000,0,476372,34,,,31424,筑波大学 - C3,3087640,SECOND_HALF,False,passFailed passFailedFrom11 passFailedTo14 passFailedFrom11To14 forwardPassFailed mediumPassFailed,passFailed forwardPassFailed mediumPassFailed,0.403856,0.551659,,,,0.529935,0.693548
115398749,118575,5400000,0,,,,,31424,筑波大学 - C3,3088560,SECOND_HALF,False,,,0.529935,0.693548,,,,,
115403762,118575,5400000,0,476365,44,,,31425,筑波大学 サッカー同好会,3088880,SECOND_HALF,False,intercept,intercept,0.502652,0.285324,,,,,
115403769,118575,5400000,0,476365,44,,,31425,筑波大学 サッカー同好会,3091712,SECOND_HALF,False,passSucceeded passSucceededFrom5 passSucceededTo10 passSucceededFrom5To10 forwardPassSucceeded longPassSucceeded,passSucceeded forwardPassSucceeded longPassSucceeded,0.487886,0.329143,476360,,,0.00389765,0.659745
115403770,118575,5400000,0,476360,18,,,31425,筑波大学 サッカー同好会,3094960,SECOND_HALF,False,passReceived passReceivedFrom10,passReceived,0.00389765,0.659745,,,,,
115403777,118575,5400000,0,476360,18,,,31425,筑波大学 サッカー同好会,3098160,SECOND_HALF,False,dribbleToSpace,dribbleToSpace,0.0661048,0.766392,,,,,
115403782,118575,5400000,0,476360,18,,,31425,筑波大学 サッカー同好会,3102173,SECOND_HALF,False,crossFailed,crossFailed,0.234897,0.975265,,,,0.456757,1.0
115403783,118575,5400000,0,,,,,31425,筑波大学 サッカー同好会,3102880,SECOND_HALF,False,,,0.456757,1.0,,,,,
115398785,118575,5400000,0,476367,1,,,31424,筑波大学 - C3,3110074,SECOND_HALF,False,goalKickSucceeded passSucceeded passSucceededFrom2 passSucceededTo1 passSucceededFrom2To1 sidewaysPassSucceeded mediumPassSucceeded,goalKickSucceeded passSucceeded sidewaysPassSucceeded mediumPassSucceeded,0.549657,0.0333561,476370,,,0.216852,0.125727
115398786,118575,5400000,0,476370,14,,,31424,筑波大学 - C3,3112555,SECOND_HALF,False,passReceived passReceivedFrom1,passReceived,0.216852,0.125727,,,,,
115398792,118575,5400000,0,476370,14,,,31424,筑波大学 - C3,3114360,SECOND_HALF,False,passSucceeded passSucceededFrom4 passSucceededTo4 passSucceededFrom4To4 forwardPassSucceeded mediumPassSucceeded,passSucceeded forwardPassSucceeded mediumPassSucceeded,0.173661,0.182768,476375,,,0.00769135,0.290941
115398793,118575,5400000,0,476375,55,,,31424,筑波大学 - C3,3115920,SECOND_HALF,False,passReceived passReceivedFrom4,passReceived,0.00769135,0.290941,,,,,
115398796,118575,5400000,0,476375,55,,,31424,筑波大学 - C3,3118440,SECOND_HALF,False,passSucceeded passSucceededFrom4 passSucceededTo4 passSucceededFrom4To4 backwardPassSucceeded mediumPassSucceeded,passSucceeded backwardPassSucceeded mediumPassSucceeded,0.0291498,0.321739,476368,,,0.270734,0.166781
115398797,118575,5400000,0,476368,40,,,31424,筑波大学 - C3,3121120,SECOND_HALF,False,passReceived passReceivedFrom4,passReceived,0.270734,0.166781,,,,,
115398799,118575,5400000,0,476368,40,,,31424,筑波大学 - C3,3121840,SECOND_HALF,False,passSucceeded passSucceededFrom1 passSucceededTo5 passSucceededFrom1To5 forwardPassSucceeded shortPassSucceeded,passSucceeded forwardPassSucceeded shortPassSucceeded,0.304709,0.166033,476372,,,0.470412,0.240674
115398801,118575,5400000,0,476372,34,,,31424,筑波大学 - C3,3123386,SECOND_HALF,False,passReceived passReceivedFrom5,passReceived,0.470412,0.240674,,,,,
115398804,118575,5400000,0,476372,34,,,31424,筑波大学 - C3,3128879,SECOND_HALF,False,passSucceeded passSucceededFrom5 passSucceededTo4 passSucceededFrom5To4 sidewaysPassSucceeded mediumPassSucceeded,passSucceeded sidewaysPassSucceeded mediumPassSucceeded,0.602464,0.294532,476368,,,0.317759,0.314573
115398805,118575,5400000,0,476368,40,,,31424,筑波大学 - C3,3130920,SECOND_HALF,False,passReceived passReceivedFrom4,passReceived,0.317759,0.314573,,,,,
115398811,118575,5400000,0,476368,40,,,31424,筑波大学 - C3,3132072,SECOND_HALF,False,passFailed passFailedFrom7 passFailedTo13 passFailedFrom7To13 forwardPassFailed longPassFailed,passFailed forwardPassFailed longPassFailed,0.306939,0.339088,,,,0.0,0.689438
115398812,118575,5400000,0,,,,,31424,筑波大学 - C3,3134790,SECOND_HALF,False,,,0.0,0.689438,,,,,
115403797,118575,5400000,0,476356,14,,,31425,筑波大学 サッカー同好会,3140600,SECOND_HALF,False,throwIn passSucceeded passSucceededFrom6 passSucceededTo6 passSucceededFrom6To6 backwardPassSucceeded shortPassSucceeded,throwIn passSucceeded backwardPassSucceeded shortPassSucceeded,1.03642,0.274533,476355,,,0.862123,0.194393
115403798,118575,5400000,0,476355,31,,,31425,筑波大学 サッカー同好会,3142480,SECOND_HALF,False,passReceived passReceivedFrom6,passReceived,0.862123,0.194393,,,,,
115403799,118575,5400000,0,476355,31,,,31425,筑波大学 サッカー同好会,3144042,SECOND_HALF,False,passSucceeded passSucceededFrom6 passSucceededTo2 passSucceededFrom6To2 sidewaysPassSucceeded longPassSucceeded,passSucceeded sidewaysPassSucceeded longPassSucceeded,0.834164,0.193553,476365,,,0.386015,0.160043
115403800,118575,5400000,0,476365,44,,,31425,筑波大学 サッカー同好会,3147760,SECOND_HALF,False,passReceived passReceivedFrom2,passReceived,0.386015,0.160043,,,,,
115403805,118575,5400000,0,476365,44,,,31425,筑波大学 サッカー同好会,3149010,SECOND_HALF,False,passSucceeded passSucceededFrom5 passSucceededTo7 passSucceededFrom5To7 forwardPassSucceeded longPassSucceeded,passSucceeded forwardPassSucceeded longPassSucceeded,0.366042,0.194211,476353,,,0.0237088,0.39802
115403806,118575,5400000,0,476353,47,,,31425,筑波大学 サッカー同好会,3151720,SECOND_HALF,False,passReceived passReceivedFrom7,passReceived,0.0237088,0.39802,,,,,
115403807,118575,5400000,0,476353,47,,,31425,筑波大学 サッカー同好会,3152240,SECOND_HALF,False,ballMissed,ballMissed,0.0236185,0.398408,,,,,
115398819,118575,5400000,0,476374,2,,,31424,筑波大学 - C3,3157040,SECOND_HALF,False,throwIn passSucceeded passSucceededFrom9 passSucceededTo6 passSucceededFrom9To6 backwardPassSucceeded mediumPassSucceeded,throwIn passSucceeded backwardPassSucceeded mediumPassSucceeded,1.0,0.459865,476369,,,0.893247,0.32406
115398820,118575,5400000,0,476369,30,,,31424,筑波大学 - C3,3159402,SECOND_HALF,False,passReceived passReceivedFrom6,passReceived,0.893247,0.32406,,,,,
115398825,118575,5400000,0,476369,30,,,31424,筑波大学 - C3,3164600,SECOND_HALF,False,passSucceeded passSucceededFrom9 passSucceededTo12 passSucceededFrom9To12 forwardPassSucceeded shortPassSucceeded,passSucceeded forwardPassSucceeded shortPassSucceeded,0.708196,0.390402,476379,,,0.73032,0.500604
115398826,118575,5400000,0,476379,6,,,31424,筑波大学 - C3,3165440,SECOND_HALF,False,passReceived passReceivedFrom12,passReceived,0.73032,0.500604,,,,,
115403815,118575,5400000,0,476354,29,,,31425,筑波大学 サッカー同好会,3166680,SECOND_HALF,False,tackleFailed,tackleFailed,0.205799,0.527393,,,,,
115398830,118575,5400000,0,476379,6,,,31424,筑波大学 - C3,3166751,SECOND_HALF,False,passSucceeded passSucceededFrom9 passSucceededTo9 passSucceededFrom9To9 backwardPassSucceeded shortPassSucceeded,passSucceeded backwardPassSucceeded shortPassSucceeded,0.794276,0.463602,476369,,,0.760366,0.33899
115398831,118575,5400000,0,476369,30,,,31424,筑波大学 - C3,3168200,SECOND_HALF,False,passSucceeded passReceived passSucceededFrom9 passSucceededTo8 passSucceededFrom9To8 forwardPassSucceeded shortPassSucceeded,passSucceeded forwardPassSucceeded shortPassSucceeded passReceived,0.760366,0.33899,476372,,,0.645796,0.421796
115398832,118575,5400000,0,476372,34,,,31424,筑波大学 - C3,3169195,SECOND_HALF,False,passReceived passReceivedFrom8,passReceived,0.645796,0.421796,,,,,
115398834,118575,5400000,0,476372,34,,,31424,筑波大学 - C3,3169853,SECOND_HALF,False,passSucceeded passSucceededFrom8 passSucceededTo5 passSucceededFrom8To5 backwardPassSucceeded mediumPassSucceeded,passSucceeded backwardPassSucceeded mediumPassSucceeded,0.641914,0.394844,476367,,,0.549657,0.183202
115398835,118575,5400000,0,476367,1,,,31424,筑波大学 - C3,3172240,SECOND_HALF,False,passReceived passReceivedFrom5,passReceived,0.549657,0.183202,,,,,
115398842,118575,5400000,0,476367,1,,,31424,筑波大学 - C3,3173361,SECOND_HALF,False,passSucceeded passSucceededFrom5 passSucceededTo4 passSucceededFrom5To4 sidewaysPassSucceeded mediumPassSucceeded,passSucceeded sidewaysPassSucceeded mediumPassSucceeded,0.536978,0.185255,476368,,,0.317918,0.220901
115398843,118575,5400000,0,476368,40,,,31424,筑波大学 - C3,3174846,SECOND_HALF,False,passReceived passReceivedFrom4,passReceived,0.317918,0.220901,,,,,
115398849,118575,5400000,0,476368,40,,,31424,筑波大学 - C3,3180982,SECOND_HALF,False,passSucceeded passSucceededFrom5 passSucceededTo8 passSucceededFrom5To8 forwardPassSucceeded shortPassSucceeded,passSucceeded forwardPassSucceeded shortPassSucceeded,0.372415,0.324356,476373,,,0.476133,0.417015
115398850,118575,5400000,0,476373,39,,,31424,筑波大学 - C3,3182160,SECOND_HALF,False,passSucceeded passReceived passSucceededFrom8 passSucceededTo5 passSucceededFrom8To5 backwardPassSucceeded shortPassSucceeded,passSucceeded backwardPassSucceeded shortPassSucceeded passReceived,0.476133,0.417015,476368,,,0.371829,0.323444
115398851,118575,5400000,0,476368,40,,,31424,筑波大学 - C3,3183280,SECOND_HALF,False,passReceived passReceivedFrom5,passReceived,0.371829,0.323444,,,,,
115398853,118575,5400000,0,476368,40,,,31424,筑波大学 - C3,3183828,SECOND_HALF,False,passSucceeded passSucceededFrom5 passSucceededTo7 passSucceededFrom5To7 sidewaysPassSucceeded mediumPassSucceeded,passSucceeded sidewaysPassSucceeded mediumPassSucceeded,0.369326,0.325529,476372,,,0.158409,0.390573
115398854,118575,5400000,0,476372,34,,,31424,筑波大学 - C3,3185200,SECOND_HALF,False,passReceived passReceivedFrom7,passReceived,0.158409,0.390573,,,,,
115398860,118575,5400000,0,476372,34,,,31424,筑波大学 - C3,3191360,SECOND_HALF,False,passSucceeded passSucceededFrom7 passSucceededTo10 passSucceededFrom7To10 forwardPassSucceeded mediumPassSucceeded,passSucceeded forwardPassSucceeded mediumPassSucceeded,0.121699,0.475376,476375,,,0.0,0.628368
115398861,118575,5400000,0,476375,55,,,31424,筑波大学 - C3,3192920,SECOND_HALF,False,passReceived passReceivedFrom10,passReceived,0.0,0.628368,,,,,
115398867,118575,5400000,0,476375,55,,,31424,筑波大学 - C3,3194480,SECOND_HALF,False,passSucceeded passSucceededFrom10 passSucceededTo10 passSucceededFrom10To10 backwardPassSucceeded shortPassSucceeded,passSucceeded backwardPassSucceeded shortPassSucceeded,0.0888121,0.581938,476370,,,0.170037,0.512141
115398868,118575,5400000,0,476370,14,,,31424,筑波大学 - C3,3195480,SECOND_HALF,False,passReceived passReceivedFrom10,passReceived,0.170037,0.512141,,,,,
115398872,118575,5400000,0,476370,14,,,31424,筑波大学 - C3,3197280,SECOND_HALF,False,passFailed passFailedFrom10 passFailedTo14 passFailedFrom10To14 forwardPassFailed mediumPassFailed,passFailed forwardPassFailed mediumPassFailed,0.231626,0.586032,,,,0.54376,0.716346
115398873,118575,5400000,0,,,,,31424,筑波大学 - C3,3198971,SECOND_HALF,False,,,0.54376,0.716346,,,,,
115403825,118575,5400000,0,476353,47,,,31425,筑波大学 サッカー同好会,3199160,SECOND_HALF,False,intercept,intercept,0.45428,0.286835,,,,,
115403829,118575,5400000,0,476353,47,,,31425,筑波大学 サッカー同好会,3200321,SECOND_HALF,False,passSucceeded passSucceededFrom5 passSucceededTo7 passSucceededFrom5To7 forwardPassSucceeded shortPassSucceeded,passSucceeded forwardPassSucceeded shortPassSucceeded,0.401426,0.328651,476360,,,0.301387,0.433798
115403830,118575,5400000,0,476360,18,,,31425,筑波大学 サッカー同好会,3201520,SECOND_HALF,False,passReceived passReceivedFrom7,passReceived,0.301387,0.433798,,,,,
115403836,118575,5400000,0,476360,18,,,31425,筑波大学 サッカー同好会,3202138,SECOND_HALF,False,passSucceeded passSucceededFrom7 passSucceededTo7 passSucceededFrom7To7 backwardPassSucceeded mediumPassSucceeded,passSucceeded backwardPassSucceeded mediumPassSucceeded,0.262808,0.4244,476353,,,0.0376179,0.338215
115403837,118575,5400000,0,476353,47,,,31425,筑波大学 サッカー同好会,3204900,SECOND_HALF,False,passFailed passReceived passFailedFrom7 passFailedTo10 passFailedFrom7To10 forwardPassFailed mediumPassFailed,passFailed forwardPassFailed mediumPassFailed passReceived,0.0376179,0.338215,,,,0.0,0.523721
115403838,118575,5400000,0,,,,,31425,筑波大学 サッカー同好会,3206720,SECOND_HALF,False,,,0.0,0.523721,,,,,
115398881,118575,5400000,0,476374,2,,,31424,筑波大学 - C3,3210920,SECOND_HALF,False,throwIn passSucceeded passSucceededFrom9 passSucceededTo6 passSucceededFrom9To6 backwardPassSucceeded mediumPassSucceeded,throwIn passSucceeded backwardPassSucceeded mediumPassSucceeded,1.0,0.389476,476369,,,0.870275,0.273892
115398882,118575,5400000,0,476369,30,,,31424,筑波大学 - C3,3213338,SECOND_HALF,False,passReceived passReceivedFrom6,passReceived,0.870275,0.273892,,,,,
115398886,118575,5400000,0,476369,30,,,31424,筑波大学 - C3,3216110,SECOND_HALF,False,dribbleToSpace,dribbleToSpace,0.797119,0.289463,,,,,
115398887,118575,5400000,0,476369,30,,,31424,筑波大学 - C3,3220774,SECOND_HALF,False,passSucceeded passSucceededFrom9 passSucceededTo5 passSucceededFrom9To5 sidewaysPassSucceeded mediumPassSucceeded,passSucceeded sidewaysPassSucceeded mediumPassSucceeded,0.684944,0.353494,476368,,,0.397239,0.299279
115398888,118575,5400000,0,476368,40,,,31424,筑波大学 - C3,3222348,SECOND_HALF,False,passReceived passReceivedFrom5,passReceived,0.397239,0.299279,,,,,
115398894,118575,5400000,0,476368,40,,,31424,筑波大学 - C3,3225786,SECOND_HALF,False,passSucceeded passSucceededFrom5 passSucceededTo9 passSucceededFrom5To9 sidewaysPassSucceeded mediumPassSucceeded,passSucceeded sidewaysPassSucceeded mediumPassSucceeded,0.42397,0.331674,476369,,,0.670703,0.337834
115398895,118575,5400000,0,476369,30,,,31424,筑波大学 - C3,3227481,SECOND_HALF,False,passReceived passReceivedFrom9,passReceived,0.670703,0.337834,,,,,
115398898,118575,5400000,0,476369,30,,,31424,筑波大学 - C3,3228311,SECOND_HALF,False,passFailed passFailedFrom9 passFailedTo9 passFailedFrom9To9 forwardPassFailed mediumPassFailed,passFailed forwardPassFailed mediumPassFailed,0.679122,0.346534,,,,0.814837,0.477517
115398899,118575,5400000,0,,,,,31424,筑波大学 - C3,3229200,SECOND_HALF,False,,,0.814837,0.477517,,,,,
115403847,118575,5400000,0,476360,18,,,31425,筑波大学 サッカー同好会,3229520,SECOND_HALF,False,intercept,intercept,0.183539,0.519844,,,,,
115398903,118575,5400000,0,476373,39,,,31424,筑波大学 - C3,3230120,SECOND_HALF,False,cutoff,cutoff,0.7789,0.4649,,,,,
115403852,118575,5400000,0,476353,47,,,31425,筑波大学 サッカー同好会,3236661,SECOND_HALF,False,throwIn passSucceeded passSucceededFrom7 passSucceededTo4 passSucceededFrom7To4 backwardPassSucceeded shortPassSucceeded,throwIn passSucceeded backwardPassSucceeded shortPassSucceeded,-0.0213241,0.413707,476365,,,0.146766,0.32847
115403853,118575,5400000,0,476365,44,,,31425,筑波大学 サッカー同好会,3238960,SECOND_HALF,False,passReceived passReceivedFrom4,passReceived,0.146766,0.32847,,,,,
115403855,118575,5400000,0,476365,44,,,31425,筑波大学 サッカー同好会,3240040,SECOND_HALF,False,passSucceeded passSucceededFrom4 passSucceededTo2 passSucceededFrom4To2 backwardPassSucceeded mediumPassSucceeded,passSucceeded backwardPassSucceeded mediumPassSucceeded,0.190676,0.312145,476352,,,0.526403,0.140808
115403856,118575,5400000,0,476352,12,,,31425,筑波大学 サッカー同好会,3242440,SECOND_HALF,False,passReceived passReceivedFrom2,passReceived,0.526403,0.140808,,,,,
115403857,118575,5400000,0,476352,12,,,31425,筑波大学 サッカー同好会,3245400,SECOND_HALF,False,passSucceeded passSucceededFrom2 passSucceededTo4 passSucceededFrom2To4 sidewaysPassSucceeded mediumPassSucceeded,passSucceeded sidewaysPassSucceeded mediumPassSucceeded,0.571225,0.140268,476365,,,0.298912,0.202422
115403858,118575,5400000,0,476365,44,,,31425,筑波大学 サッカー同好会,3247040,SECOND_HALF,False,passReceived passReceivedFrom4,passReceived,0.298912,0.202422,,,,,
115403865,118575,5400000,0,476365,44,,,31425,筑波大学 サッカー同好会,3250484,SECOND_HALF,False,passSucceeded passSucceededFrom4 passSucceededTo7 passSucceededFrom4To7 forwardPassSucceeded mediumPassSucceeded,passSucceeded forwardPassSucceeded mediumPassSucceeded,0.226164,0.299805,476353,,,0.0128699,0.382211
115403866,118575,5400000,0,476353,47,,,31425,筑波大学 サッカー同好会,3251880,SECOND_HALF,False,passReceived passReceivedFrom7,passReceived,0.0128699,0.382211,,,,,
115403875,118575,5400000,0,476353,47,,,31425,筑波大学 サッカー同好会,3252960,SECOND_HALF,False,passFailed passFailedFrom7 passFailedTo7 passFailedFrom7To7 sidewaysPassFailed shortPassFailed,passFailed sidewaysPassFailed shortPassFailed,0.0301546,0.383538,,,,0.0586392,0.391497
115398911,118575,5400000,0,476373,39,,,31424,筑波大学 - C3,3253160,SECOND_HALF,False,intercept,intercept,0.951063,0.60785,,,,,
115403876,118575,5400000,0,,,,,31425,筑波大学 サッカー同好会,3253200,SECOND_HALF,False,,,0.0586392,0.391497,,,,,
115398912,118575,5400000,0,476373,39,,,31424,筑波大学 - C3,3254800,SECOND_HALF,False,controlUnderPressure,controlUnderPressure,0.975738,0.579039,,,,,
115398916,118575,5400000,0,476373,39,,,31424,筑波大学 - C3,3257760,SECOND_HALF,False,passSucceeded passSucceededFrom12 passSucceededTo14 passSucceededFrom12To14 forwardPassSucceeded mediumPassSucceeded,passSucceeded forwardPassSucceeded mediumPassSucceeded,0.908754,0.664362,476376,,,0.620637,0.827573
115398917,118575,5400000,0,476376,19,,,31424,筑波大学 - C3,3259590,SECOND_HALF,False,passReceived passReceivedFrom14,passReceived,0.620637,0.827573,,,,,
115398921,118575,5400000,0,476376,19,,,31424,筑波大学 - C3,3260040,SECOND_HALF,False,passFailed passFailedFrom17 passFailedTo17 passFailedFrom17To17 sidewaysPassFailed shortPassFailed,passFailed sidewaysPassFailed shortPassFailed,0.606709,0.844167,,,,0.48785,0.851351
115398922,118575,5400000,0,,,,,31424,筑波大学 - C3,3261440,SECOND_HALF,False,,,0.48785,0.851351,,,,,
115403878,118575,5400000,0,476356,14,,,31425,筑波大学 サッカー同好会,3261920,SECOND_HALF,False,clearance,clearance,0.530839,0.121858,,,,,
115403887,118575,5400000,0,476369,30,,,31424,筑波大学 - C3,3264480,SECOND_HALF,False,looseBallDuelFailed,duelFailed looseBallDuelFailed,0.654838,0.54107,,,,,
115403882,118575,5400000,0,476362,9,,,31425,筑波大学 サッカー同好会,3264560,SECOND_HALF,False,looseBallDuelSucceeded possession passSucceeded passSucceededFrom8 passSucceededTo7 passSucceededFrom8To7 sidewaysPassSucceeded shortPassSucceeded,passSucceeded sidewaysPassSucceeded shortPassSucceeded duelSucceeded looseBallDuelSucceeded possession,0.356745,0.451457,476357,,,0.306274,0.449623
115403883,118575,5400000,0,476357,17,,,31425,筑波大学 サッカー同好会,3265120,SECOND_HALF,False,passReceived passReceivedFrom7,passReceived,0.306274,0.449623,,,,,
115403895,118575,5400000,0,476357,17,,,31425,筑波大学 サッカー同好会,3265680,SECOND_HALF,False,dribbleToSpace,dribbleToSpace,0.293963,0.474155,,,,,
115403898,118575,5400000,0,476357,17,,,31425,筑波大学 サッカー同好会,3267160,SECOND_HALF,False,passFailed passFailedFrom10 passFailedTo13 passFailedFrom10To13 forwardPassFailed mediumPassFailed,passFailed forwardPassFailed mediumPassFailed,0.302755,0.553952,,,,0.100898,0.701879
115398942,118575,5400000,0,476374,2,,,31424,筑波大学 - C3,3269880,SECOND_HALF,False,clearance,clearance,0.876532,0.301,,,,,
115403899,118575,5400000,0,,,,,31425,筑波大学 サッカー同好会,3270080,SECOND_HALF,False,,,0.100898,0.701879,,,,,
115403902,118575,5400000,0,476360,18,,,31425,筑波大学 サッカー同好会,3270120,SECOND_HALF,False,block,block,0.102029,0.694666,,,,,
115398947,118575,5400000,0,476374,2,,,31424,筑波大学 - C3,3276196,SECOND_HALF,False,throwIn passSucceeded passSucceededFrom6 passSucceededTo3 passSucceededFrom6To3 backwardPassSucceeded shortPassSucceeded,throwIn passSucceeded backwardPassSucceeded shortPassSucceeded,1.0,0.200106,476369,,,0.902159,0.0889774
115398948,118575,5400000,0,476369,30,,,31424,筑波大学 - C3,3277920,SECOND_HALF,False,passReceived passReceivedFrom3,passReceived,0.902159,0.0889774,,,,,
115398954,118575,5400000,0,476369,30,,,31424,筑波大学 - C3,3278904,SECOND_HALF,False,passSucceeded passSucceededFrom3 passSucceededTo2 passSucceededFrom3To2 sidewaysPassSucceeded mediumPassSucceeded,passSucceeded sidewaysPassSucceeded mediumPassSucceeded,0.88027,0.0858956,476367,,,0.5972,0.0620937
115398955,118575,5400000,0,476367,1,,,31424,筑波大学 - C3,3281153,SECOND_HALF,False,passReceived passReceivedFrom2,passReceived,0.5972,0.0620937,,,,,
115398957,118575,5400000,0,476367,1,,,31424,筑波大学 - C3,3282146,SECOND_HALF,False,passSucceeded passSucceededFrom2 passSucceededTo2 passSucceededFrom2To2 forwardPassSucceeded shortPassSucceeded,passSucceeded forwardPassSucceeded shortPassSucceeded,0.538563,0.0805679,476368,,,0.388302,0.141974
115398958,118575,5400000,0,476368,40,,,31424,筑波大学 - C3,3283800,SECOND_HALF,False,passReceived passReceivedFrom2,passReceived,0.388302,0.141974,,,,,
115398962,118575,5400000,0,476368,40,,,31424,筑波大学 - C3,3289243,SECOND_HALF,False,passSucceeded passSucceededFrom5 passSucceededTo5 passSucceededFrom5To5 sidewaysPassSucceeded shortPassSucceeded,passSucceeded sidewaysPassSucceeded shortPassSucceeded,0.432213,0.212579,476369,,,0.623521,0.219917
115398963,118575,5400000,0,476369,30,,,31424,筑波大学 - C3,3291173,SECOND_HALF,False,passReceived passReceivedFrom5,passReceived,0.623521,0.219917,,,,,
115398968,118575,5400000,0,476369,30,,,31424,筑波大学 - C3,3292414,SECOND_HALF,False,passSucceeded passSucceededFrom5 passSucceededTo5 passSucceededFrom5To5 sidewaysPassSucceeded mediumPassSucceeded,passSucceeded sidewaysPassSucceeded mediumPassSucceeded,0.622289,0.22054,476368,,,0.389934,0.218215
115398969,118575,5400000,0,476368,40,,,31424,筑波大学 - C3,3294497,SECOND_HALF,False,passReceived passReceivedFrom5,passReceived,0.389934,0.218215,,,,,
115398974,118575,5400000,0,476368,40,,,31424,筑波大学 - C3,3296056,SECOND_HALF,False,passSucceeded passSucceededFrom5 passSucceededTo7 passSucceededFrom5To7 forwardPassSucceeded mediumPassSucceeded,passSucceeded forwardPassSucceeded mediumPassSucceeded,0.375129,0.240017,476370,,,0.126881,0.334719
115398975,118575,5400000,0,476370,14,,,31424,筑波大学 - C3,3297579,SECOND_HALF,False,passReceived passReceivedFrom7,passReceived,0.126881,0.334719,,,,,
115398976,118575,5400000,0,476370,14,,,31424,筑波大学 - C3,3299594,SECOND_HALF,False,passSucceeded passSucceededFrom7 passSucceededTo4 passSucceededFrom7To4 backwardPassSucceeded shortPassSucceeded,passSucceeded backwardPassSucceeded shortPassSucceeded,0.154387,0.347196,476368,,,0.227876,0.225553
115398977,118575,5400000,0,476368,40,,,31424,筑波大学 - C3,3301680,SECOND_HALF,False,passReceived passReceivedFrom4,passReceived,0.227876,0.225553,,,,,
115398983,118575,5400000,0,476368,40,,,31424,筑波大学 - C3,3303682,SECOND_HALF,False,passSucceeded passSucceededFrom4 passSucceededTo5 passSucceededFrom4To5 sidewaysPassSucceeded mediumPassSucceeded,passSucceeded sidewaysPassSucceeded mediumPassSucceeded,0.280218,0.240211,476369,,,0.579701,0.224095
115398984,118575,5400000,0,476369,30,,,31424,筑波大学 - C3,3305469,SECOND_HALF,False,passSucceeded passReceived passSucceededFrom5 passSucceededTo2 passSucceededFrom5To2 backwardPassSucceeded shortPassSucceeded,passSucceeded backwardPassSucceeded shortPassSucceeded passReceived,0.579701,0.224095,476367,,,0.467248,0.157544
115398985,118575,5400000,0,476367,1,,,31424,筑波大学 - C3,3306587,SECOND_HALF,False,passReceived passReceivedFrom2,passReceived,0.467248,0.157544,,,,,
115398986,118575,5400000,0,476367,1,,,31424,筑波大学 - C3,3308070,SECOND_HALF,False,passSucceeded passSucceededFrom2 passSucceededTo4 passSucceededFrom2To4 sidewaysPassSucceeded shortPassSucceeded,passSucceeded sidewaysPassSucceeded shortPassSucceeded,0.468833,0.164728,476368,,,0.308743,0.202956
115398987,118575,5400000,0,476368,40,,,31424,筑波大学 - C3,3309306,SECOND_HALF,False,passReceived passReceivedFrom4,passReceived,0.308743,0.202956,,,,,
115398989,118575,5400000,0,476368,40,,,31424,筑波大学 - C3,3310839,SECOND_HALF,False,passSucceeded passSucceededFrom5 passSucceededTo6 passSucceededFrom5To6 sidewaysPassSucceeded mediumPassSucceeded,passSucceeded sidewaysPassSucceeded mediumPassSucceeded,0.356046,0.218556,476369,,,0.695242,0.280977
115398990,118575,5400000,0,476369,30,,,31424,筑波大学 - C3,3312919,SECOND_HALF,False,passReceived passReceivedFrom6,passReceived,0.695242,0.280977,,,,,
115398992,118575,5400000,0,476369,30,,,31424,筑波大学 - C3,3313722,SECOND_HALF,False,passFailed passFailedFrom6 passFailedTo8 passFailedFrom6To8 forwardPassFailed shortPassFailed,passFailed forwardPassFailed shortPassFailed,0.70318,0.304277,,,,0.660322,0.413757
115398993,118575,5400000,0,,,,,31424,筑波大学 - C3,3314305,SECOND_HALF,False,,,0.660322,0.413757,,,,,
115403913,118575,5400000,0,476359,16,,,31425,筑波大学 サッカー同好会,3314560,SECOND_HALF,False,clearance,clearance,0.377536,0.58655,,,,,
115403916,118575,5400000,0,476368,40,,,31424,筑波大学 - C3,3319392,SECOND_HALF,False,possession,possession,0.20521,0.284236,,,,,
115399006,118575,5400000,0,476368,40,,,31424,筑波大学 - C3,3320739,SECOND_HALF,False,passFailed passFailedFrom4 passFailedTo10 passFailedFrom4To10 forwardPassFailed longPassFailed,passFailed forwardPassFailed longPassFailed,0.198179,0.308396,,,,0.15666,0.634485
115399007,118575,5400000,0,,,,,31424,筑波大学 - C3,3322189,SECOND_HALF,False,,,0.15666,0.634485,,,,,
115403924,118575,5400000,0,476355,31,,,31425,筑波大学 サッカー同好会,3322640,SECOND_HALF,False,clearance,clearance,0.85207,0.368692,,,,,
115399008,118575,5400000,0,476376,19,,,31424,筑波大学 - C3,3325188,SECOND_HALF,False,possession,possession,0.0210888,0.741273,,,,,
115399011,118575,5400000,0,476376,19,,,31424,筑波大学 - C3,3326359,SECOND_HALF,False,passSucceeded passSucceededFrom13 passSucceededTo16 passSucceededFrom13To16 forwardPassSucceeded shortPassSucceeded,passSucceeded forwardPassSucceeded shortPassSucceeded,0.0124141,0.741533,476370,,,0.0139989,0.838009
115399012,118575,5400000,0,476370,14,,,31424,筑波大学 - C3,3328572,SECOND_HALF,False,passReceived passReceivedFrom16,passReceived,0.0139989,0.838009,,,,,
115403929,118575,5400000,0,476355,31,,,31425,筑波大学 サッカー同好会,3331000,SECOND_HALF,False,tackleSucceeded,tackleSucceeded,0.977735,0.0513146,,,,,
115403937,118575,5400000,0,476355,31,,,31425,筑波大学 サッカー同好会,3332600,SECOND_HALF,False,passSucceeded passSucceededFrom3 passSucceededTo9 passSucceededFrom3To9 forwardPassSucceeded longPassSucceeded,passSucceeded forwardPassSucceeded longPassSucceeded,0.95092,0.0533705,476361,,,0.976471,0.371162
115403938,118575,5400000,0,476361,10,,,31425,筑波大学 サッカー同好会,3336640,SECOND_HALF,False,passReceived passReceivedFrom9,passReceived,0.976471,0.371162,,,,,
115403965,118575,5400000,0,476361,10,,,31425,筑波大学 サッカー同好会,3338400,SECOND_HALF,False,passSucceeded passSucceededFrom9 passSucceededTo12 passSucceededFrom9To12 forwardPassSucceeded shortPassSucceeded,passSucceeded forwardPassSucceeded shortPassSucceeded,0.907528,0.439058,476362,,,0.872345,0.551183
115403966,118575,5400000,0,476362,9,,,31425,筑波大学 サッカー同好会,3339880,SECOND_HALF,False,passFailed passReceived passFailedFrom12 passFailedTo12 passFailedFrom12To12 sidewaysPassFailed shortPassFailed,passFailed sidewaysPassFailed shortPassFailed passReceived,0.872345,0.551183,,,,0.808283,0.561634
115403967,118575,5400000,0,,,,,31425,筑波大学 サッカー同好会,3340920,SECOND_HALF,False,,,0.808283,0.561634,,,,,
115399016,118575,5400000,0,476372,34,,,31424,筑波大学 - C3,3340960,SECOND_HALF,False,intercept passSucceeded passSucceededFrom7 passSucceededTo8 passSucceededFrom7To8 backwardPassSucceeded mediumPassSucceeded,passSucceeded backwardPassSucceeded mediumPassSucceeded intercept,0.208185,0.435451,476369,,,0.400534,0.351977
115399017,118575,5400000,0,476369,30,,,31424,筑波大学 - C3,3343460,SECOND_HALF,False,passSucceeded passReceived passSucceededFrom8 passSucceededTo8 passSucceededFrom8To8 forwardPassSucceeded shortPassSucceeded,passSucceeded forwardPassSucceeded shortPassSucceeded passReceived,0.400534,0.351977,476373,,,0.468311,0.468617
115399018,118575,5400000,0,476373,39,,,31424,筑波大学 - C3,3345105,SECOND_HALF,False,passReceived passReceivedFrom8,passReceived,0.468311,0.468617,,,,,
115399021,118575,5400000,0,476373,39,,,31424,筑波大学 - C3,3347127,SECOND_HALF,False,passFailed passFailedFrom8 passFailedTo11 passFailedFrom8To11 forwardPassFailed shortPassFailed,passFailed forwardPassFailed shortPassFailed,0.52542,0.437004,,,,0.658906,0.537782
115399022,118575,5400000,0,,,,,31424,筑波大学 - C3,3347841,SECOND_HALF,False,,,0.658906,0.537782,,,,,
115403968,118575,5400000,0,476360,18,,,31425,筑波大学 サッカー同好会,3348160,SECOND_HALF,False,intercept,intercept,0.366683,0.462631,,,,,
115403971,118575,5400000,0,476360,18,,,31425,筑波大学 サッカー同好会,3349400,SECOND_HALF,False,dribbleToSpace,dribbleToSpace,0.408118,0.49675,,,,,
115403974,118575,5400000,0,476360,18,,,31425,筑波大学 サッカー同好会,3355640,SECOND_HALF,False,passSucceeded passSucceededFrom15 passSucceededTo18 passSucceededFrom15To18 forwardPassSucceeded mediumPassSucceeded,passSucceeded forwardPassSucceeded mediumPassSucceeded,0.845508,0.69583,476362,,,0.830782,0.846107
115403975,118575,5400000,0,476362,9,,,31425,筑波大学 サッカー同好会,3357440,SECOND_HALF,False,passReceived passReceivedFrom18,passReceived,0.830782,0.846107,,,,,
115403984,118575,5400000,0,476362,9,,,31425,筑波大学 サッカー同好会,3359960,SECOND_HALF,False,passFailed passFailedFrom18 passFailedTo18 passFailedFrom18To18 forwardPassFailed shortPassFailed,passFailed forwardPassFailed shortPassFailed,0.909719,0.876499,,,,0.777564,0.959879
115399034,118575,5400000,0,476368,40,,,31424,筑波大学 - C3,3362440,SECOND_HALF,False,intercept,intercept,0.245378,0.0518303,,,,,
115403985,118575,5400000,0,,,,,31425,筑波大学 サッカー同好会,3362520,SECOND_HALF,False,,,0.777564,0.959879,,,,,
115399040,118575,5400000,0,476368,40,,,31424,筑波大学 - C3,3362990,SECOND_HALF,False,passFailed passFailedFrom1 passFailedTo4 passFailedFrom1To4 forwardPassFailed mediumPassFailed,passFailed forwardPassFailed mediumPassFailed,0.245378,0.0518303,,,,0.179575,0.209844
115399041,118575,5400000,0,,,,,31424,筑波大学 - C3,3365320,SECOND_HALF,False,,,0.179575,0.209844,,,,,
115403994,118575,5400000,0,476360,18,,,31425,筑波大学 サッカー同好会,3365600,SECOND_HALF,False,intercept,intercept,0.822485,0.78632,,,,,
115404006,118575,5400000,0,476360,18,,,31425,筑波大学 サッカー同好会,3371000,SECOND_HALF,False,passFailed passFailedFrom15 passFailedTo18 passFailedFrom15To18 forwardPassFailed mediumPassFailed,passFailed forwardPassFailed mediumPassFailed,0.880511,0.801737,,,,0.710911,0.994929
115399048,118575,5400000,0,476367,1,,,31424,筑波大学 - C3,3375569,SECOND_HALF,False,possession,possession,0.272319,0.0107766,,,,,
115404007,118575,5400000,0,,,,,31425,筑波大学 サッカー同好会,3375760,SECOND_HALF,False,,,0.710911,0.994929,,,,,
115399063,118575,5400000,0,476367,1,,,31424,筑波大学 - C3,3380690,SECOND_HALF,False,passSucceeded passSucceededFrom2 passSucceededTo2 passSucceededFrom2To2 forwardPassSucceeded shortPassSucceeded,passSucceeded forwardPassSucceeded shortPassSucceeded,0.456154,0.0620937,476369,,,0.575013,0.111358
115399064,118575,5400000,0,476369,30,,,31424,筑波大学 - C3,3382179,SECOND_HALF,False,passReceived passReceivedFrom2,passReceived,0.575013,0.111358,,,,,
115399090,118575,5400000,0,476369,30,,,31424,筑波大学 - C3,3383320,SECOND_HALF,False,passSucceeded passSucceededFrom2 passSucceededTo5 passSucceededFrom2To5 forwardPassSucceeded shortPassSucceeded,passSucceeded forwardPassSucceeded shortPassSucceeded,0.622557,0.140096,476379,,,0.515361,0.220376
115399091,118575,5400000,0,476379,6,,,31424,筑波大学 - C3,3384560,SECOND_HALF,False,passSucceeded passReceived passSucceededFrom5 passSucceededTo2 passSucceededFrom5To2 backwardPassSucceeded shortPassSucceeded,passSucceeded backwardPassSucceeded shortPassSucceeded passReceived,0.515361,0.220376,476369,,,0.627311,0.137017
115399092,118575,5400000,0,476369,30,,,31424,筑波大学 - C3,3385680,SECOND_HALF,False,passReceived passReceivedFrom2,passReceived,0.627311,0.137017,,,,,
115399095,118575,5400000,0,476369,30,,,31424,筑波大学 - C3,3388129,SECOND_HALF,False,passSucceeded passSucceededFrom5 passSucceededTo5 passSucceededFrom5To5 forwardPassSucceeded mediumPassSucceeded,passSucceeded forwardPassSucceeded mediumPassSucceeded,0.609878,0.16986,476372,,,0.386684,0.316472
115399096,118575,5400000,0,476372,34,,,31424,筑波大学 - C3,3389760,SECOND_HALF,False,passReceived passReceivedFrom5,passReceived,0.386684,0.316472,,,,,
115399098,118575,5400000,0,476372,34,,,31424,筑波大学 - C3,3390201,SECOND_HALF,False,passSucceeded passSucceededFrom5 passSucceededTo4 passSucceededFrom5To4 backwardPassSucceeded mediumPassSucceeded,passSucceeded backwardPassSucceeded mediumPassSucceeded,0.378303,0.309768,476368,,,0.246521,0.172353
115399099,118575,5400000,0,476368,40,,,31424,筑波大学 - C3,3391712,SECOND_HALF,False,passReceived passReceivedFrom4,passReceived,0.246521,0.172353,,,,,
115399107,118575,5400000,0,476368,40,,,31424,筑波大学 - C3,3393104,SECOND_HALF,False,passSucceeded passSucceededFrom4 passSucceededTo7 passSucceededFrom4To7 forwardPassSucceeded mediumPassSucceeded,passSucceeded forwardPassSucceeded mediumPassSucceeded,0.252114,0.202349,476370,,,0.0772812,0.3556
115399108,118575,5400000,0,476370,14,,,31424,筑波大学 - C3,3394640,SECOND_HALF,False,passReceived passReceivedFrom7,passReceived,0.0772812,0.3556,,,,,
115399113,118575,5400000,0,476370,14,,,31424,筑波大学 - C3,3396040,SECOND_HALF,False,passSucceeded passSucceededFrom7 passSucceededTo10 passSucceededFrom7To10 forwardPassSucceeded shortPassSucceeded,passSucceeded forwardPassSucceeded shortPassSucceeded,0.0712781,0.415116,476376,,,0.173409,0.521755
115399114,118575,5400000,0,476376,19,,,31424,筑波大学 - C3,3397040,SECOND_HALF,False,passSucceeded passReceived passSucceededFrom10 passSucceededTo10 passSucceededFrom10To10 sidewaysPassSucceeded shortPassSucceeded,passSucceeded sidewaysPassSucceeded shortPassSucceeded passReceived,0.173409,0.521755,476370,,,0.0182463,0.524943
115404023,118575,5400000,0,476355,31,,,31425,筑波大学 サッカー同好会,3397240,SECOND_HALF,False,tackleFailed,tackleFailed,0.844756,0.47477,,,,,
115399115,118575,5400000,0,476370,14,,,31424,筑波大学 - C3,3398200,SECOND_HALF,False,passReceived passReceivedFrom10,passReceived,0.0182463,0.524943,,,,,
115399118,118575,5400000,0,476370,14,,,31424,筑波大学 - C3,3400855,SECOND_HALF,False,passSucceeded passSucceededFrom10 passSucceededTo7 passSucceededFrom10To7 backwardPassSucceeded shortPassSucceeded,passSucceeded backwardPassSucceeded shortPassSucceeded,0.0,0.56604,476372,,,0.0714168,0.46393
115399119,118575,5400000,0,476372,34,,,31424,筑波大学 - C3,3401680,SECOND_HALF,False,passReceived passReceivedFrom7,passReceived,0.0714168,0.46393,,,,,
115399124,118575,5400000,0,476372,34,,,31424,筑波大学 - C3,3406040,SECOND_HALF,False,passSucceeded passSucceededFrom10 passSucceededTo7 passSucceededFrom10To7 backwardPassSucceeded shortPassSucceeded,passSucceeded backwardPassSucceeded shortPassSucceeded,0.161385,0.502552,476379,,,0.286668,0.436679
115399125,118575,5400000,0,476379,6,,,31424,筑波大学 - C3,3407400,SECOND_HALF,False,passReceived passReceivedFrom7,passReceived,0.286668,0.436679,,,,,
115399128,118575,5400000,0,476379,6,,,31424,筑波大学 - C3,3408391,SECOND_HALF,False,passFailed passFailedFrom8 passFailedTo15 passFailedFrom8To15 forwardPassFailed longPassFailed,passFailed forwardPassFailed longPassFailed,0.340928,0.446684,,,,0.864755,0.764348
115399129,118575,5400000,0,,,,,31424,筑波大学 - C3,3411317,SECOND_HALF,False,,,0.864755,0.764348,,,,,
115404044,118575,5400000,0,476353,47,,,31425,筑波大学 サッカー同好会,3411840,SECOND_HALF,False,clearance,clearance,0.116663,0.232915,,,,,
115399134,118575,5400000,0,476374,2,,,31424,筑波大学 - C3,3412368,SECOND_HALF,False,possession,possession,0.907585,0.77743,,,,,
115399137,118575,5400000,0,476374,2,,,31424,筑波大学 - C3,3413760,SECOND_HALF,False,dribbleSucceeded,dribbleSucceeded,0.860595,0.793582,,,,,
115399142,118575,5400000,0,476374,2,,,31424,筑波大学 - C3,3417983,SECOND_HALF,False,crossFailed,crossFailed,0.949374,0.942785,,,,0.68051,0.954853
115399143,118575,5400000,0,,,,,31424,筑波大学 - C3,3419210,SECOND_HALF,False,,,0.68051,0.954853,,,,,
115404054,118575,5400000,0,476365,44,,,31425,筑波大学 サッカー同好会,3419640,SECOND_HALF,False,clearance,clearance,0.38281,0.0126551,,,,,
115341384,118575,5400000,0,476372,34,,,31424,筑波大学 - C3,3435000,SECOND_HALF,False,changeOut,changeOut,0.583333,0.58,,,,,
115341385,118575,5400000,0,476380,58,,,31424,筑波大学 - C3,3435000,SECOND_HALF,False,changeIn,changeIn,0.583333,0.58,,,,,
115341515,118575,5400000,0,476353,47,,,31425,筑波大学 サッカー同好会,3436367,SECOND_HALF,False,changeOut,changeOut,0.125,0.245,,,,,
115341516,118575,5400000,0,476364,55,,,31425,筑波大学 サッカー同好会,3436367,SECOND_HALF,False,changeIn,changeIn,0.125,0.245,,,,,
115341517,118575,5400000,0,476361,10,,,31425,筑波大学 サッカー同好会,3438533,SECOND_HALF,False,changeOut,changeOut,0.875,0.58,,,,,
115341518,118575,5400000,0,476363,32,,,31425,筑波大学 サッカー同好会,3438533,SECOND_HALF,False,changeIn,changeIn,0.875,0.58,,,,,
115399153,118575,5400000,0,476374,2,,,31424,筑波大学 - C3,3455520,SECOND_HALF,False,throwIn passSucceeded passSucceededFrom15 passSucceededTo18 passSucceededFrom15To18 sidewaysPassSucceeded shortPassSucceeded,throwIn passSucceeded sidewaysPassSucceeded shortPassSucceeded,1.0,0.823479,476373,,,0.923885,0.833807
115399154,118575,5400000,0,476373,39,,,31424,筑波大学 - C3,3456840,SECOND_HALF,False,passReceived passReceivedFrom18,passReceived,0.923885,0.833807,,,,,
115399169,118575,5400000,0,476373,39,,,31424,筑波大学 - C3,3457520,SECOND_HALF,False,dribbleSucceeded,dribbleSucceeded,0.927226,0.836819,,,,,
115399170,118575,5400000,0,476373,39,,,31424,筑波大学 - C3,3459160,SECOND_HALF,False,passSucceeded passSucceededFrom18 passSucceededTo15 passSucceededFrom18To15 backwardPassSucceeded shortPassSucceeded,passSucceeded backwardPassSucceeded shortPassSucceeded,0.797495,0.85396,476379,,,0.748201,0.772295
115399171,118575,5400000,0,476379,6,,,31424,筑波大学 - C3,3460236,SECOND_HALF,False,passReceived passReceivedFrom15,passReceived,0.748201,0.772295,,,,,
115399175,118575,5400000,0,476379,6,,,31424,筑波大学 - C3,3461079,SECOND_HALF,False,passFailed passFailedFrom15 passFailedTo17 passFailedFrom15To17 sidewaysPassFailed mediumPassFailed,passFailed sidewaysPassFailed mediumPassFailed,0.719558,0.781033,,,,0.348964,0.888154
115399176,118575,5400000,0,,,,,31424,筑波大学 - C3,3462489,SECOND_HALF,False,,,0.348964,0.888154,,,,,
115404091,118575,5400000,0,476362,9,,,31425,筑波大学 サッカー同好会,3462600,SECOND_HALF,False,clearance,clearance,0.688492,0.0924326,,,,,
115404096,118575,5400000,0,476357,17,,,31425,筑波大学 サッカー同好会,3464400,SECOND_HALF,False,looseBallDuelSucceeded clearance,duelSucceeded looseBallDuelSucceeded clearance,0.578073,0.144861,,,,,
115399179,118575,5400000,0,476377,24,,,31424,筑波大学 - C3,3464597,SECOND_HALF,False,looseBallDuelFailed,duelFailed looseBallDuelFailed,0.454569,0.818508,,,,,
115399200,118575,5400000,0,476380,58,,,31424,筑波大学 - C3,3465760,SECOND_HALF,False,attackRouteStart possession passSucceeded passSucceededFrom14 passSucceededTo16 passSucceededFrom14To16 sidewaysPassSucceeded mediumPassSucceeded,passSucceeded sidewaysPassSucceeded mediumPassSucceeded possession,0.344437,0.7857,476375,,,0.109712,0.85958
115399201,118575,5400000,0,476375,55,,,31424,筑波大学 - C3,3467080,SECOND_HALF,False,passReceived passReceivedFrom16,passReceived,0.109712,0.85958,,,,,
115399186,118575,5400000,0,476375,55,,,31424,筑波大学 - C3,3472640,SECOND_HALF,False,passSucceeded passSucceededFrom13 passSucceededTo13 passSucceededFrom13To13 backwardPassSucceeded shortPassSucceeded,passSucceeded backwardPassSucceeded shortPassSucceeded,0.179912,0.794514,476380,,,0.122999,0.721658
115399187,118575,5400000,0,476380,58,,,31424,筑波大学 - C3,3473560,SECOND_HALF,False,passReceived passReceivedFrom13,passReceived,0.122999,0.721658,,,,,
115399191,118575,5400000,0,476380,58,,,31424,筑波大学 - C3,3474280,SECOND_HALF,False,passSucceeded passSucceededFrom13 passSucceededTo16 passSucceededFrom13To16 forwardPassSucceeded shortPassSucceeded,passSucceeded forwardPassSucceeded shortPassSucceeded,0.0995153,0.736353,476370,,,0.0314316,0.838009
115399192,118575,5400000,0,476370,14,,,31424,筑波大学 - C3,3475160,SECOND_HALF,False,passReceived passReceivedFrom16,passReceived,0.0314316,0.838009,,,,,
115399197,118575,5400000,0,476370,14,,,31424,筑波大学 - C3,3476998,SECOND_HALF,False,crossSucceeded keyPass keyPassFrom4To8,keyPass crossSucceeded,0.0377707,0.809271,476376,,,0.451032,0.916277
115404103,118575,5400000,0,476355,31,,,31425,筑波大学 サッカー同好会,3479160,SECOND_HALF,False,aerialDuelFailed,duelFailed aerialDuelFailed,0.595989,0.0719394,,,,,
115399198,118575,5400000,0,476376,19,,,31424,筑波大学 - C3,3479254,SECOND_HALF,False,aerialDuelSucceeded shotOnTarget header attackRouteEnd crossReceived shotOnTargetInPenaltyArea,shotOnTarget duelSucceeded aerialDuelSucceeded crossReceived,0.451032,0.916277,,,,,
115404120,118575,5400000,0,476352,12,,,31425,筑波大学 サッカー同好会,3480160,SECOND_HALF,False,saveByCatching hands,saveByCatching,0.550425,-0.00144561,,,,,
115404130,118575,5400000,0,476352,12,,,31425,筑波大学 サッカー同好会,3490080,SECOND_HALF,False,passFailed passFailedFrom3 passFailedTo12 passFailedFrom3To12 forwardPassFailed longPassFailed,passFailed forwardPassFailed longPassFailed,0.779755,0.106944,476362,,,0.892841,0.533553
115399212,118575,5400000,0,476370,14,,,31424,筑波大学 - C3,3494040,SECOND_HALF,False,aerialDuelSucceeded intercept passFailed passFailedFrom7 passFailedTo10 passFailedFrom7To10 forwardPassFailed shortPassFailed,passFailed forwardPassFailed shortPassFailed duelSucceeded aerialDuelSucceeded intercept,0.112229,0.469449,,,,0.122372,0.56021
115404131,118575,5400000,0,476362,9,,,31425,筑波大学 サッカー同好会,3494240,SECOND_HALF,False,aerialDuelFailed,duelFailed aerialDuelFailed,0.892841,0.533553,,,,,
115399213,118575,5400000,0,,,,,31424,筑波大学 - C3,3495240,SECOND_HALF,False,,,0.122372,0.56021,,,,,
115404136,118575,5400000,0,476356,14,,,31425,筑波大学 サッカー同好会,3495280,SECOND_HALF,False,intercept passFailed passFailedFrom9 passFailedTo12 passFailedFrom9To12 forwardPassFailed shortPassFailed,passFailed forwardPassFailed shortPassFailed intercept,0.939656,0.43158,,,,0.841517,0.513012
115399217,118575,5400000,0,476380,58,,,31424,筑波大学 - C3,3496200,SECOND_HALF,False,intercept passSucceeded passSucceededFrom7 passSucceededTo10 passSucceededFrom7To10 forwardPassSucceeded shortPassSucceeded,passSucceeded forwardPassSucceeded shortPassSucceeded intercept,0.171699,0.489416,476376,,,0.0911157,0.606079
115404137,118575,5400000,0,,,,,31425,筑波大学 サッカー同好会,3496240,SECOND_HALF,False,,,0.841517,0.513012,,,,,
115399218,118575,5400000,0,476376,19,,,31424,筑波大学 - C3,3497600,SECOND_HALF,False,dribbleToSpace passReceived passReceivedFrom10,dribbleToSpace passReceived,0.0911157,0.606079,,,,,
115399220,118575,5400000,0,476376,19,,,31424,筑波大学 - C3,3501000,SECOND_HALF,False,dribbleFailed,dribbleFailed,0.0853758,0.764753,,,,,
115404143,118575,5400000,0,476355,31,,,31425,筑波大学 サッカー同好会,3501360,SECOND_HALF,False,tackleFailed,tackleFailed,0.907078,0.221456,,,,,
115404150,118575,5400000,0,476359,16,,,31425,筑波大学 サッカー同好会,3502440,SECOND_HALF,False,cutoff,cutoff,0.812322,0.203226,,,,,
115404156,118575,5400000,0,476356,14,,,31425,筑波大学 サッカー同好会,3505200,SECOND_HALF,False,possession,possession,0.952504,0.131889,,,,,
115404162,118575,5400000,0,476356,14,,,31425,筑波大学 サッカー同好会,3508080,SECOND_HALF,False,passSucceeded passSucceededFrom3 passSucceededTo3 passSucceededFrom3To3 backwardPassSucceeded mediumPassSucceeded,passSucceeded backwardPassSucceeded mediumPassSucceeded,1.04375,0.165873,476359,,,0.873214,0.0673194
115404163,118575,5400000,0,476359,16,,,31425,筑波大学 サッカー同好会,3509640,SECOND_HALF,False,passReceived passReceivedFrom3,passReceived,0.873214,0.0673194,,,,,
115404167,118575,5400000,0,476359,16,,,31425,筑波大学 サッカー同好会,3511240,SECOND_HALF,False,passSucceeded passSucceededFrom3 passSucceededTo2 passSucceededFrom3To2 sidewaysPassSucceeded mediumPassSucceeded,passSucceeded sidewaysPassSucceeded mediumPassSucceeded,0.870808,0.0724358,476352,,,0.629051,0.0101027
115404168,118575,5400000,0,476352,12,,,31425,筑波大学 サッカー同好会,3512640,SECOND_HALF,False,passReceived passReceivedFrom2,passReceived,0.629051,0.0101027,,,,,
115404177,118575,5400000,0,476352,12,,,31425,筑波大学 サッカー同好会,3516520,SECOND_HALF,False,passSucceeded passSucceededFrom2 passSucceededTo1 passSucceededFrom2To1 forwardPassSucceeded shortPassSucceeded,passSucceeded forwardPassSucceeded shortPassSucceeded,0.443536,0.0539896,476365,,,0.268946,0.138672
115404178,118575,5400000,0,476365,44,,,31425,筑波大学 サッカー同好会,3517760,SECOND_HALF,False,passReceived passReceivedFrom1,passReceived,0.268946,0.138672,,,,,
115404180,118575,5400000,0,476365,44,,,31425,筑波大学 サッカー同好会,3518760,SECOND_HALF,False,passSucceeded passSucceededFrom1 passSucceededTo2 passSucceededFrom1To2 sidewaysPassSucceeded shortPassSucceeded,passSucceeded sidewaysPassSucceeded shortPassSucceeded,0.278786,0.135433,476352,,,0.45592,0.102019
115404181,118575,5400000,0,476352,12,,,31425,筑波大学 サッカー同好会,3520800,SECOND_HALF,False,passReceived passReceivedFrom2,passReceived,0.45592,0.102019,,,,,
115404188,118575,5400000,0,476352,12,,,31425,筑波大学 サッカー同好会,3521760,SECOND_HALF,False,passSucceeded passSucceededFrom2 passSucceededTo6 passSucceededFrom2To6 sidewaysPassSucceeded mediumPassSucceeded,passSucceeded sidewaysPassSucceeded mediumPassSucceeded,0.472965,0.110333,476355,,,0.807586,0.172069
115404189,118575,5400000,0,476355,31,,,31425,筑波大学 サッカー同好会,3523680,SECOND_HALF,False,passReceived passReceivedFrom6,passReceived,0.807586,0.172069,,,,,
115404228,118575,5400000,0,476355,31,,,31425,筑波大学 サッカー同好会,3525600,SECOND_HALF,False,passSucceeded passSucceededFrom6 passSucceededTo2 passSucceededFrom6To2 sidewaysPassSucceeded shortPassSucceeded,passSucceeded sidewaysPassSucceeded shortPassSucceeded,0.797837,0.178225,476352,,,0.586078,0.139808
115404229,118575,5400000,0,476352,12,,,31425,筑波大学 サッカー同好会,3527160,SECOND_HALF,False,passReceived passReceivedFrom2,passReceived,0.586078,0.139808,,,,,
115404233,118575,5400000,0,476352,12,,,31425,筑波大学 サッカー同好会,3528120,SECOND_HALF,False,passSucceeded passSucceededFrom2 passSucceededTo5 passSucceededFrom2To5 sidewaysPassSucceeded shortPassSucceeded,passSucceeded sidewaysPassSucceeded shortPassSucceeded,0.560774,0.15972,476365,,,0.358948,0.185831
115404234,118575,5400000,0,476365,44,,,31425,筑波大学 サッカー同好会,3529360,SECOND_HALF,False,passReceived passReceivedFrom5,passReceived,0.358948,0.185831,,,,,
115404239,118575,5400000,0,476365,44,,,31425,筑波大学 サッカー同好会,3530709,SECOND_HALF,False,passSucceeded passSucceededFrom5 passSucceededTo7 passSucceededFrom5To7 forwardPassSucceeded mediumPassSucceeded,passSucceeded forwardPassSucceeded mediumPassSucceeded,0.354424,0.207985,476364,,,0.0949471,0.341692
115404240,118575,5400000,0,476364,55,,,31425,筑波大学 サッカー同好会,3532400,SECOND_HALF,False,passFailed passReceived passFailedFrom7 passFailedTo7 passFailedFrom7To7 forwardPassFailed shortPassFailed,passFailed forwardPassFailed shortPassFailed passReceived,0.0949471,0.341692,,,,0.0748076,0.446856
115399230,118575,5400000,0,476374,2,,,31424,筑波大学 - C3,3534080,SECOND_HALF,False,intercept passFailed passFailedFrom12 passFailedTo15 passFailedFrom12To15 forwardPassFailed mediumPassFailed,passFailed forwardPassFailed mediumPassFailed intercept,0.910557,0.545986,,,,1.0,0.679945
115404241,118575,5400000,0,,,,,31425,筑波大学 サッカー同好会,3534200,SECOND_HALF,False,,,0.0748076,0.446856,,,,,
115399231,118575,5400000,0,,,,,31424,筑波大学 - C3,3536280,SECOND_HALF,False,,,1.0,0.679945,,,,,
115404247,118575,5400000,0,476364,55,,,31425,筑波大学 サッカー同好会,3541480,SECOND_HALF,False,throwIn passSucceeded passSucceededFrom4 passSucceededTo4 passSucceededFrom4To4 sidewaysPassSucceeded shortPassSucceeded,throwIn passSucceeded sidewaysPassSucceeded shortPassSucceeded,-0.0253793,0.295108,476359,,,0.0657765,0.298425
115404248,118575,5400000,0,476359,16,,,31425,筑波大学 サッカー同好会,3542200,SECOND_HALF,False,passReceived passReceivedFrom4,passReceived,0.0657765,0.298425,,,,,
115404251,118575,5400000,0,476359,16,,,31425,筑波大学 サッカー同好会,3542600,SECOND_HALF,False,passSucceeded passSucceededFrom4 passSucceededTo4 passSucceededFrom4To4 forwardPassSucceeded shortPassSucceeded,passSucceeded forwardPassSucceeded shortPassSucceeded,0.0589091,0.299219,476364,,,0.00491343,0.325309
115404252,118575,5400000,0,476364,55,,,31425,筑波大学 サッカー同好会,3543893,SECOND_HALF,False,passReceived passReceivedFrom4,passReceived,0.00491343,0.325309,,,,,
115404255,118575,5400000,0,476364,55,,,31425,筑波大学 サッカー同好会,3544160,SECOND_HALF,False,passFailed passFailedFrom7 passFailedTo7 passFailedFrom7To7 forwardPassFailed shortPassFailed,passFailed forwardPassFailed shortPassFailed,0.00596528,0.336368,,,,0.0304499,0.412488
115399234,118575,5400000,0,476374,2,,,31424,筑波大学 - C3,3544800,SECOND_HALF,False,block,block,0.961537,0.591685,,,,,
115404256,118575,5400000,0,,,,,31425,筑波大学 サッカー同好会,3544840,SECOND_HALF,False,,,0.0304499,0.412488,,,,,
115399237,118575,5400000,0,476373,39,,,31424,筑波大学 - C3,3546680,SECOND_HALF,False,aerialDuelFailed,duelFailed aerialDuelFailed,0.923748,0.627609,,,,,
115404258,118575,5400000,0,476364,55,,,31425,筑波大学 サッカー同好会,3546680,SECOND_HALF,False,aerialDuelSucceeded possession passFailed passFailedFrom7 passFailedTo7 passFailedFrom7To7 forwardPassFailed shortPassFailed,passFailed forwardPassFailed shortPassFailed duelSucceeded aerialDuelSucceeded possession,0.0783991,0.367071,,,,0.15591,0.432024
115399240,118575,5400000,0,476379,6,,,31424,筑波大学 - C3,3548200,SECOND_HALF,False,intercept passSucceeded passSucceededFrom12 passSucceededTo11 passSucceededFrom12To11 sidewaysPassSucceeded mediumPassSucceeded,passSucceeded sidewaysPassSucceeded mediumPassSucceeded intercept,0.842797,0.56515,476380,,,0.562034,0.600167
115404259,118575,5400000,0,,,,,31425,筑波大学 サッカー同好会,3548240,SECOND_HALF,False,,,0.15591,0.432024,,,,,
115399241,118575,5400000,0,476380,58,,,31424,筑波大学 - C3,3551225,SECOND_HALF,False,passReceived passReceivedFrom11,passReceived,0.562034,0.600167,,,,,
115399246,118575,5400000,0,476380,58,,,31424,筑波大学 - C3,3553520,SECOND_HALF,False,passSucceeded passSucceededFrom11 passSucceededTo8 passSucceededFrom11To8 backwardPassSucceeded mediumPassSucceeded,passSucceeded backwardPassSucceeded mediumPassSucceeded,0.389154,0.60642,476368,,,0.40969,0.451965
115399247,118575,5400000,0,476368,40,,,31424,筑波大学 - C3,3555320,SECOND_HALF,False,passReceived passReceivedFrom8,passReceived,0.40969,0.451965,,,,,
115399248,118575,5400000,0,476368,40,,,31424,筑波大学 - C3,3556206,SECOND_HALF,False,passSucceeded passSucceededFrom8 passSucceededTo11 passSucceededFrom8To11 forwardPassSucceeded shortPassSucceeded,passSucceeded forwardPassSucceeded shortPassSucceeded,0.409641,0.450041,476379,,,0.463354,0.570567
115399249,118575,5400000,0,476379,6,,,31424,筑波大学 - C3,3557593,SECOND_HALF,False,passReceived passReceivedFrom11,passReceived,0.463354,0.570567,,,,,
115399254,118575,5400000,0,476379,6,,,31424,筑波大学 - C3,3559127,SECOND_HALF,False,passFailed passFailedFrom11 passFailedTo18 passFailedFrom11To18 forwardPassFailed longPassFailed,passFailed forwardPassFailed longPassFailed,0.498467,0.573918,,,,0.844465,0.876296
115399255,118575,5400000,0,,,,,31424,筑波大学 - C3,3562880,SECOND_HALF,False,,,0.844465,0.876296,,,,,
115404267,118575,5400000,0,476364,55,,,31425,筑波大学 サッカー同好会,3563080,SECOND_HALF,False,clearance,clearance,0.16312,0.122956,,,,,
115399265,118575,5400000,0,476374,2,,,31424,筑波大学 - C3,3577360,SECOND_HALF,False,throwIn passSucceeded passSucceededFrom18 passSucceededTo18 passSucceededFrom18To18 sidewaysPassSucceeded shortPassSucceeded,throwIn passSucceeded sidewaysPassSucceeded shortPassSucceeded,1.0,0.896491,476379,,,0.882208,0.903533
115399266,118575,5400000,0,476379,6,,,31424,筑波大学 - C3,3578720,SECOND_HALF,False,passFailed passReceived passFailedFrom18 passFailedTo18 passFailedFrom18To18 forwardPassFailed shortPassFailed,passFailed forwardPassFailed shortPassFailed passReceived,0.882208,0.903533,,,,1.0,0.974512
115399267,118575,5400000,0,,,,,31424,筑波大学 - C3,3579761,SECOND_HALF,False,,,1.0,0.974512,,,,,
115404281,118575,5400000,0,476364,55,,,31425,筑波大学 サッカー同好会,3590800,SECOND_HALF,False,throwIn passFailed passFailedFrom1 passFailedTo4 passFailedFrom1To4 forwardPassFailed shortPassFailed,throwIn passFailed forwardPassFailed shortPassFailed,-0.0138751,0.093095,476360,,,0.0285358,0.200926
115399277,118575,5400000,0,476374,2,,,31424,筑波大学 - C3,3592240,SECOND_HALF,False,groundDuelSucceeded cutoff,duelSucceeded groundDuelSucceeded cutoff,0.976456,0.796226,,,,,
115404282,118575,5400000,0,476360,18,,,31425,筑波大学 サッカー同好会,3592240,SECOND_HALF,False,groundDuelFailed,duelFailed groundDuelFailed,0.0285358,0.200926,,,,,
115399280,118575,5400000,0,476379,6,,,31424,筑波大学 - C3,3593657,SECOND_HALF,False,possession passFailed passFailedFrom15 passFailedTo18 passFailedFrom15To18 forwardPassFailed mediumPassFailed,passFailed forwardPassFailed mediumPassFailed possession,0.878244,0.762071,,,,0.684027,0.88593
115399281,118575,5400000,0,,,,,31424,筑波大学 - C3,3595760,SECOND_HALF,False,,,0.684027,0.88593,,,,,
115404290,118575,5400000,0,476355,31,,,31425,筑波大学 サッカー同好会,3596000,SECOND_HALF,False,clearance,clearance,0.362711,0.0871334,,,,,
115399285,118575,5400000,0,476374,2,,,31424,筑波大学 - C3,3605480,SECOND_HALF,False,throwIn passSucceeded passSucceededFrom12 passSucceededTo12 passSucceededFrom12To12 backwardPassSucceeded shortPassSucceeded,throwIn passSucceeded backwardPassSucceeded shortPassSucceeded,1.0,0.616926,476369,,,0.904341,0.500571
115399286,118575,5400000,0,476369,30,,,31424,筑波大学 - C3,3607646,SECOND_HALF,False,passReceived passReceivedFrom12,passReceived,0.904341,0.500571,,,,,
115399287,118575,5400000,0,476369,30,,,31424,筑波大学 - C3,3608635,SECOND_HALF,False,passSucceeded passSucceededFrom12 passSucceededTo12 passSucceededFrom12To12 forwardPassSucceeded shortPassSucceeded,passSucceeded forwardPassSucceeded shortPassSucceeded,0.890774,0.504366,476379,,,0.767153,0.578809
115399288,118575,5400000,0,476379,6,,,31424,筑波大学 - C3,3609520,SECOND_HALF,False,passReceived passReceivedFrom12,passReceived,0.767153,0.578809,,,,,
115399291,118575,5400000,0,476379,6,,,31424,筑波大学 - C3,3610000,SECOND_HALF,False,passFailed passFailedFrom12 passFailedTo12 passFailedFrom12To12 backwardPassFailed shortPassFailed,passFailed backwardPassFailed shortPassFailed,0.742283,0.580352,,,,0.72909,0.57258
115399292,118575,5400000,0,,,,,31424,筑波大学 - C3,3610030,SECOND_HALF,False,,,0.72909,0.57258,,,,,
115404297,118575,5400000,0,476363,32,,,31425,筑波大学 サッカー同好会,3610120,SECOND_HALF,False,block,block,0.252284,0.433979,,,,,
115404298,118575,5400000,0,476357,17,,,31425,筑波大学 サッカー同好会,3611440,SECOND_HALF,False,possession,possession,0.447391,0.403587,,,,,
115404302,118575,5400000,0,476357,17,,,31425,筑波大学 サッカー同好会,3614400,SECOND_HALF,False,passFailed passFailedFrom8 passFailedTo8 passFailedFrom8To8 sidewaysPassFailed shortPassFailed,passFailed sidewaysPassFailed shortPassFailed,0.441708,0.469413,476359,,,0.342541,0.483623
115404303,118575,5400000,0,476359,16,,,31425,筑波大学 サッカー同好会,3615080,SECOND_HALF,False,groundDuelFailed,duelFailed groundDuelFailed,0.342541,0.483623,,,,,
115399298,118575,5400000,0,476373,39,,,31424,筑波大学 - C3,3615120,SECOND_HALF,False,groundDuelSucceeded tackleSucceeded,duelSucceeded groundDuelSucceeded tackleSucceeded,0.644329,0.519254,,,,,
115404315,118575,5400000,0,476357,17,,,31425,筑波大学 サッカー同好会,3616160,SECOND_HALF,False,tackleFailed,tackleFailed,0.394071,0.501124,,,,,
115404320,118575,5400000,0,476357,17,,,31425,筑波大学 サッカー同好会,3618760,SECOND_HALF,False,foulConceded,foulConceded,0.496052,0.570354,,,,,
115399305,118575,5400000,0,476373,39,,,31424,筑波大学 - C3,3619480,SECOND_HALF,False,foulCommitted,foulCommitted,0.480875,0.411085,,,,,
115406337,118575,5400000,0,476368,40,,,31424,筑波大学 - C3,3629320,SECOND_HALF,False,freeKick passSucceeded passSucceededFrom8 passSucceededTo8 passSucceededFrom8To8 sidewaysPassSucceeded shortPassSucceeded,freeKick passSucceeded sidewaysPassSucceeded shortPassSucceeded,0.459033,0.405278,476373,,,0.609431,0.45174
115406338,118575,5400000,0,476373,39,,,31424,筑波大学 - C3,3630460,SECOND_HALF,False,passSucceeded passReceived passSucceededFrom8 passSucceededTo5 passSucceededFrom8To5 backwardPassSucceeded shortPassSucceeded,passSucceeded backwardPassSucceeded shortPassSucceeded passReceived,0.609431,0.45174,476369,,,0.609547,0.323567
115406339,118575,5400000,0,476369,30,,,31424,筑波大学 - C3,3632813,SECOND_HALF,False,passReceived passReceivedFrom5,passReceived,0.609547,0.323567,,,,,
115399315,118575,5400000,0,476369,30,,,31424,筑波大学 - C3,3635520,SECOND_HALF,False,passSucceeded passSucceededFrom8 passSucceededTo9 passSucceededFrom8To9 sidewaysPassSucceeded shortPassSucceeded,passSucceeded sidewaysPassSucceeded shortPassSucceeded,0.634182,0.347617,476373,,,0.835415,0.387641
115399316,118575,5400000,0,476373,39,,,31424,筑波大学 - C3,3636538,SECOND_HALF,False,passReceived passReceivedFrom9,passReceived,0.835415,0.387641,,,,,
115399317,118575,5400000,0,476373,39,,,31424,筑波大学 - C3,3637777,SECOND_HALF,False,passSucceeded passSucceededFrom9 passSucceededTo5 passSucceededFrom9To5 backwardPassSucceeded mediumPassSucceeded,passSucceeded backwardPassSucceeded mediumPassSucceeded,0.837808,0.379427,476369,,,0.660082,0.288157
115399318,118575,5400000,0,476369,30,,,31424,筑波大学 - C3,3639213,SECOND_HALF,False,passReceived passReceivedFrom5,passReceived,0.660082,0.288157,,,,,
115399319,118575,5400000,0,476369,30,,,31424,筑波大学 - C3,3640067,SECOND_HALF,False,passSucceeded passSucceededFrom5 passSucceededTo8 passSucceededFrom5To8 sidewaysPassSucceeded mediumPassSucceeded,passSucceeded sidewaysPassSucceeded mediumPassSucceeded,0.626508,0.295051,476368,,,0.339225,0.340859
115399320,118575,5400000,0,476368,40,,,31424,筑波大学 - C3,3641388,SECOND_HALF,False,passReceived passReceivedFrom8,passReceived,0.339225,0.340859,,,,,
115399325,118575,5400000,0,476368,40,,,31424,筑波大学 - C3,3645639,SECOND_HALF,False,passSucceeded passSucceededFrom8 passSucceededTo11 passSucceededFrom8To11 forwardPassSucceeded mediumPassSucceeded,passSucceeded forwardPassSucceeded mediumPassSucceeded,0.336389,0.390249,476375,,,0.394348,0.552686
115399326,118575,5400000,0,476375,55,,,31424,筑波大学 - C3,3647308,SECOND_HALF,False,passReceived passReceivedFrom11,passReceived,0.394348,0.552686,,,,,
115399327,118575,5400000,0,476375,55,,,31424,筑波大学 - C3,3649309,SECOND_HALF,False,passSucceeded passSucceededFrom11 passSucceededTo12 passSucceededFrom11To12 sidewaysPassSucceeded longPassSucceeded,passSucceeded sidewaysPassSucceeded longPassSucceeded,0.416061,0.554871,476374,,,0.911249,0.592452
115399328,118575,5400000,0,476374,2,,,31424,筑波大学 - C3,3651480,SECOND_HALF,False,passReceived passReceivedFrom12,passReceived,0.911249,0.592452,,,,,
115399330,118575,5400000,0,476374,2,,,31424,筑波大学 - C3,3652729,SECOND_HALF,False,passSucceeded passSucceededFrom12 passSucceededTo11 passSucceededFrom12To11 sidewaysPassSucceeded shortPassSucceeded,passSucceeded sidewaysPassSucceeded shortPassSucceeded,0.867242,0.596891,476379,,,0.658,0.581097
115399331,118575,5400000,0,476379,6,,,31424,筑波大学 - C3,3654070,SECOND_HALF,False,passReceived passReceivedFrom11,passReceived,0.658,0.581097,,,,,
115399334,118575,5400000,0,476379,6,,,31424,筑波大学 - C3,3655557,SECOND_HALF,False,passSucceeded passSucceededFrom12 passSucceededTo9 passSucceededFrom12To9 backwardPassSucceeded mediumPassSucceeded,passSucceeded backwardPassSucceeded mediumPassSucceeded,0.712456,0.569499,476369,,,0.71102,0.412011
115399335,118575,5400000,0,476369,30,,,31424,筑波大学 - C3,3657360,SECOND_HALF,False,passReceived passReceivedFrom9,passReceived,0.71102,0.412011,,,,,
115399343,118575,5400000,0,476369,30,,,31424,筑波大学 - C3,3660560,SECOND_HALF,False,passSucceeded passSucceededFrom9 passSucceededTo12 passSucceededFrom9To12 forwardPassSucceeded shortPassSucceeded,passSucceeded forwardPassSucceeded shortPassSucceeded,0.757116,0.498189,476373,,,0.846142,0.5975
115399344,118575,5400000,0,476373,39,,,31424,筑波大学 - C3,3661680,SECOND_HALF,False,passSucceeded passReceived passSucceededFrom12 passSucceededTo9 passSucceededFrom12To9 backwardPassSucceeded mediumPassSucceeded,passSucceeded backwardPassSucceeded mediumPassSucceeded passReceived,0.846142,0.5975,476369,,,0.82846,0.454702
115399345,118575,5400000,0,476369,30,,,31424,筑波大学 - C3,3664421,SECOND_HALF,False,passSucceeded passReceived passSucceededFrom9 passSucceededTo5 passSucceededFrom9To5 backwardPassSucceeded mediumPassSucceeded,passSucceeded backwardPassSucceeded mediumPassSucceeded passReceived,0.82846,0.454702,476367,,,0.556346,0.257468
115399346,118575,5400000,0,476367,1,,,31424,筑波大学 - C3,3666480,SECOND_HALF,False,passReceived passReceivedFrom5,passReceived,0.556346,0.257468,,,,,
115399347,118575,5400000,0,476367,1,,,31424,筑波大学 - C3,3667100,SECOND_HALF,False,passSucceeded passSucceededFrom5 passSucceededTo8 passSucceededFrom5To8 forwardPassSucceeded mediumPassSucceeded,passSucceeded forwardPassSucceeded mediumPassSucceeded,0.545723,0.26663,476368,,,0.353924,0.433724
115399348,118575,5400000,0,476368,40,,,31424,筑波大学 - C3,3669941,SECOND_HALF,False,passReceived passReceivedFrom8,passReceived,0.353924,0.433724,,,,,
115399349,118575,5400000,0,476368,40,,,31424,筑波大学 - C3,3671120,SECOND_HALF,False,passSucceeded passSucceededFrom8 passSucceededTo11 passSucceededFrom8To11 forwardPassSucceeded mediumPassSucceeded,passSucceeded forwardPassSucceeded mediumPassSucceeded,0.384839,0.46442,476377,,,0.522565,0.64401
115399350,118575,5400000,0,476377,24,,,31424,筑波大学 - C3,3672440,SECOND_HALF,False,passReceived passReceivedFrom11,passReceived,0.522565,0.64401,,,,,
115399351,118575,5400000,0,476377,24,,,31424,筑波大学 - C3,3673676,SECOND_HALF,False,passSucceeded passSucceededFrom11 passSucceededTo11 passSucceededFrom11To11 backwardPassSucceeded shortPassSucceeded,passSucceeded backwardPassSucceeded shortPassSucceeded,0.519022,0.606573,476379,,,0.500587,0.543793
115399352,118575,5400000,0,476379,6,,,31424,筑波大学 - C3,3674440,SECOND_HALF,False,passReceived passReceivedFrom11,passReceived,0.500587,0.543793,,,,,
115399357,118575,5400000,0,476379,6,,,31424,筑波大学 - C3,3675493,SECOND_HALF,False,passSucceeded passSucceededFrom11 passSucceededTo12 passSucceededFrom11To12 sidewaysPassSucceeded mediumPassSucceeded,passSucceeded sidewaysPassSucceeded mediumPassSucceeded,0.540681,0.536135,476373,,,0.874312,0.532129
115399358,118575,5400000,0,476373,39,,,31424,筑波大学 - C3,3677320,SECOND_HALF,False,passReceived passReceivedFrom12,passReceived,0.874312,0.532129,,,,,
115399359,118575,5400000,0,476373,39,,,31424,筑波大学 - C3,3680772,SECOND_HALF,False,passSucceeded passSucceededFrom12 passSucceededTo12 passSucceededFrom12To12 forwardPassSucceeded shortPassSucceeded,passSucceeded forwardPassSucceeded shortPassSucceeded,0.871356,0.534747,476377,,,0.767909,0.607345
115399360,118575,5400000,0,476377,24,,,31424,筑波大学 - C3,3681920,SECOND_HALF,False,passReceived passReceivedFrom12,passReceived,0.767909,0.607345,,,,,
115404350,118575,5400000,0,476354,29,,,31425,筑波大学 サッカー同好会,3682920,SECOND_HALF,False,tackleSucceeded,tackleSucceeded,0.209458,0.412131,,,,,
115404357,118575,5400000,0,476354,29,,,31425,筑波大学 サッカー同好会,3684240,SECOND_HALF,False,passSucceeded passSucceededFrom7 passSucceededTo8 passSucceededFrom7To8 sidewaysPassSucceeded shortPassSucceeded,passSucceeded sidewaysPassSucceeded shortPassSucceeded,0.219694,0.458214,476359,,,0.367019,0.465273
115404358,118575,5400000,0,476359,16,,,31425,筑波大学 サッカー同好会,3686440,SECOND_HALF,False,passReceived passReceivedFrom8,passReceived,0.367019,0.465273,,,,,
115404359,118575,5400000,0,476359,16,,,31425,筑波大学 サッカー同好会,3687560,SECOND_HALF,False,passSucceeded passSucceededFrom8 passSucceededTo7 passSucceededFrom8To7 backwardPassSucceeded shortPassSucceeded,passSucceeded backwardPassSucceeded shortPassSucceeded,0.386486,0.440564,476365,,,0.270654,0.342947
115404360,118575,5400000,0,476365,44,,,31425,筑波大学 サッカー同好会,3689200,SECOND_HALF,False,passReceived passReceivedFrom7,passReceived,0.270654,0.342947,,,,,
115404365,118575,5400000,0,476365,44,,,31425,筑波大学 サッカー同好会,3691160,SECOND_HALF,False,passSucceeded passSucceededFrom7 passSucceededTo10 passSucceededFrom7To10 forwardPassSucceeded mediumPassSucceeded,passSucceeded forwardPassSucceeded mediumPassSucceeded,0.259393,0.372138,476354,,,0.218005,0.544011
115404366,118575,5400000,0,476354,29,,,31425,筑波大学 サッカー同好会,3692720,SECOND_HALF,False,passReceived passReceivedFrom10,passReceived,0.218005,0.544011,,,,,
115399363,118575,5400000,0,476379,6,,,31424,筑波大学 - C3,3694039,SECOND_HALF,False,tackleFailed,tackleFailed,0.749717,0.409677,,,,,
115404389,118575,5400000,0,476354,29,,,31425,筑波大学 サッカー同好会,3697520,SECOND_HALF,False,passFailed passFailedFrom13 passFailedTo17 passFailedFrom13To17 forwardPassFailed mediumPassFailed,passFailed forwardPassFailed mediumPassFailed,0.250917,0.758491,,,,0.455636,0.952412
115399365,118575,5400000,0,476367,1,,,31424,筑波大学 - C3,3699360,SECOND_HALF,False,intercept,intercept,0.532224,0.0477249,,,,,
115404390,118575,5400000,0,,,,,31425,筑波大学 サッカー同好会,3699480,SECOND_HALF,False,,,0.455636,0.952412,,,,,
115399372,118575,5400000,0,476367,1,,,31424,筑波大学 - C3,3702658,SECOND_HALF,False,passSucceeded passSucceededFrom2 passSucceededTo1 passSucceededFrom2To1 sidewaysPassSucceeded shortPassSucceeded,passSucceeded sidewaysPassSucceeded shortPassSucceeded,0.438722,0.092884,476370,,,0.251717,0.150359
115399373,118575,5400000,0,476370,14,,,31424,筑波大学 - C3,3705243,SECOND_HALF,False,passReceived passReceivedFrom1,passReceived,0.251717,0.150359,,,,,
115399374,118575,5400000,0,476370,14,,,31424,筑波大学 - C3,3707954,SECOND_HALF,False,passSucceeded passSucceededFrom4 passSucceededTo1 passSucceededFrom4To1 backwardPassSucceeded shortPassSucceeded,passSucceeded backwardPassSucceeded shortPassSucceeded,0.184601,0.200855,476368,,,0.26598,0.125727
115399375,118575,5400000,0,476368,40,,,31424,筑波大学 - C3,3709622,SECOND_HALF,False,passReceived passReceivedFrom1,passReceived,0.26598,0.125727,,,,,
115399379,118575,5400000,0,476368,40,,,31424,筑波大学 - C3,3711760,SECOND_HALF,False,passSucceeded passSucceededFrom1 passSucceededTo5 passSucceededFrom1To5 forwardPassSucceeded shortPassSucceeded,passSucceeded forwardPassSucceeded shortPassSucceeded,0.330956,0.137017,476380,,,0.381524,0.214736
115399380,118575,5400000,0,476380,58,,,31424,筑波大学 - C3,3713080,SECOND_HALF,False,passSucceeded passReceived passSucceededFrom5 passSucceededTo1 passSucceededFrom5To1 backwardPassSucceeded shortPassSucceeded,passSucceeded backwardPassSucceeded shortPassSucceeded passReceived,0.381524,0.214736,476368,,,0.327787,0.164728
115399381,118575,5400000,0,476368,40,,,31424,筑波大学 - C3,3714299,SECOND_HALF,False,passReceived passReceivedFrom1,passReceived,0.327787,0.164728,,,,,
115399387,118575,5400000,0,476368,40,,,31424,筑波大学 - C3,3715000,SECOND_HALF,False,passSucceeded passSucceededFrom2 passSucceededTo5 passSucceededFrom2To5 sidewaysPassSucceeded mediumPassSucceeded,passSucceeded sidewaysPassSucceeded mediumPassSucceeded,0.365821,0.144201,476369,,,0.608294,0.182176
115399388,118575,5400000,0,476369,30,,,31424,筑波大学 - C3,3716508,SECOND_HALF,False,dribbleToSpace passReceived passReceivedFrom5,dribbleToSpace passReceived,0.608294,0.182176,,,,,
115399389,118575,5400000,0,476369,30,,,31424,筑波大学 - C3,3720835,SECOND_HALF,False,passSucceeded passSucceededFrom6 passSucceededTo5 passSucceededFrom6To5 sidewaysPassSucceeded mediumPassSucceeded,passSucceeded sidewaysPassSucceeded mediumPassSucceeded,0.675948,0.250115,476368,,,0.401046,0.26951
115399390,118575,5400000,0,476368,40,,,31424,筑波大学 - C3,3723110,SECOND_HALF,False,passReceived passReceivedFrom5,passReceived,0.401046,0.26951,,,,,
115399395,118575,5400000,0,476368,40,,,31424,筑波大学 - C3,3725600,SECOND_HALF,False,passSucceeded passSucceededFrom8 passSucceededTo7 passSucceededFrom8To7 sidewaysPassSucceeded mediumPassSucceeded,passSucceeded sidewaysPassSucceeded mediumPassSucceeded,0.367197,0.369443,476370,,,0.0448822,0.457278
115399396,118575,5400000,0,476370,14,,,31424,筑波大学 - C3,3727640,SECOND_HALF,False,passReceived passReceivedFrom7,passReceived,0.0448822,0.457278,,,,,
115399402,118575,5400000,0,476370,14,,,31424,筑波大学 - C3,3730160,SECOND_HALF,False,passSucceeded passSucceededFrom7 passSucceededTo4 passSucceededFrom7To4 backwardPassSucceeded mediumPassSucceeded,passSucceeded backwardPassSucceeded mediumPassSucceeded,0.0498505,0.469363,476368,,,0.128008,0.327392
115399403,118575,5400000,0,476368,40,,,31424,筑波大学 - C3,3731840,SECOND_HALF,False,passReceived passReceivedFrom4,passReceived,0.128008,0.327392,,,,,
115399420,118575,5400000,0,476368,40,,,31424,筑波大学 - C3,3732600,SECOND_HALF,False,passSucceeded passSucceededFrom4 passSucceededTo5 passSucceededFrom4To5 sidewaysPassSucceeded mediumPassSucceeded,passSucceeded sidewaysPassSucceeded mediumPassSucceeded,0.147498,0.322954,476369,,,0.453192,0.305052
115399421,118575,5400000,0,476369,30,,,31424,筑波大学 - C3,3734805,SECOND_HALF,False,passReceived passReceivedFrom5,passReceived,0.453192,0.305052,,,,,
115399423,118575,5400000,0,476369,30,,,31424,筑波大学 - C3,3736471,SECOND_HALF,False,passSucceeded passSucceededFrom8 passSucceededTo16 passSucceededFrom8To16 forwardPassSucceeded longPassSucceeded,passSucceeded forwardPassSucceeded longPassSucceeded,0.490907,0.349475,476376,,,0.0698731,0.852221
115399424,118575,5400000,0,476376,19,,,31424,筑波大学 - C3,3740720,SECOND_HALF,False,passReceived passReceivedFrom16,passReceived,0.0698731,0.852221,,,,,
115404400,118575,5400000,0,476356,14,,,31425,筑波大学 サッカー同好会,3744480,SECOND_HALF,False,cutoff,cutoff,0.897447,0.102892,,,,,
115399437,118575,5400000,0,476370,14,,,31424,筑波大学 - C3,3758440,SECOND_HALF,False,throwIn passFailed passFailedFrom13 passFailedTo13 passFailedFrom13To13 sidewaysPassFailed shortPassFailed,throwIn passFailed sidewaysPassFailed shortPassFailed,0.0,0.829826,,,,0.105792,0.831565
115399438,118575,5400000,0,,,,,31424,筑波大学 - C3,3759787,SECOND_HALF,False,,,0.105792,0.831565,,,,,
115404414,118575,5400000,0,476357,17,,,31425,筑波大学 サッカー同好会,3760000,SECOND_HALF,False,intercept passFailed passFailedFrom6 passFailedTo5 passFailedFrom6To5 sidewaysPassFailed mediumPassFailed,passFailed sidewaysPassFailed mediumPassFailed intercept,0.919478,0.169084,,,,0.660029,0.249447
115404415,118575,5400000,0,,,,,31425,筑波大学 サッカー同好会,3762680,SECOND_HALF,False,,,0.660029,0.249447,,,,,
115399446,118575,5400000,0,476373,39,,,31424,筑波大学 - C3,3762880,SECOND_HALF,False,intercept passSucceeded passSucceededFrom14 passSucceededTo15 passSucceededFrom14To15 sidewaysPassSucceeded longPassSucceeded,passSucceeded sidewaysPassSucceeded longPassSucceeded intercept,0.361284,0.746027,476374,,,0.799505,0.675665
115399447,118575,5400000,0,476374,2,,,31424,筑波大学 - C3,3765508,SECOND_HALF,False,passReceived passReceivedFrom15,passReceived,0.799505,0.675665,,,,,
115399448,118575,5400000,0,476374,2,,,31424,筑波大学 - C3,3769703,SECOND_HALF,False,passSucceeded passSucceededFrom15 passSucceededTo15 passSucceededFrom15To15 backwardPassSucceeded shortPassSucceeded,passSucceeded backwardPassSucceeded shortPassSucceeded,0.942653,0.783088,476373,,,0.817998,0.715097
115399449,118575,5400000,0,476373,39,,,31424,筑波大学 - C3,3771099,SECOND_HALF,False,passReceived passReceivedFrom15,passReceived,0.817998,0.715097,,,,,
115399452,118575,5400000,0,476373,39,,,31424,筑波大学 - C3,3774638,SECOND_HALF,False,passSucceeded passSucceededFrom15 passSucceededTo15 passSucceededFrom15To15 forwardPassSucceeded shortPassSucceeded,passSucceeded forwardPassSucceeded shortPassSucceeded,0.855863,0.724878,476374,,,0.986408,0.785936
115399453,118575,5400000,0,476374,2,,,31424,筑波大学 - C3,3775720,SECOND_HALF,False,passReceived passReceivedFrom15,passReceived,0.986408,0.785936,,,,,
115399467,118575,5400000,0,476374,2,,,31424,筑波大学 - C3,3778546,SECOND_HALF,False,passSucceeded passSucceededFrom15 passSucceededTo15 passSucceededFrom15To15 sidewaysPassSucceeded shortPassSucceeded,passSucceeded sidewaysPassSucceeded shortPassSucceeded,0.880613,0.741431,476377,,,0.731756,0.794696
115399468,118575,5400000,0,476377,24,,,31424,筑波大学 - C3,3779663,SECOND_HALF,False,passFailed passReceived passFailedFrom15 passFailedTo15 passFailedFrom15To15 sidewaysPassFailed shortPassFailed,passFailed sidewaysPassFailed shortPassFailed passReceived,0.731756,0.794696,,,,0.821399,0.808478
115399469,118575,5400000,0,,,,,31424,筑波大学 - C3,3780047,SECOND_HALF,False,,,0.821399,0.808478,,,,,
115404427,118575,5400000,0,476354,29,,,31425,筑波大学 サッカー同好会,3780400,SECOND_HALF,False,block,block,0.185927,0.188068,,,,,
115399470,118575,5400000,0,476374,2,,,31424,筑波大学 - C3,3780754,SECOND_HALF,False,possession,possession,0.797841,0.815268,,,,,
115399480,118575,5400000,0,476374,2,,,31424,筑波大学 - C3,3782680,SECOND_HALF,False,passFailed passFailedFrom18 passFailedTo14 passFailedFrom18To14 sidewaysPassFailed mediumPassFailed,passFailed sidewaysPassFailed mediumPassFailed,0.673855,0.846709,,,,0.446502,0.782383
115399481,118575,5400000,0,,,,,31424,筑波大学 - C3,3784440,SECOND_HALF,False,,,0.446502,0.782383,,,,,
115404442,118575,5400000,0,476362,9,,,31425,筑波大学 サッカー同好会,3784720,SECOND_HALF,False,intercept dribbleToSpace,dribbleToSpace intercept,0.571212,0.199123,,,,,
115404447,118575,5400000,0,476362,9,,,31425,筑波大学 サッカー同好会,3786760,SECOND_HALF,False,passFailed passFailedFrom5 passFailedTo8 passFailedFrom5To8 forwardPassFailed mediumPassFailed,passFailed forwardPassFailed mediumPassFailed,0.57457,0.299867,,,,0.452178,0.485249
115399484,118575,5400000,0,476369,30,,,31424,筑波大学 - C3,3788720,SECOND_HALF,False,intercept passSucceeded passSucceededFrom11 passSucceededTo11 passSucceededFrom11To11 forwardPassSucceeded shortPassSucceeded,passSucceeded forwardPassSucceeded shortPassSucceeded intercept,0.523211,0.511295,476379,,,0.516576,0.571949
115404448,118575,5400000,0,,,,,31425,筑波大学 サッカー同好会,3788760,SECOND_HALF,False,,,0.452178,0.485249,,,,,
115399485,118575,5400000,0,476379,6,,,31424,筑波大学 - C3,3790000,SECOND_HALF,False,passReceived passReceivedFrom11,passReceived,0.516576,0.571949,,,,,
115399489,118575,5400000,0,476379,6,,,31424,筑波大学 - C3,3792000,SECOND_HALF,False,passSucceeded passSucceededFrom11 passSucceededTo13 passSucceededFrom11To13 sidewaysPassSucceeded mediumPassSucceeded,passSucceeded sidewaysPassSucceeded mediumPassSucceeded,0.44225,0.617097,476370,,,0.068733,0.697424
115399490,118575,5400000,0,476370,14,,,31424,筑波大学 - C3,3794120,SECOND_HALF,False,passReceived passReceivedFrom13,passReceived,0.068733,0.697424,,,,,
115399492,118575,5400000,0,476370,14,,,31424,筑波大学 - C3,3795960,SECOND_HALF,False,passSucceeded passSucceededFrom13 passSucceededTo10 passSucceededFrom13To10 backwardPassSucceeded shortPassSucceeded,passSucceeded backwardPassSucceeded shortPassSucceeded,0.076122,0.712616,476380,,,0.158358,0.618916
115399493,118575,5400000,0,476380,58,,,31424,筑波大学 - C3,3797506,SECOND_HALF,False,passReceived passReceivedFrom10,passReceived,0.158358,0.618916,,,,,
115399498,118575,5400000,0,476380,58,,,31424,筑波大学 - C3,3799865,SECOND_HALF,False,passSucceeded passSucceededFrom10 passSucceededTo7 passSucceededFrom10To7 backwardPassSucceeded shortPassSucceeded,passSucceeded backwardPassSucceeded shortPassSucceeded,0.197352,0.587937,476368,,,0.305242,0.485309
115399499,118575,5400000,0,476368,40,,,31424,筑波大学 - C3,3801160,SECOND_HALF,False,passSucceeded passReceived passSucceededFrom7 passSucceededTo10 passSucceededFrom7To10 forwardPassSucceeded shortPassSucceeded,passSucceeded forwardPassSucceeded shortPassSucceeded passReceived,0.305242,0.485309,476380,,,0.170782,0.548636
115399500,118575,5400000,0,476380,58,,,31424,筑波大学 - C3,3802187,SECOND_HALF,False,passReceived passReceivedFrom10,passReceived,0.170782,0.548636,,,,,
115399504,118575,5400000,0,476380,58,,,31424,筑波大学 - C3,3803120,SECOND_HALF,False,passSucceeded passSucceededFrom10 passSucceededTo13 passSucceededFrom10To13 forwardPassSucceeded mediumPassSucceeded,passSucceeded forwardPassSucceeded mediumPassSucceeded,0.156046,0.557706,476370,,,0.0140522,0.677588
115399505,118575,5400000,0,476370,14,,,31424,筑波大学 - C3,3804200,SECOND_HALF,False,passReceived passReceivedFrom13,passReceived,0.0140522,0.677588,,,,,
115399508,118575,5400000,0,476370,14,,,31424,筑波大学 - C3,3807038,SECOND_HALF,False,passSucceeded passSucceededFrom10 passSucceededTo10 passSucceededFrom10To10 backwardPassSucceeded shortPassSucceeded,passSucceeded backwardPassSucceeded shortPassSucceeded,0.0,0.652092,476380,,,0.01938,0.516053
115399509,118575,5400000,0,476380,58,,,31424,筑波大学 - C3,3808320,SECOND_HALF,False,passReceived passReceivedFrom10,passReceived,0.01938,0.516053,,,,,
115399514,118575,5400000,0,476380,58,,,31424,筑波大学 - C3,3808960,SECOND_HALF,False,passFailed passFailedFrom10 passFailedTo7 passFailedFrom10To7 backwardPassFailed shortPassFailed,passFailed backwardPassFailed shortPassFailed,0.0108293,0.505474,,,,0.0139989,0.490079
115399515,118575,5400000,0,,,,,31424,筑波大学 - C3,3808960,SECOND_HALF,False,,,0.0139989,0.490079,,,,,
115404463,118575,5400000,0,476363,32,,,31425,筑波大学 サッカー同好会,3809440,SECOND_HALF,False,block,block,0.978821,0.516816,,,,,
115399526,118575,5400000,0,476370,14,,,31424,筑波大学 - C3,3821240,SECOND_HALF,False,throwIn passSucceeded passSucceededFrom10 passSucceededTo10 passSucceededFrom10To10 backwardPassSucceeded shortPassSucceeded,throwIn passSucceeded backwardPassSucceeded shortPassSucceeded,0.0,0.541945,476380,,,0.0552033,0.51779
115399527,118575,5400000,0,476380,58,,,31424,筑波大学 - C3,3822274,SECOND_HALF,False,passFailed passReceived passFailedFrom10 passFailedTo7 passFailedFrom10To7 backwardPassFailed shortPassFailed,passFailed backwardPassFailed shortPassFailed passReceived,0.0552033,0.51779,,,,0.0,0.481868
115399528,118575,5400000,0,,,,,31424,筑波大学 - C3,3823413,SECOND_HALF,False,,,0.0,0.481868,,,,,
115404470,118575,5400000,0,476356,14,,,31425,筑波大学 サッカー同好会,3839520,SECOND_HALF,False,throwIn passFailed passFailedFrom12 passFailedTo12 passFailedFrom12To12 forwardPassFailed shortPassFailed,throwIn passFailed forwardPassFailed shortPassFailed,1.00152,0.564552,476363,,,0.935055,0.603207
115399539,118575,5400000,0,476380,58,,,31424,筑波大学 - C3,3840760,SECOND_HALF,False,groundDuelSucceeded cutoff,duelSucceeded groundDuelSucceeded cutoff,0.0847406,0.395333,,,,,
115404471,118575,5400000,0,476363,32,,,31425,筑波大学 サッカー同好会,3840760,SECOND_HALF,False,groundDuelFailed,duelFailed groundDuelFailed,0.935055,0.603207,,,,,
115399544,118575,5400000,0,476379,6,,,31424,筑波大学 - C3,3842244,SECOND_HALF,False,possession passFailed passFailedFrom7 passFailedTo7 passFailedFrom7To7 forwardPassFailed shortPassFailed,passFailed forwardPassFailed shortPassFailed possession,0.0827197,0.363901,476375,,,0.0981428,0.442702
115399545,118575,5400000,0,476375,55,,,31424,筑波大学 - C3,3843440,SECOND_HALF,False,groundDuelFailed,duelFailed groundDuelFailed,0.0981428,0.442702,,,,,
115404486,118575,5400000,0,476359,16,,,31425,筑波大学 サッカー同好会,3843520,SECOND_HALF,False,groundDuelSucceeded tackleSucceeded,duelSucceeded groundDuelSucceeded tackleSucceeded,0.887339,0.562236,,,,,
115399552,118575,5400000,0,476380,58,,,31424,筑波大学 - C3,3844545,SECOND_HALF,False,tackleFailed,tackleFailed,0.0915713,0.409314,,,,,
115404491,118575,5400000,0,476359,16,,,31425,筑波大学 サッカー同好会,3845800,SECOND_HALF,False,passSucceeded passSucceededFrom12 passSucceededTo12 passSucceededFrom12To12 sidewaysPassSucceeded shortPassSucceeded,passSucceeded sidewaysPassSucceeded shortPassSucceeded,0.926531,0.605224,476363,,,0.9,0.609521
115404492,118575,5400000,0,476363,32,,,31425,筑波大学 サッカー同好会,3846040,SECOND_HALF,False,passReceived passReceivedFrom12,passReceived,0.9,0.609521,,,,,
115404495,118575,5400000,0,476363,32,,,31425,筑波大学 サッカー同好会,3847280,SECOND_HALF,False,passSucceeded passSucceededFrom12 passSucceededTo15 passSucceededFrom12To15 forwardPassSucceeded shortPassSucceeded,passSucceeded forwardPassSucceeded shortPassSucceeded,0.876764,0.638229,476357,,,0.871936,0.682317
115404496,118575,5400000,0,476357,17,,,31425,筑波大学 サッカー同好会,3847920,SECOND_HALF,False,passReceived passReceivedFrom15,passReceived,0.871936,0.682317,,,,,
115404501,118575,5400000,0,476357,17,,,31425,筑波大学 サッカー同好会,3849240,SECOND_HALF,False,passFailed passFailedFrom15 passFailedTo15 passFailedFrom15To15 forwardPassFailed shortPassFailed,passFailed forwardPassFailed shortPassFailed,0.909554,0.702592,,,,0.832219,0.767069
115399556,118575,5400000,0,476368,40,,,31424,筑波大学 - C3,3849960,SECOND_HALF,False,intercept passSucceeded passSucceededFrom4 passSucceededTo4 passSucceededFrom4To4 sidewaysPassSucceeded shortPassSucceeded,passSucceeded sidewaysPassSucceeded shortPassSucceeded intercept,0.155648,0.22579,476370,,,0.0872294,0.201816
115404502,118575,5400000,0,,,,,31425,筑波大学 サッカー同好会,3850040,SECOND_HALF,False,,,0.832219,0.767069,,,,,
115399557,118575,5400000,0,476370,14,,,31424,筑波大学 - C3,3851160,SECOND_HALF,False,passReceived passReceivedFrom4,passReceived,0.0872294,0.201816,,,,,
115399563,118575,5400000,0,476370,14,,,31424,筑波大学 - C3,3851986,SECOND_HALF,False,passSucceeded passSucceededFrom4 passSucceededTo1 passSucceededFrom4To1 backwardPassSucceeded shortPassSucceeded,passSucceeded backwardPassSucceeded shortPassSucceeded,0.109904,0.19047,476368,,,0.175647,0.112385
115399564,118575,5400000,0,476368,40,,,31424,筑波大学 - C3,3852840,SECOND_HALF,False,passReceived passReceivedFrom1,passReceived,0.175647,0.112385,,,,,
115399567,118575,5400000,0,476368,40,,,31424,筑波大学 - C3,3855026,SECOND_HALF,False,passFailed passFailedFrom1 passFailedTo4 passFailedFrom1To4 forwardPassFailed shortPassFailed,passFailed forwardPassFailed shortPassFailed,0.0773904,0.15857,,,,0.0,0.261204
115399568,118575,5400000,0,,,,,31424,筑波大学 - C3,3856360,SECOND_HALF,False,,,0.0,0.261204,,,,,
115404510,118575,5400000,0,476356,14,,,31425,筑波大学 サッカー同好会,3863960,SECOND_HALF,False,throwIn passSucceeded passSucceededFrom15 passSucceededTo15 passSucceededFrom15To15 forwardPassSucceeded shortPassSucceeded,throwIn passSucceeded forwardPassSucceeded shortPassSucceeded,1.01127,0.743186,476362,,,0.986643,0.810392
115404511,118575,5400000,0,476362,9,,,31425,筑波大学 サッカー同好会,3864920,SECOND_HALF,False,passReceived passReceivedFrom15,passReceived,0.986643,0.810392,,,,,
115404514,118575,5400000,0,476362,9,,,31425,筑波大学 サッカー同好会,3865880,SECOND_HALF,False,passSucceeded passSucceededFrom15 passSucceededTo15 passSucceededFrom15To15 backwardPassSucceeded shortPassSucceeded,passSucceeded backwardPassSucceeded shortPassSucceeded,0.993055,0.802601,476356,,,0.967648,0.781771
115404515,118575,5400000,0,476356,14,,,31425,筑波大学 サッカー同好会,3866560,SECOND_HALF,False,dribbleToSpace passReceived passReceivedFrom15,dribbleToSpace passReceived,0.967648,0.781771,,,,,
115404530,118575,5400000,0,476356,14,,,31425,筑波大学 サッカー同好会,3867840,SECOND_HALF,False,passFailed passFailedFrom15 passFailedTo18 passFailedFrom15To18 forwardPassFailed shortPassFailed,passFailed forwardPassFailed shortPassFailed,0.927785,0.830631,476363,,,0.8854,0.951283
115399579,118575,5400000,0,476368,40,,,31424,筑波大学 - C3,3869720,SECOND_HALF,False,groundDuelSucceeded tackleSucceeded,duelSucceeded groundDuelSucceeded tackleSucceeded,0.0815345,0.0712419,,,,,
115404531,118575,5400000,0,476363,32,,,31425,筑波大学 サッカー同好会,3870680,SECOND_HALF,False,groundDuelFailed,duelFailed groundDuelFailed,0.8854,0.951283,,,,,
115399587,118575,5400000,0,476368,40,,,31424,筑波大学 - C3,3872412,SECOND_HALF,False,dribbleToSpace,dribbleToSpace,0.220021,0.0354088,,,,,
115399591,118575,5400000,0,476368,40,,,31424,筑波大学 - C3,3875486,SECOND_HALF,False,passSucceeded passSucceededFrom2 passSucceededTo2 passSucceededFrom2To2 sidewaysPassSucceeded mediumPassSucceeded,passSucceeded sidewaysPassSucceeded mediumPassSucceeded,0.407026,0.152412,476369,,,0.619387,0.0836469
115399592,118575,5400000,0,476369,30,,,31424,筑波大学 - C3,3878136,SECOND_HALF,False,passReceived passReceivedFrom2,passReceived,0.619387,0.0836469,,,,,
115399601,118575,5400000,0,476369,30,,,31424,筑波大学 - C3,3893480,SECOND_HALF,False,passSucceeded passSucceededFrom5 passSucceededTo6 passSucceededFrom5To6 forwardPassSucceeded mediumPassSucceeded,passSucceeded forwardPassSucceeded mediumPassSucceeded,0.60151,0.206029,476380,,,0.778712,0.300095
115399602,118575,5400000,0,476380,58,,,31424,筑波大学 - C3,3894610,SECOND_HALF,False,passReceived passReceivedFrom6,passReceived,0.778712,0.300095,,,,,
115399604,118575,5400000,0,476380,58,,,31424,筑波大学 - C3,3895640,SECOND_HALF,False,passSucceeded passSucceededFrom6 passSucceededTo6 passSucceededFrom6To6 sidewaysPassSucceeded shortPassSucceeded,passSucceeded sidewaysPassSucceeded shortPassSucceeded,0.816242,0.279384,476373,,,0.992486,0.28806
115399605,118575,5400000,0,476373,39,,,31424,筑波大学 - C3,3896828,SECOND_HALF,False,passReceived passReceivedFrom6,passReceived,0.992486,0.28806,,,,,
115399606,118575,5400000,0,476373,39,,,31424,筑波大学 - C3,3897240,SECOND_HALF,False,dribbleToSpace,dribbleToSpace,0.998035,0.29013,,,,,
115399619,118575,5400000,0,476373,39,,,31424,筑波大学 - C3,3900600,SECOND_HALF,False,passFailed passFailedFrom9 passFailedTo14 passFailedFrom9To14 forwardPassFailed longPassFailed,passFailed forwardPassFailed longPassFailed,1.0,0.459518,,,,0.631448,0.821838
115399620,118575,5400000,0,,,,,31424,筑波大学 - C3,3904360,SECOND_HALF,False,,,0.631448,0.821838,,,,,
115404550,118575,5400000,0,476365,44,,,31425,筑波大学 サッカー同好会,3904840,SECOND_HALF,False,intercept,intercept,0.38275,0.168294,,,,,
115404557,118575,5400000,0,476365,44,,,31425,筑波大学 サッカー同好会,3906440,SECOND_HALF,False,passFailed passFailedFrom2 passFailedTo3 passFailedFrom2To3 sidewaysPassFailed mediumPassFailed,passFailed sidewaysPassFailed mediumPassFailed,0.490391,0.134291,,,,0.927607,0.105061
115404558,118575,5400000,0,,,,,31425,筑波大学 サッカー同好会,3910600,SECOND_HALF,False,,,0.927607,0.105061,,,,,
115399624,118575,5400000,0,476375,55,,,31424,筑波大学 - C3,3910750,SECOND_HALF,False,intercept,intercept,0.124934,0.864694,,,,,
115399627,118575,5400000,0,476375,55,,,31424,筑波大学 - C3,3916339,SECOND_HALF,False,passSucceeded passSucceededFrom13 passSucceededTo10 passSucceededFrom13To10 backwardPassSucceeded shortPassSucceeded,passSucceeded backwardPassSucceeded shortPassSucceeded,0.120065,0.761155,476379,,,0.146939,0.644359
115399628,118575,5400000,0,476379,6,,,31424,筑波大学 - C3,3917724,SECOND_HALF,False,passReceived passReceivedFrom10,passReceived,0.146939,0.644359,,,,,
115399630,118575,5400000,0,476379,6,,,31424,筑波大学 - C3,3918873,SECOND_HALF,False,passFailed passFailedFrom10 passFailedTo10 passFailedFrom10To10 sidewaysPassFailed shortPassFailed,passFailed sidewaysPassFailed shortPassFailed,0.180291,0.625731,,,,0.300553,0.628001
115404564,118575,5400000,0,476363,32,,,31425,筑波大学 サッカー同好会,3919400,SECOND_HALF,False,intercept,intercept,0.692102,0.377735,,,,,
115399632,118575,5400000,0,,,,,31424,筑波大学 - C3,3919410,SECOND_HALF,False,,,0.300553,0.628001,,,,,
115404571,118575,5400000,0,476363,32,,,31425,筑波大学 サッカー同好会,3920680,SECOND_HALF,False,passSucceeded passSucceededFrom9 passSucceededTo9 passSucceededFrom9To9 sidewaysPassSucceeded shortPassSucceeded,passSucceeded sidewaysPassSucceeded shortPassSucceeded,0.707821,0.360226,476362,,,0.861816,0.376128
115404572,118575,5400000,0,476362,9,,,31425,筑波大学 サッカー同好会,3922160,SECOND_HALF,False,passReceived passReceivedFrom9,passReceived,0.861816,0.376128,,,,,
115404580,118575,5400000,0,476362,9,,,31425,筑波大学 サッカー同好会,3925040,SECOND_HALF,False,passFailed passFailedFrom9 passFailedTo12 passFailedFrom9To12 forwardPassFailed mediumPassFailed,passFailed forwardPassFailed mediumPassFailed,0.728341,0.446308,,,,0.792909,0.600998
115399639,118575,5400000,0,476368,40,,,31424,筑波大学 - C3,3926360,SECOND_HALF,False,intercept,intercept,0.181416,0.39763,,,,,
115404581,118575,5400000,0,,,,,31425,筑波大学 サッカー同好会,3926480,SECOND_HALF,False,,,0.792909,0.600998,,,,,
115399642,118575,5400000,0,476368,40,,,31424,筑波大学 - C3,3927257,SECOND_HALF,False,passSucceeded passSucceededFrom7 passSucceededTo5 passSucceededFrom7To5 sidewaysPassSucceeded mediumPassSucceeded,passSucceeded sidewaysPassSucceeded mediumPassSucceeded,0.194393,0.383352,476369,,,0.401254,0.323023
115399643,118575,5400000,0,476369,30,,,31424,筑波大学 - C3,3929243,SECOND_HALF,False,passReceived passReceivedFrom5,passReceived,0.401254,0.323023,,,,,
115399647,118575,5400000,0,476369,30,,,31424,筑波大学 - C3,3930617,SECOND_HALF,False,pause,pause,0.41312,0.331752,,,,,
115341585,118575,5400000,0,476357,17,,,31425,筑波大学 サッカー同好会,3974400,SECOND_HALF,False,changeOut,changeOut,0.416667,0.58,,,,,
115341586,118575,5400000,0,476366,77,,,31425,筑波大学 サッカー同好会,3974400,SECOND_HALF,False,changeIn,changeIn,0.416667,0.58,,,,,
115341404,118575,5400000,0,476374,2,,,31424,筑波大学 - C3,4003767,SECOND_HALF,False,changeOut,changeOut,0.875,0.245,,,,,
115341405,118575,5400000,0,476382,3,,,31424,筑波大学 - C3,4003767,SECOND_HALF,False,changeIn,changeIn,0.875,0.245,,,,,
115399651,118575,5400000,0,476369,30,,,31424,筑波大学 - C3,4020760,SECOND_HALF,False,ballReceived,ballReceived,0.410998,0.311245,,,,,
115399655,118575,5400000,0,476369,30,,,31424,筑波大学 - C3,4022877,SECOND_HALF,False,passSucceeded passSucceededFrom5 passSucceededTo8 passSucceededFrom5To8 forwardPassSucceeded mediumPassSucceeded,passSucceeded forwardPassSucceeded mediumPassSucceeded,0.442403,0.317863,476373,,,0.633131,0.407224
115399656,118575,5400000,0,476373,39,,,31424,筑波大学 - C3,4024120,SECOND_HALF,False,passReceived passReceivedFrom8,passReceived,0.633131,0.407224,,,,,
115399659,118575,5400000,0,476373,39,,,31424,筑波大学 - C3,4024917,SECOND_HALF,False,passSucceeded passSucceededFrom8 passSucceededTo5 passSucceededFrom8To5 backwardPassSucceeded shortPassSucceeded,passSucceeded backwardPassSucceeded shortPassSucceeded,0.62516,0.408611,476369,,,0.544556,0.304785
115399660,118575,5400000,0,476369,30,,,31424,筑波大学 - C3,4026053,SECOND_HALF,False,passReceived passReceivedFrom5,passReceived,0.544556,0.304785,,,,,
115399661,118575,5400000,0,476369,30,,,31424,筑波大学 - C3,4026944,SECOND_HALF,False,passFailed passFailedFrom5 passFailedTo8 passFailedFrom5To8 forwardPassFailed mediumPassFailed,passFailed forwardPassFailed mediumPassFailed,0.524435,0.305963,,,,0.366256,0.438699
115399662,118575,5400000,0,,,,,31424,筑波大学 - C3,4028134,SECOND_HALF,False,,,0.366256,0.438699,,,,,
115404621,118575,5400000,0,476356,14,,,31425,筑波大学 サッカー同好会,4028520,SECOND_HALF,False,block,block,0.672528,0.554511,,,,,
115404622,118575,5400000,0,476362,9,,,31425,筑波大学 サッカー同好会,4030680,SECOND_HALF,False,possession dribbleToSpace,dribbleToSpace possession,0.844931,0.567792,,,,,
115399671,118575,5400000,0,476380,58,,,31424,筑波大学 - C3,4040279,SECOND_HALF,False,tackleFailed,tackleFailed,0.131273,0.0497776,,,,,
115404630,118575,5400000,0,476362,9,,,31425,筑波大学 サッカー同好会,4040320,SECOND_HALF,False,passSucceeded passSucceededFrom18 passSucceededTo18 passSucceededFrom18To18 backwardPassSucceeded shortPassSucceeded,passSucceeded backwardPassSucceeded shortPassSucceeded,0.876977,0.943768,476356,,,0.940111,0.903171
115404631,118575,5400000,0,476356,14,,,31425,筑波大学 サッカー同好会,4041720,SECOND_HALF,False,passReceived passReceivedFrom18,passReceived,0.940111,0.903171,,,,,
115399673,118575,5400000,0,476380,58,,,31424,筑波大学 - C3,4042920,SECOND_HALF,False,tackleSucceeded,tackleSucceeded,0.0456946,0.111358,,,,,
115399677,118575,5400000,0,476380,58,,,31424,筑波大学 - C3,4044705,SECOND_HALF,False,passSucceeded passSucceededFrom1 passSucceededTo4 passSucceededFrom1To4 forwardPassSucceeded shortPassSucceeded,passSucceeded forwardPassSucceeded shortPassSucceeded,0.0266772,0.162675,476375,,,0.107782,0.199048
115399678,118575,5400000,0,476375,55,,,31424,筑波大学 - C3,4045680,SECOND_HALF,False,passReceived passReceivedFrom4,passReceived,0.107782,0.199048,,,,,
115399682,118575,5400000,0,476375,55,,,31424,筑波大学 - C3,4046920,SECOND_HALF,False,passFailed passFailedFrom4 passFailedTo7 passFailedFrom4To7 forwardPassFailed shortPassFailed,passFailed forwardPassFailed shortPassFailed,0.133584,0.257477,,,,0.0985944,0.378964
115399683,118575,5400000,0,,,,,31424,筑波大学 - C3,4047550,SECOND_HALF,False,,,0.0985944,0.378964,,,,,
115404645,118575,5400000,0,476359,16,,,31425,筑波大学 サッカー同好会,4047960,SECOND_HALF,False,intercept passSucceeded passSucceededFrom12 passSucceededTo15 passSucceededFrom12To15 forwardPassSucceeded shortPassSucceeded,passSucceeded forwardPassSucceeded shortPassSucceeded intercept,0.876104,0.611029,476356,,,0.855866,0.666745
115404646,118575,5400000,0,476356,14,,,31425,筑波大学 サッカー同好会,4050510,SECOND_HALF,False,passReceived passReceivedFrom15,passReceived,0.855866,0.666745,,,,,
115399686,118575,5400000,0,476375,55,,,31424,筑波大学 - C3,4051760,SECOND_HALF,False,tackleFailed,tackleFailed,0.120774,0.298363,,,,,
115404653,118575,5400000,0,476356,14,,,31425,筑波大学 サッカー同好会,4052200,SECOND_HALF,False,dribbleFailed,dribbleFailed,0.875845,0.710543,,,,,
115399689,118575,5400000,0,476370,14,,,31424,筑波大学 - C3,4053914,SECOND_HALF,False,tackleSucceeded,tackleSucceeded,0.0932465,0.20603,,,,,
115399691,118575,5400000,0,476370,14,,,31424,筑波大学 - C3,4055195,SECOND_HALF,False,passSucceeded passSucceededFrom4 passSucceededTo1 passSucceededFrom4To1 backwardPassSucceeded shortPassSucceeded,passSucceeded backwardPassSucceeded shortPassSucceeded,0.122714,0.169946,476368,,,0.147121,0.0826206
115399692,118575,5400000,0,476368,40,,,31424,筑波大学 - C3,4056145,SECOND_HALF,False,passReceived passReceivedFrom1,passReceived,0.147121,0.0826206,,,,,
115399697,118575,5400000,0,476368,40,,,31424,筑波大学 - C3,4057849,SECOND_HALF,False,dribbleToSpace,dribbleToSpace,0.140782,0.0251454,,,,,
115399700,118575,5400000,0,476368,40,,,31424,筑波大学 - C3,4060960,SECOND_HALF,False,passFailed passFailedFrom1 passFailedTo4 passFailedFrom1To4 forwardPassFailed shortPassFailed,passFailed forwardPassFailed shortPassFailed,0.0314316,0.149333,,,,0.0266772,0.285836
115399701,118575,5400000,0,,,,,31424,筑波大学 - C3,4061873,SECOND_HALF,False,,,0.0266772,0.285836,,,,,
115404658,118575,5400000,0,476366,77,,,31425,筑波大学 サッカー同好会,4062120,SECOND_HALF,False,cutoff,cutoff,0.978142,0.703547,,,,,
115404666,118575,5400000,0,476362,9,,,31425,筑波大学 サッカー同好会,4063080,SECOND_HALF,False,looseBallDuelFailed,duelFailed looseBallDuelFailed,0.981747,0.769097,,,,,
115399704,118575,5400000,0,476368,40,,,31424,筑波大学 - C3,4063128,SECOND_HALF,False,looseBallDuelSucceeded,duelSucceeded looseBallDuelSucceeded,0.0108293,0.244783,,,,,
115404679,118575,5400000,0,476366,77,,,31425,筑波大学 サッカー同好会,4076120,SECOND_HALF,False,throwIn passSucceeded passSucceededFrom15 passSucceededTo15 passSucceededFrom15To15 sidewaysPassSucceeded shortPassSucceeded,throwIn passSucceeded sidewaysPassSucceeded shortPassSucceeded,1.02404,0.806661,476356,,,0.926547,0.829516
115404680,118575,5400000,0,476356,14,,,31425,筑波大学 サッカー同好会,4077120,SECOND_HALF,False,passReceived passReceivedFrom15,passReceived,0.926547,0.829516,,,,,
115399707,118575,5400000,0,476375,55,,,31424,筑波大学 - C3,4078440,SECOND_HALF,False,cutoff,cutoff,0.0555029,0.15261,,,,,
115404683,118575,5400000,0,476362,9,,,31425,筑波大学 サッカー同好会,4079560,SECOND_HALF,False,possession,possession,0.989957,0.853196,,,,,
115399713,118575,5400000,0,476375,55,,,31424,筑波大学 - C3,4080280,SECOND_HALF,False,tackleFailed,tackleFailed,0.033368,0.144467,,,,,
115404688,118575,5400000,0,476362,9,,,31425,筑波大学 サッカー同好会,4080280,SECOND_HALF,False,dribbleSucceeded,dribbleSucceeded,0.970365,0.8475,,,,,
115399720,118575,5400000,0,476380,58,,,31424,筑波大学 - C3,4082360,SECOND_HALF,False,tackleFailed,tackleFailed,0.131876,0.148047,,,,,
115404692,118575,5400000,0,476362,9,,,31425,筑波大学 サッカー同好会,4084256,SECOND_HALF,False,passSucceeded passSucceededFrom15 passSucceededTo14 passSucceededFrom15To14 sidewaysPassSucceeded shortPassSucceeded,passSucceeded sidewaysPassSucceeded shortPassSucceeded,0.776343,0.797263,476354,,,0.631689,0.755618
115404693,118575,5400000,0,476354,29,,,31425,筑波大学 サッカー同好会,4085400,SECOND_HALF,False,passReceived passReceivedFrom14,passReceived,0.631689,0.755618,,,,,
115404698,118575,5400000,0,476354,29,,,31425,筑波大学 サッカー同好会,4087235,SECOND_HALF,False,passSucceeded passSucceededFrom14 passSucceededTo16 passSucceededFrom14To16 sidewaysPassSucceeded mediumPassSucceeded,passSucceeded sidewaysPassSucceeded mediumPassSucceeded,0.49461,0.758031,476364,,,0.154949,0.864335
115404699,118575,5400000,0,476364,55,,,31425,筑波大学 サッカー同好会,4088720,SECOND_HALF,False,passReceived passReceivedFrom16,passReceived,0.154949,0.864335,,,,,
115404701,118575,5400000,0,476360,18,,,31425,筑波大学 サッカー同好会,4090120,SECOND_HALF,False,ballReceived,ballReceived,0.154563,0.830122,,,,,
115404704,118575,5400000,0,476360,18,,,31425,筑波大学 サッカー同好会,4095794,SECOND_HALF,False,passSucceeded passSucceededFrom13 passSucceededTo13 passSucceededFrom13To13 sidewaysPassSucceeded shortPassSucceeded,passSucceeded sidewaysPassSucceeded shortPassSucceeded,0.174198,0.821181,476364,,,0.0426971,0.808591
115404705,118575,5400000,0,476364,55,,,31425,筑波大学 サッカー同好会,4097320,SECOND_HALF,False,passReceived passReceivedFrom13,passReceived,0.0426971,0.808591,,,,,
115404711,118575,5400000,0,476364,55,,,31425,筑波大学 サッカー同好会,4097920,SECOND_HALF,False,passFailed passFailedFrom13 passFailedTo13 passFailedFrom13To13 sidewaysPassFailed shortPassFailed,passFailed sidewaysPassFailed shortPassFailed,0.0492711,0.804537,476354,,,0.19665,0.784578
115399736,118575,5400000,0,476373,39,,,31424,筑波大学 - C3,4099040,SECOND_HALF,False,groundDuelSucceeded cutoff,duelSucceeded groundDuelSucceeded cutoff,0.813441,0.215331,,,,,
115404712,118575,5400000,0,476354,29,,,31425,筑波大学 サッカー同好会,4099040,SECOND_HALF,False,groundDuelFailed,duelFailed groundDuelFailed,0.19665,0.784578,,,,,
115399749,118575,5400000,0,476379,6,,,31424,筑波大学 - C3,4101120,SECOND_HALF,False,possession passSucceeded passSucceededFrom6 passSucceededTo8 passSucceededFrom6To8 forwardPassSucceeded mediumPassSucceeded,passSucceeded forwardPassSucceeded mediumPassSucceeded possession,0.73316,0.1793,476376,,,0.494464,0.385181
115399750,118575,5400000,0,476376,19,,,31424,筑波大学 - C3,4102400,SECOND_HALF,False,passReceived passReceivedFrom8,passReceived,0.494464,0.385181,,,,,
115404715,118575,5400000,0,476355,31,,,31425,筑波大学 サッカー同好会,4104120,SECOND_HALF,False,cutoff,cutoff,0.454179,0.558735,,,,,
115399752,118575,5400000,0,476375,55,,,31424,筑波大学 - C3,4107280,SECOND_HALF,False,possession,possession,0.248651,0.413162,,,,,
115399759,118575,5400000,0,476375,55,,,31424,筑波大学 - C3,4107920,SECOND_HALF,False,passSucceeded passSucceededFrom7 passSucceededTo8 passSucceededFrom7To8 sidewaysPassSucceeded shortPassSucceeded,passSucceeded sidewaysPassSucceeded shortPassSucceeded,0.260183,0.419673,476380,,,0.350603,0.413845
115399760,118575,5400000,0,476380,58,,,31424,筑波大学 - C3,4108883,SECOND_HALF,False,passFailed passReceived passFailedFrom8 passFailedTo13 passFailedFrom8To13 forwardPassFailed longPassFailed,passFailed forwardPassFailed longPassFailed passReceived,0.350603,0.413845,,,,0.175749,0.680865
115399763,118575,5400000,0,,,,,31424,筑波大学 - C3,4111840,SECOND_HALF,False,,,0.175749,0.680865,,,,,
115404726,118575,5400000,0,476359,16,,,31425,筑波大学 サッカー同好会,4111920,SECOND_HALF,False,intercept passSucceeded passSucceededFrom6 passSucceededTo2 passSucceededFrom6To2 backwardPassSucceeded mediumPassSucceeded,passSucceeded backwardPassSucceeded mediumPassSucceeded intercept,0.81045,0.330627,476352,,,0.63521,0.0888487
115404728,118575,5400000,0,476352,12,,,31425,筑波大学 サッカー同好会,4114280,SECOND_HALF,False,passFailed passReceived passFailedFrom2 passFailedTo6 passFailedFrom2To6 forwardPassFailed mediumPassFailed,passFailed forwardPassFailed mediumPassFailed passReceived,0.63521,0.0888487,,,,0.902153,0.294206
115399772,118575,5400000,0,476375,55,,,31424,筑波大学 - C3,4117480,SECOND_HALF,False,cutoff,cutoff,0.0635044,0.713323,,,,,
115404729,118575,5400000,0,,,,,31425,筑波大学 サッカー同好会,4117480,SECOND_HALF,False,,,0.902153,0.294206,,,,,
115404730,118575,5400000,0,476366,77,,,31425,筑波大学 サッカー同好会,4125600,SECOND_HALF,False,throwIn passSucceeded passSucceededFrom6 passSucceededTo3 passSucceededFrom6To3 backwardPassSucceeded shortPassSucceeded,throwIn passSucceeded backwardPassSucceeded shortPassSucceeded,1.04171,0.257621,476355,,,0.917329,0.164146
115404731,118575,5400000,0,476355,31,,,31425,筑波大学 サッカー同好会,4127480,SECOND_HALF,False,passReceived passReceivedFrom3,passReceived,0.917329,0.164146,,,,,
115404734,118575,5400000,0,476355,31,,,31425,筑波大学 サッカー同好会,4130080,SECOND_HALF,False,passSucceeded passSucceededFrom6 passSucceededTo5 passSucceededFrom6To5 sidewaysPassSucceeded mediumPassSucceeded,passSucceeded sidewaysPassSucceeded mediumPassSucceeded,0.861655,0.172425,476365,,,0.448055,0.172911
115404735,118575,5400000,0,476365,44,,,31425,筑波大学 サッカー同好会,4132840,SECOND_HALF,False,passReceived passReceivedFrom5,passReceived,0.448055,0.172911,,,,,
115404742,118575,5400000,0,476365,44,,,31425,筑波大学 サッカー同好会,4134173,SECOND_HALF,False,passSucceeded passSucceededFrom5 passSucceededTo7 passSucceededFrom5To7 forwardPassSucceeded mediumPassSucceeded,passSucceeded forwardPassSucceeded mediumPassSucceeded,0.392312,0.205327,476364,,,0.0371039,0.361664
115404743,118575,5400000,0,476364,55,,,31425,筑波大学 サッカー同好会,4136200,SECOND_HALF,False,passReceived passReceivedFrom7,passReceived,0.0371039,0.361664,,,,,
115404744,118575,5400000,0,476364,55,,,31425,筑波大学 サッカー同好会,4136960,SECOND_HALF,False,passFailed passFailedFrom7 passFailedTo10 passFailedFrom7To10 forwardPassFailed mediumPassFailed,passFailed forwardPassFailed mediumPassFailed,0.0365009,0.361545,,,,0.065348,0.516599
115399780,118575,5400000,0,476379,6,,,31424,筑波大学 - C3,4138666,SECOND_HALF,False,intercept,intercept,0.924905,0.482652,,,,,
115404745,118575,5400000,0,,,,,31425,筑波大学 サッカー同好会,4138896,SECOND_HALF,False,,,0.065348,0.516599,,,,,
115399787,118575,5400000,0,476379,6,,,31424,筑波大学 - C3,4140348,SECOND_HALF,False,passSucceeded passSucceededFrom9 passSucceededTo6 passSucceededFrom9To6 backwardPassSucceeded mediumPassSucceeded,passSucceeded backwardPassSucceeded mediumPassSucceeded,0.949485,0.433641,476369,,,0.802092,0.290563
115399788,118575,5400000,0,476369,30,,,31424,筑波大学 - C3,4142554,SECOND_HALF,False,passReceived passReceivedFrom6,passReceived,0.802092,0.290563,,,,,
115399791,118575,5400000,0,476369,30,,,31424,筑波大学 - C3,4144983,SECOND_HALF,False,passSucceeded passSucceededFrom9 passSucceededTo5 passSucceededFrom9To5 sidewaysPassSucceeded mediumPassSucceeded,passSucceeded sidewaysPassSucceeded mediumPassSucceeded,0.721468,0.33582,476368,,,0.412427,0.319321
115399792,118575,5400000,0,476368,40,,,31424,筑波大学 - C3,4146938,SECOND_HALF,False,passReceived passReceivedFrom5,passReceived,0.412427,0.319321,,,,,
115399796,118575,5400000,0,476368,40,,,31424,筑波大学 - C3,4149804,SECOND_HALF,False,passSucceeded passSucceededFrom8 passSucceededTo8 passSucceededFrom8To8 sidewaysPassSucceeded shortPassSucceeded,passSucceeded sidewaysPassSucceeded shortPassSucceeded,0.416773,0.335565,476369,,,0.618263,0.334047
115399797,118575,5400000,0,476369,30,,,31424,筑波大学 - C3,4151439,SECOND_HALF,False,passReceived passReceivedFrom8,passReceived,0.618263,0.334047,,,,,
115399799,118575,5400000,0,476369,30,,,31424,筑波大学 - C3,4152083,SECOND_HALF,False,passSucceeded passSucceededFrom8 passSucceededTo9 passSucceededFrom8To9 forwardPassSucceeded shortPassSucceeded,passSucceeded forwardPassSucceeded shortPassSucceeded,0.626212,0.343627,476373,,,0.685664,0.445975
115399800,118575,5400000,0,476373,39,,,31424,筑波大学 - C3,4152960,SECOND_HALF,False,passReceived passReceivedFrom9,passReceived,0.685664,0.445975,,,,,
115399805,118575,5400000,0,476373,39,,,31424,筑波大学 - C3,4153687,SECOND_HALF,False,passSucceeded passSucceededFrom9 passSucceededTo12 passSucceededFrom9To12 forwardPassSucceeded mediumPassSucceeded,passSucceeded forwardPassSucceeded mediumPassSucceeded,0.711951,0.444803,476379,,,0.977008,0.562234
115399806,118575,5400000,0,476379,6,,,31424,筑波大学 - C3,4155223,SECOND_HALF,False,passReceived passReceivedFrom12,passReceived,0.977008,0.562234,,,,,
115404757,118575,5400000,0,476360,18,,,31425,筑波大学 サッカー同好会,4157520,SECOND_HALF,False,tackleSucceeded,tackleSucceeded,0.0728058,0.341612,,,,,
115404759,118575,5400000,0,476360,18,,,31425,筑波大学 サッカー同好会,4159680,SECOND_HALF,False,dribbleToSpace,dribbleToSpace,0.167544,0.337786,,,,,
115404764,118575,5400000,0,476360,18,,,31425,筑波大学 サッカー同好会,4164280,SECOND_HALF,False,passFailed passFailedFrom11 passFailedTo14 passFailedFrom11To14 forwardPassFailed mediumPassFailed,passFailed forwardPassFailed mediumPassFailed,0.392103,0.572867,,,,0.419342,0.774105
115399814,118575,5400000,0,476368,40,,,31424,筑波大学 - C3,4165680,SECOND_HALF,False,intercept,intercept,0.55177,0.228653,,,,,
115404765,118575,5400000,0,,,,,31425,筑波大学 サッカー同好会,4165840,SECOND_HALF,False,,,0.419342,0.774105,,,,,
115399815,118575,5400000,0,476368,40,,,31424,筑波大学 - C3,4168360,SECOND_HALF,False,passSucceeded passSucceededFrom3 passSucceededTo6 passSucceededFrom3To6 forwardPassSucceeded shortPassSucceeded,passSucceeded forwardPassSucceeded shortPassSucceeded,0.750291,0.131541,476373,,,0.760129,0.255145
115399816,118575,5400000,0,476373,39,,,31424,筑波大学 - C3,4169280,SECOND_HALF,False,passReceived passReceivedFrom6,passReceived,0.760129,0.255145,,,,,
115399823,118575,5400000,0,476373,39,,,31424,筑波大学 - C3,4172120,SECOND_HALF,False,passFailed passFailedFrom9 passFailedTo9 passFailedFrom9To9 forwardPassFailed shortPassFailed,passFailed forwardPassFailed shortPassFailed,0.842015,0.370867,,,,0.802634,0.404177
115399824,118575,5400000,0,,,,,31424,筑波大学 - C3,4172399,SECOND_HALF,False,,,0.802634,0.404177,,,,,
115404769,118575,5400000,0,476360,18,,,31425,筑波大学 サッカー同好会,4172600,SECOND_HALF,False,block,block,0.189125,0.59087,,,,,
115399825,118575,5400000,0,476373,39,,,31424,筑波大学 - C3,4173520,SECOND_HALF,False,possession,possession,0.840449,0.407154,,,,,
115399829,118575,5400000,0,476373,39,,,31424,筑波大学 - C3,4174560,SECOND_HALF,False,passSucceeded passSucceededFrom9 passSucceededTo18 passSucceededFrom9To18 forwardPassSucceeded longPassSucceeded,passSucceeded forwardPassSucceeded longPassSucceeded,0.893754,0.419959,476377,,,0.959735,0.83904
115399830,118575,5400000,0,476377,24,,,31424,筑波大学 - C3,4179373,SECOND_HALF,False,passReceived passReceivedFrom18,passReceived,0.959735,0.83904,,,,,
115399835,118575,5400000,0,476377,24,,,31424,筑波大学 - C3,4184880,SECOND_HALF,False,passFailed passFailedFrom18 passFailedTo17 passFailedFrom18To17 sidewaysPassFailed shortPassFailed,passFailed sidewaysPassFailed shortPassFailed,0.844465,0.870806,,,,0.651214,0.860252
115399836,118575,5400000,0,,,,,31424,筑波大学 - C3,4185720,SECOND_HALF,False,,,0.651214,0.860252,,,,,
115404780,118575,5400000,0,476365,44,,,31425,筑波大学 サッカー同好会,4186200,SECOND_HALF,False,intercept,intercept,0.3759,0.133716,,,,,
115399846,118575,5400000,0,476376,19,,,31424,筑波大学 - C3,4187800,SECOND_HALF,False,tackleSucceeded passSucceeded passSucceededFrom14 passSucceededTo15 passSucceededFrom14To15 backwardPassSucceeded shortPassSucceeded,passSucceeded backwardPassSucceeded shortPassSucceeded tackleSucceeded,0.665141,0.795715,476373,,,0.767777,0.74376
115399847,118575,5400000,0,476373,39,,,31424,筑波大学 - C3,4189120,SECOND_HALF,False,passReceived passReceivedFrom15,passReceived,0.767777,0.74376,,,,,
115399866,118575,5400000,0,476373,39,,,31424,筑波大学 - C3,4191889,SECOND_HALF,False,passSucceeded passSucceededFrom14 passSucceededTo13 passSucceededFrom14To13 sidewaysPassSucceeded longPassSucceeded,passSucceeded sidewaysPassSucceeded longPassSucceeded,0.64647,0.785275,476375,,,0.207343,0.830824
115399867,118575,5400000,0,476375,55,,,31424,筑波大学 - C3,4195039,SECOND_HALF,False,passSucceeded passReceived passSucceededFrom13 passSucceededTo14 passSucceededFrom13To14 sidewaysPassSucceeded mediumPassSucceeded,passSucceeded sidewaysPassSucceeded mediumPassSucceeded passReceived,0.207343,0.830824,476370,,,0.41692,0.766722
115399868,118575,5400000,0,476370,14,,,31424,筑波大学 - C3,4198880,SECOND_HALF,False,passFailed passReceived passFailedFrom14 passFailedTo17 passFailedFrom14To17 forwardPassFailed shortPassFailed,passFailed forwardPassFailed shortPassFailed passReceived,0.41692,0.766722,,,,0.52747,0.838009
115399869,118575,5400000,0,,,,,31424,筑波大学 - C3,4199544,SECOND_HALF,False,,,0.52747,0.838009,,,,,
115404792,118575,5400000,0,476359,16,,,31425,筑波大学 サッカー同好会,4199760,SECOND_HALF,False,clearance,clearance,0.476455,0.131497,,,,,
115399873,118575,5400000,0,476373,39,,,31424,筑波大学 - C3,4201120,SECOND_HALF,False,possession,possession,0.551254,0.761829,,,,,
115399881,118575,5400000,0,476373,39,,,31424,筑波大学 - C3,4203440,SECOND_HALF,False,passSucceeded passSucceededFrom15 passSucceededTo18 passSucceededFrom15To18 sidewaysPassSucceeded mediumPassSucceeded,passSucceeded sidewaysPassSucceeded mediumPassSucceeded,0.666878,0.815256,476379,,,0.921928,0.876072
115399882,118575,5400000,0,476379,6,,,31424,筑波大学 - C3,4204960,SECOND_HALF,False,crossFailed passReceived passReceivedFrom18 passReceivedTo17 passReceivedFrom18To17 sidewaysPassReceived longPassReceived,crossFailed passReceived,0.921928,0.876072,,,,0.399102,0.94988
115399883,118575,5400000,0,,,,,31424,筑波大学 - C3,4207078,SECOND_HALF,False,,,0.399102,0.94988,,,,,
115404799,118575,5400000,0,476366,77,,,31425,筑波大学 サッカー同好会,4207680,SECOND_HALF,False,clearance,clearance,0.64337,0.0256765,,,,,
115404801,118575,5400000,0,476362,9,,,31425,筑波大学 サッカー同好会,4209827,SECOND_HALF,False,possession passSucceeded passSucceededFrom3 passSucceededTo3 passSucceededFrom3To3 sidewaysPassSucceeded shortPassSucceeded,passSucceeded sidewaysPassSucceeded shortPassSucceeded possession,0.797389,0.104307,476359,,,0.960364,0.0669968
115404802,118575,5400000,0,476359,16,,,31425,筑波大学 サッカー同好会,4211960,SECOND_HALF,False,passReceived passReceivedFrom3,passReceived,0.960364,0.0669968,,,,,
115404806,118575,5400000,0,476359,16,,,31425,筑波大学 サッカー同好会,4213920,SECOND_HALF,False,passFailed passFailedFrom3 passFailedTo3 passFailedFrom3To3 forwardPassFailed shortPassFailed,passFailed forwardPassFailed shortPassFailed,1.02303,0.121735,,,,1.0,0.138408
115399895,118575,5400000,0,476375,55,,,31424,筑波大学 - C3,4213954,SECOND_HALF,False,block,block,0.0203381,0.819535,,,,,
115404807,118575,5400000,0,,,,,31425,筑波大学 サッカー同好会,4213960,SECOND_HALF,False,,,1.0,0.138408,,,,,
115404822,118575,5400000,0,476366,77,,,31425,筑波大学 サッカー同好会,4227560,SECOND_HALF,False,throwIn passSucceeded passSucceededFrom6 passSucceededTo9 passSucceededFrom6To9 forwardPassSucceeded mediumPassSucceeded,throwIn passSucceeded forwardPassSucceeded mediumPassSucceeded,1.0539,0.190645,476363,,,0.963798,0.383596
115404823,118575,5400000,0,476363,32,,,31425,筑波大学 サッカー同好会,4228920,SECOND_HALF,False,passFailed passReceived passFailedFrom9 passFailedTo9 passFailedFrom9To9 backwardPassFailed shortPassFailed,passFailed backwardPassFailed shortPassFailed passReceived,0.963798,0.383596,476356,,,0.949897,0.363951
115399905,118575,5400000,0,476380,58,,,31424,筑波大学 - C3,4229600,SECOND_HALF,False,groundDuelSucceeded tackleSucceeded,duelSucceeded groundDuelSucceeded tackleSucceeded,0.0689218,0.642642,,,,,
115404824,118575,5400000,0,476356,14,,,31425,筑波大学 サッカー同好会,4229880,SECOND_HALF,False,groundDuelFailed,duelFailed groundDuelFailed,0.949897,0.363951,,,,,
115404831,118575,5400000,0,476356,14,,,31425,筑波大学 サッカー同好会,4230960,SECOND_HALF,False,tackleSucceeded,tackleSucceeded,0.923674,0.394256,,,,,
115404843,118575,5400000,0,476356,14,,,31425,筑波大学 サッカー同好会,4237320,SECOND_HALF,False,dribbleSucceeded,dribbleSucceeded,1.0043,0.349258,,,,,
115399917,118575,5400000,0,476380,58,,,31424,筑波大学 - C3,4237440,SECOND_HALF,False,tackleFailed,tackleFailed,-0.00873234,0.643944,,,,,
115399931,118575,5400000,0,476375,55,,,31424,筑波大学 - C3,4238680,SECOND_HALF,False,tackleFailed,tackleFailed,0.0108293,0.62453,,,,,
115404855,118575,5400000,0,476356,14,,,31425,筑波大学 サッカー同好会,4241200,SECOND_HALF,False,passSucceeded passSucceededFrom9 passSucceededTo15 passSucceededFrom9To15 forwardPassSucceeded longPassSucceeded,passSucceeded forwardPassSucceeded longPassSucceeded,0.941076,0.456545,476362,,,0.999817,0.74837
115404856,118575,5400000,0,476362,9,,,31425,筑波大学 サッカー同好会,4244582,SECOND_HALF,False,passReceived passReceivedFrom15,passReceived,0.999817,0.74837,,,,,
115404858,118575,5400000,0,476362,9,,,31425,筑波大学 サッカー同好会,4251723,SECOND_HALF,False,passSucceeded passSucceededFrom18 passSucceededTo15 passSucceededFrom18To15 backwardPassSucceeded shortPassSucceeded,passSucceeded backwardPassSucceeded shortPassSucceeded,1.01946,0.856592,476366,,,0.971817,0.75292
115404859,118575,5400000,0,476366,77,,,31425,筑波大学 サッカー同好会,4253119,SECOND_HALF,False,passReceived passReceivedFrom15,passReceived,0.971817,0.75292,,,,,
115404863,118575,5400000,0,476366,77,,,31425,筑波大学 サッカー同好会,4253720,SECOND_HALF,False,passFailed passFailedFrom15 passFailedTo15 passFailedFrom15To15 forwardPassFailed shortPassFailed,passFailed forwardPassFailed shortPassFailed,0.967722,0.762274,,,,0.992973,0.777555
115404864,118575,5400000,0,,,,,31425,筑波大学 サッカー同好会,4253960,SECOND_HALF,False,,,0.992973,0.777555,,,,,
115399936,118575,5400000,0,476375,55,,,31424,筑波大学 - C3,4254600,SECOND_HALF,False,block,block,0.0171685,0.218098,,,,,
115404871,118575,5400000,0,476366,77,,,31425,筑波大学 サッカー同好会,4265240,SECOND_HALF,False,throwIn passSucceeded passSucceededFrom15 passSucceededTo18 passSucceededFrom15To18 forwardPassSucceeded shortPassSucceeded,throwIn passSucceeded forwardPassSucceeded shortPassSucceeded,1.038,0.780342,476363,,,0.986345,0.849989
115404872,118575,5400000,0,476363,32,,,31425,筑波大学 サッカー同好会,4266280,SECOND_HALF,False,passReceived passReceivedFrom18,passReceived,0.986345,0.849989,,,,,
115404874,118575,5400000,0,476363,32,,,31425,筑波大学 サッカー同好会,4268600,SECOND_HALF,False,passSucceeded passSucceededFrom18 passSucceededTo18 passSucceededFrom18To18 sidewaysPassSucceeded shortPassSucceeded,passSucceeded sidewaysPassSucceeded shortPassSucceeded,1.00642,0.855792,476359,,,0.927936,0.877178
115404875,118575,5400000,0,476359,16,,,31425,筑波大学 サッカー同好会,4269440,SECOND_HALF,False,passReceived passReceivedFrom18,passReceived,0.927936,0.877178,,,,,
115404881,118575,5400000,0,476359,16,,,31425,筑波大学 サッカー同好会,4271600,SECOND_HALF,False,crossFailed,crossFailed,0.969829,0.951628,,,,0.550208,0.97168
115404882,118575,5400000,0,,,,,31425,筑波大学 サッカー同好会,4273360,SECOND_HALF,False,,,0.550208,0.97168,,,,,
115399946,118575,5400000,0,476367,1,,,31424,筑波大学 - C3,4273543,SECOND_HALF,False,intercept,intercept,0.394348,0.0261717,,,,,
115399962,118575,5400000,0,476367,1,,,31424,筑波大学 - C3,4275828,SECOND_HALF,False,passSucceeded passSucceededFrom2 passSucceededTo2 passSucceededFrom2To2 forwardPassSucceeded shortPassSucceeded,passSucceeded forwardPassSucceeded shortPassSucceeded,0.476756,0.0590147,476369,,,0.479926,0.0754362
115399963,118575,5400000,0,476369,30,,,31424,筑波大学 - C3,4277659,SECOND_HALF,False,dribbleToSpace passReceived passReceivedFrom2,dribbleToSpace passReceived,0.479926,0.0754362,,,,,
115399968,118575,5400000,0,476369,30,,,31424,筑波大学 - C3,4279990,SECOND_HALF,False,passSucceeded passSucceededFrom5 passSucceededTo8 passSucceededFrom5To8 forwardPassSucceeded mediumPassSucceeded,passSucceeded forwardPassSucceeded mediumPassSucceeded,0.582937,0.185255,476373,,,0.608253,0.36386
115399969,118575,5400000,0,476373,39,,,31424,筑波大学 - C3,4282560,SECOND_HALF,False,passReceived passReceivedFrom8,passReceived,0.608253,0.36386,,,,,
115399977,118575,5400000,0,476373,39,,,31424,筑波大学 - C3,4282880,SECOND_HALF,False,passSucceeded passSucceededFrom8 passSucceededTo11 passSucceededFrom8To11 forwardPassSucceeded mediumPassSucceeded,passSucceeded forwardPassSucceeded mediumPassSucceeded,0.613458,0.376992,476382,,,0.491386,0.540679
115399978,118575,5400000,0,476382,3,,,31424,筑波大学 - C3,4284840,SECOND_HALF,False,passReceived passReceivedFrom11,passReceived,0.491386,0.540679,,,,,
115404883,118575,5400000,0,476355,31,,,31425,筑波大学 サッカー同好会,4285440,SECOND_HALF,False,tackleFailed,tackleFailed,0.513094,0.433563,,,,,
115399984,118575,5400000,0,476382,3,,,31424,筑波大学 - C3,4286920,SECOND_HALF,False,dribbleFailed,dribbleFailed,0.447823,0.602223,,,,,
115404892,118575,5400000,0,476365,44,,,31425,筑波大学 サッカー同好会,4288920,SECOND_HALF,False,tackleSucceeded passSucceeded passSucceededFrom5 passSucceededTo2 passSucceededFrom5To2 backwardPassSucceeded mediumPassSucceeded,passSucceeded backwardPassSucceeded mediumPassSucceeded tackleSucceeded,0.612608,0.282864,476352,,,0.582431,0.0935754
115404893,118575,5400000,0,476352,12,,,31425,筑波大学 サッカー同好会,4290840,SECOND_HALF,False,passFailed passReceived passFailedFrom2 passFailedTo12 passFailedFrom2To12 forwardPassFailed longPassFailed,passFailed forwardPassFailed longPassFailed passReceived,0.582431,0.0935754,,,,0.780837,0.517086
115404894,118575,5400000,0,,,,,31425,筑波大学 サッカー同好会,4294560,SECOND_HALF,False,,,0.780837,0.517086,,,,,
115399987,118575,5400000,0,476370,14,,,31424,筑波大学 - C3,4294640,SECOND_HALF,False,block,block,0.202182,0.488284,,,,,
115404899,118575,5400000,0,476359,16,,,31425,筑波大学 サッカー同好会,4296120,SECOND_HALF,False,possession,possession,0.830715,0.394638,,,,,
115404901,118575,5400000,0,476359,16,,,31425,筑波大学 サッカー同好会,4297680,SECOND_HALF,False,passSucceeded passSucceededFrom9 passSucceededTo12 passSucceededFrom9To12 forwardPassSucceeded shortPassSucceeded,passSucceeded forwardPassSucceeded shortPassSucceeded,0.812632,0.394186,476363,,,0.785664,0.510719
115404902,118575,5400000,0,476363,32,,,31425,筑波大学 サッカー同好会,4298560,SECOND_HALF,False,passReceived passReceivedFrom12,passReceived,0.785664,0.510719,,,,,
115404904,118575,5400000,0,476363,32,,,31425,筑波大学 サッカー同好会,4299640,SECOND_HALF,False,passSucceeded passSucceededFrom12 passSucceededTo12 passSucceededFrom12To12 forwardPassSucceeded shortPassSucceeded,passSucceeded forwardPassSucceeded shortPassSucceeded,0.832411,0.513723,476362,,,0.980889,0.617094
115404905,118575,5400000,0,476362,9,,,31425,筑波大学 サッカー同好会,4301560,SECOND_HALF,False,passReceived passReceivedFrom12,passReceived,0.980889,0.617094,,,,,
115404912,118575,5400000,0,476362,9,,,31425,筑波大学 サッカー同好会,4304120,SECOND_HALF,False,passSucceeded passSucceededFrom15 passSucceededTo15 passSucceededFrom15To15 forwardPassSucceeded shortPassSucceeded,passSucceeded forwardPassSucceeded shortPassSucceeded,0.98922,0.691855,476363,,,0.9257,0.811748
115404913,118575,5400000,0,476363,32,,,31425,筑波大学 サッカー同好会,4305560,SECOND_HALF,False,passReceived passReceivedFrom15,passReceived,0.9257,0.811748,,,,,
115399991,118575,5400000,0,476368,40,,,31424,筑波大学 - C3,4309520,SECOND_HALF,False,tackleSucceeded,tackleSucceeded,0.00449019,0.219124,,,,,
115399993,118575,5400000,0,476368,40,,,31424,筑波大学 - C3,4311452,SECOND_HALF,False,passSucceeded passSucceededFrom4 passSucceededTo2 passSucceededFrom4To2 sidewaysPassSucceeded mediumPassSucceeded,passSucceeded sidewaysPassSucceeded mediumPassSucceeded,0.0250924,0.177044,476369,,,0.362652,0.121622
115399994,118575,5400000,0,476369,30,,,31424,筑波大学 - C3,4314282,SECOND_HALF,False,passReceived passReceivedFrom2,passReceived,0.362652,0.121622,,,,,
115400002,118575,5400000,0,476369,30,,,31424,筑波大学 - C3,4315464,SECOND_HALF,False,passFailed passFailedFrom2 passFailedTo5 passFailedFrom2To5 forwardPassFailed shortPassFailed,passFailed forwardPassFailed shortPassFailed,0.386424,0.124701,,,,0.463102,0.251656
115400003,118575,5400000,0,,,,,31424,筑波大学 - C3,4316560,SECOND_HALF,False,,,0.463102,0.251656,,,,,
115404933,118575,5400000,0,476360,18,,,31425,筑波大学 サッカー同好会,4316600,SECOND_HALF,False,attackRouteStart tackleSucceeded,tackleSucceeded,0.531858,0.755015,,,,,
115404922,118575,5400000,0,476360,18,,,31425,筑波大学 サッカー同好会,4318400,SECOND_HALF,False,dribbleToSpace,dribbleToSpace,0.590376,0.814539,,,,,
115400011,118575,5400000,0,476369,30,,,31424,筑波大学 - C3,4321160,SECOND_HALF,False,tackleFailed,tackleFailed,0.569497,0.0550369,,,,,
115404928,118575,5400000,0,476360,18,,,31425,筑波大学 サッカー同好会,4321840,SECOND_HALF,False,shot footLeft attackRouteEnd shotInPenaltyArea shotInGoalArea,shot,0.40151,0.982202,,,,,
115400013,118575,5400000,0,476367,1,,,31424,筑波大学 - C3,4329077,SECOND_HALF,False,goalKickSucceeded passSucceeded passSucceededFrom2 passSucceededTo2 passSucceededFrom2To2 forwardPassSucceeded shortPassSucceeded,goalKickSucceeded passSucceeded forwardPassSucceeded shortPassSucceeded,0.538563,0.0251454,476368,,,0.429213,0.0826206
115400014,118575,5400000,0,476368,40,,,31424,筑波大学 - C3,4331068,SECOND_HALF,False,passReceived passReceivedFrom2,passReceived,0.429213,0.0826206,,,,,
115400018,118575,5400000,0,476368,40,,,31424,筑波大学 - C3,4335020,SECOND_HALF,False,passSucceeded passSucceededFrom2 passSucceededTo2 passSucceededFrom2To2 sidewaysPassSucceeded shortPassSucceeded,passSucceeded sidewaysPassSucceeded shortPassSucceeded,0.445061,0.117516,476369,,,0.552826,0.109306
115400019,118575,5400000,0,476369,30,,,31424,筑波大学 - C3,4336292,SECOND_HALF,False,dribbleToSpace passReceived passReceivedFrom2,dribbleToSpace passReceived,0.552826,0.109306,,,,,
115400020,118575,5400000,0,476369,30,,,31424,筑波大学 - C3,4343107,SECOND_HALF,False,passSucceeded passSucceededFrom5 passSucceededTo5 passSucceededFrom5To5 forwardPassSucceeded shortPassSucceeded,passSucceeded forwardPassSucceeded shortPassSucceeded,0.651356,0.224679,476380,,,0.498773,0.31606
115400021,118575,5400000,0,476380,58,,,31424,筑波大学 - C3,4344520,SECOND_HALF,False,passReceived passReceivedFrom5,passReceived,0.498773,0.31606,,,,,
115400028,118575,5400000,0,476380,58,,,31424,筑波大学 - C3,4345746,SECOND_HALF,False,passSucceeded passSucceededFrom8 passSucceededTo7 passSucceededFrom8To7 forwardPassSucceeded mediumPassSucceeded,passSucceeded forwardPassSucceeded mediumPassSucceeded,0.464128,0.356159,476376,,,0.305239,0.485292
115404952,118575,5400000,0,476366,77,,,31425,筑波大学 サッカー同好会,4347080,SECOND_HALF,False,groundDuelFailed tackleFailed,duelFailed groundDuelFailed tackleFailed,0.702103,0.511314,,,,,
115400029,118575,5400000,0,476376,19,,,31424,筑波大学 - C3,4347120,SECOND_HALF,False,groundDuelSucceeded passFailed passReceived passFailedFrom7 passFailedTo11 passFailedFrom7To11 forwardPassFailed shortPassFailed,passFailed forwardPassFailed shortPassFailed duelSucceeded groundDuelSucceeded passReceived,0.305239,0.485292,,,,0.440351,0.566074
115400030,118575,5400000,0,,,,,31424,筑波大学 - C3,4347800,SECOND_HALF,False,,,0.440351,0.566074,,,,,
115404972,118575,5400000,0,476355,31,,,31425,筑波大学 サッカー同好会,4348080,SECOND_HALF,False,intercept passSucceeded passSucceededFrom8 passSucceededTo5 passSucceededFrom8To5 backwardPassSucceeded mediumPassSucceeded,passSucceeded backwardPassSucceeded mediumPassSucceeded intercept,0.609886,0.421577,476365,,,0.516446,0.240249
115404973,118575,5400000,0,476365,44,,,31425,筑波大学 サッカー同好会,4351718,SECOND_HALF,False,passSucceeded passReceived passSucceededFrom5 passSucceededTo2 passSucceededFrom5To2 backwardPassSucceeded mediumPassSucceeded,passSucceeded backwardPassSucceeded mediumPassSucceeded passReceived,0.516446,0.240249,476352,,,0.622004,0.0730458
115404974,118575,5400000,0,476352,12,,,31425,筑波大学 サッカー同好会,4354200,SECOND_HALF,False,passSucceeded passReceived passSucceededFrom2 passSucceededTo6 passSucceededFrom2To6 forwardPassSucceeded mediumPassSucceeded,passSucceeded forwardPassSucceeded mediumPassSucceeded passReceived,0.622004,0.0730458,476355,,,0.797966,0.21311
115404975,118575,5400000,0,476355,31,,,31425,筑波大学 サッカー同好会,4356320,SECOND_HALF,False,passReceived passReceivedFrom6,passReceived,0.797966,0.21311,,,,,
115404976,118575,5400000,0,476355,31,,,31425,筑波大学 サッカー同好会,4357400,SECOND_HALF,False,passSucceeded passSucceededFrom6 passSucceededTo6 passSucceededFrom6To6 forwardPassSucceeded shortPassSucceeded,passSucceeded forwardPassSucceeded shortPassSucceeded,0.793031,0.214842,476359,,,0.684519,0.276223
115404977,118575,5400000,0,476359,16,,,31425,筑波大学 サッカー同好会,4358120,SECOND_HALF,False,passReceived passReceivedFrom6,passReceived,0.684519,0.276223,,,,,
115404984,118575,5400000,0,476359,16,,,31425,筑波大学 サッカー同好会,4360920,SECOND_HALF,False,passSucceeded passSucceededFrom6 passSucceededTo6 passSucceededFrom6To6 backwardPassSucceeded shortPassSucceeded,passSucceeded backwardPassSucceeded shortPassSucceeded,0.688908,0.312565,476355,,,0.780571,0.24801
115404985,118575,5400000,0,476355,31,,,31425,筑波大学 サッカー同好会,4361960,SECOND_HALF,False,passReceived passReceivedFrom6,passReceived,0.780571,0.24801,,,,,
115404988,118575,5400000,0,476355,31,,,31425,筑波大学 サッカー同好会,4362840,SECOND_HALF,False,passSucceeded passSucceededFrom6 passSucceededTo5 passSucceededFrom6To5 sidewaysPassSucceeded shortPassSucceeded,passSucceeded sidewaysPassSucceeded shortPassSucceeded,0.778012,0.249311,476359,,,0.658088,0.285962
115404989,118575,5400000,0,476359,16,,,31425,筑波大学 サッカー同好会,4363920,SECOND_HALF,False,passReceived passReceivedFrom5,passReceived,0.658088,0.285962,,,,,
115404996,118575,5400000,0,476359,16,,,31425,筑波大学 サッカー同好会,4365080,SECOND_HALF,False,passSucceeded passSucceededFrom5 passSucceededTo5 passSucceededFrom5To5 backwardPassSucceeded shortPassSucceeded,passSucceeded backwardPassSucceeded shortPassSucceeded,0.623596,0.307215,476365,,,0.460063,0.237639
115404997,118575,5400000,0,476365,44,,,31425,筑波大学 サッカー同好会,4366320,SECOND_HALF,False,passReceived passReceivedFrom5,passReceived,0.460063,0.237639,,,,,
115405050,118575,5400000,0,476365,44,,,31425,筑波大学 サッカー同好会,4369000,SECOND_HALF,False,attackRouteStart passSucceeded passSucceededFrom5 passSucceededTo6 passSucceededFrom5To6 sidewaysPassSucceeded mediumPassSucceeded,passSucceeded sidewaysPassSucceeded mediumPassSucceeded,0.536807,0.264556,476355,,,0.774894,0.263293
115405051,118575,5400000,0,476355,31,,,31425,筑波大学 サッカー同好会,4370880,SECOND_HALF,False,passSucceeded passReceived passSucceededFrom6 passSucceededTo9 passSucceededFrom6To9 forwardPassSucceeded shortPassSucceeded,passSucceeded forwardPassSucceeded shortPassSucceeded passReceived,0.774894,0.263293,476359,,,0.721558,0.363173
115405052,118575,5400000,0,476359,16,,,31425,筑波大学 サッカー同好会,4372120,SECOND_HALF,False,passReceived passReceivedFrom9,passReceived,0.721558,0.363173,,,,,
115405013,118575,5400000,0,476359,16,,,31425,筑波大学 サッカー同好会,4373720,SECOND_HALF,False,passSucceeded passSucceededFrom9 passSucceededTo9 passSucceededFrom9To9 sidewaysPassSucceeded shortPassSucceeded,passSucceeded sidewaysPassSucceeded shortPassSucceeded,0.744962,0.369985,476366,,,0.915875,0.374613
115405014,118575,5400000,0,476366,77,,,31425,筑波大学 サッカー同好会,4374760,SECOND_HALF,False,passSucceeded passReceived passSucceededFrom9 passSucceededTo9 passSucceededFrom9To9 sidewaysPassSucceeded mediumPassSucceeded,passSucceeded sidewaysPassSucceeded mediumPassSucceeded passReceived,0.915875,0.374613,476359,,,0.668355,0.449668
115405015,118575,5400000,0,476359,16,,,31425,筑波大学 サッカー同好会,4377805,SECOND_HALF,False,passSucceeded passReceived passSucceededFrom9 passSucceededTo13 passSucceededFrom9To13 forwardPassSucceeded longPassSucceeded,passSucceeded forwardPassSucceeded longPassSucceeded passReceived,0.668355,0.449668,476360,,,0.0145181,0.762228
115405016,118575,5400000,0,476360,18,,,31425,筑波大学 サッカー同好会,4382074,SECOND_HALF,False,passReceived passReceivedFrom13,passReceived,0.0145181,0.762228,,,,,
115405041,118575,5400000,0,476360,18,,,31425,筑波大学 サッカー同好会,4386080,SECOND_HALF,False,passSucceeded keyPass passSucceededFrom13 passSucceededTo14 passSucceededFrom13To14 sidewaysPassSucceeded mediumPassSucceeded keyPassFrom4To5,passSucceeded sidewaysPassSucceeded mediumPassSucceeded keyPass,0.0641626,0.817809,476354,,,0.354659,0.755535
115405042,118575,5400000,0,476354,29,,,31425,筑波大学 サッカー同好会,4387701,SECOND_HALF,False,passReceived passReceivedFrom14,passReceived,0.354659,0.755535,,,,,
115405037,118575,5400000,0,476354,29,,,31425,筑波大学 サッカー同好会,4388960,SECOND_HALF,False,shot footLeft attackRouteEnd shotOutOfPenaltyArea,shot,0.340351,0.787548,,,,,
115400048,118575,5400000,0,476367,1,,,31424,筑波大学 - C3,4409160,SECOND_HALF,False,goalKickSucceeded passSucceeded passSucceededFrom2 passSucceededTo2 passSucceededFrom2To2 forwardPassSucceeded shortPassSucceeded,goalKickSucceeded passSucceeded forwardPassSucceeded shortPassSucceeded,0.486265,0.0343825,476369,,,0.608294,0.109306
115400049,118575,5400000,0,476369,30,,,31424,筑波大学 - C3,4410548,SECOND_HALF,False,dribbleToSpace passReceived passReceivedFrom2,dribbleToSpace passReceived,0.608294,0.109306,,,,,
115400051,118575,5400000,0,476369,30,,,31424,筑波大学 - C3,4416800,SECOND_HALF,False,passSucceeded passSucceededFrom5 passSucceededTo6 passSucceededFrom5To6 forwardPassSucceeded shortPassSucceeded,passSucceeded forwardPassSucceeded shortPassSucceeded,0.579115,0.201743,476373,,,0.750964,0.283928
115400052,118575,5400000,0,476373,39,,,31424,筑波大学 - C3,4418160,SECOND_HALF,False,passReceived passReceivedFrom6,passReceived,0.750964,0.283928,,,,,
115400077,118575,5400000,0,476373,39,,,31424,筑波大学 - C3,4418800,SECOND_HALF,False,passSucceeded passSucceededFrom6 passSucceededTo8 passSucceededFrom6To8 sidewaysPassSucceeded shortPassSucceeded,passSucceeded sidewaysPassSucceeded shortPassSucceeded,0.757339,0.286405,476380,,,0.584748,0.349102
115400078,118575,5400000,0,476380,58,,,31424,筑波大学 - C3,4420120,SECOND_HALF,False,passFailed passReceived passFailedFrom8 passFailedTo12 passFailedFrom8To12 forwardPassFailed longPassFailed,passFailed forwardPassFailed longPassFailed passReceived,0.584748,0.349102,,,,0.91007,0.546172
115400079,118575,5400000,0,,,,,31424,筑波大学 - C3,4422240,SECOND_HALF,False,,,0.91007,0.546172,,,,,
115405065,118575,5400000,0,476364,55,,,31425,筑波大学 サッカー同好会,4422320,SECOND_HALF,False,cutoff,cutoff,0.0992306,0.449869,,,,,
115400081,118575,5400000,0,476373,39,,,31424,筑波大学 - C3,4425320,SECOND_HALF,False,possession,possession,0.826311,0.331713,,,,,
115400085,118575,5400000,0,476373,39,,,31424,筑波大学 - C3,4426998,SECOND_HALF,False,passSucceeded passSucceededFrom6 passSucceededTo5 passSucceededFrom6To5 sidewaysPassSucceeded mediumPassSucceeded,passSucceeded sidewaysPassSucceeded mediumPassSucceeded,0.737651,0.313367,476368,,,0.381423,0.248079
115400086,118575,5400000,0,476368,40,,,31424,筑波大学 - C3,4428520,SECOND_HALF,False,passReceived passReceivedFrom5,passReceived,0.381423,0.248079,,,,,
115400108,118575,5400000,0,476368,40,,,31424,筑波大学 - C3,4430760,SECOND_HALF,False,passFailed passFailedFrom5 passFailedTo13 passFailedFrom5To13 forwardPassFailed longPassFailed,passFailed forwardPassFailed longPassFailed,0.378107,0.277541,,,,0.0139989,0.780534
115400109,118575,5400000,0,,,,,31424,筑波大学 - C3,4435182,SECOND_HALF,False,,,0.0139989,0.780534,,,,,
115405089,118575,5400000,0,476366,77,,,31425,筑波大学 サッカー同好会,4435400,SECOND_HALF,False,cutoff,cutoff,0.989411,0.210857,,,,,
115341487,118575,5400000,0,476377,24,,,31424,筑波大学 - C3,4458900,SECOND_HALF,False,changeOut,changeOut,0.583333,0.915,,,,,
115341488,118575,5400000,0,476381,10,,,31424,筑波大学 - C3,4458900,SECOND_HALF,False,changeIn,changeIn,0.583333,0.915,,,,,
115341489,118575,5400000,0,476373,39,,,31424,筑波大学 - C3,4463700,SECOND_HALF,False,changeOut,changeOut,0.875,0.58,,,,,
115341490,118575,5400000,0,476378,29,,,31424,筑波大学 - C3,4463700,SECOND_HALF,False,changeIn,changeIn,0.875,0.58,,,,,
115400115,118575,5400000,0,476370,14,,,31424,筑波大学 - C3,4476400,SECOND_HALF,False,throwIn passSucceeded passSucceededFrom13 passSucceededTo13 passSucceededFrom13To13 sidewaysPassSucceeded shortPassSucceeded,throwIn passSucceeded sidewaysPassSucceeded shortPassSucceeded,0.0,0.782586,476380,,,0.0838738,0.805091
115400116,118575,5400000,0,476380,58,,,31424,筑波大学 - C3,4478640,SECOND_HALF,False,passReceived passReceivedFrom13,passReceived,0.0838738,0.805091,,,,,
115400117,118575,5400000,0,476380,58,,,31424,筑波大学 - C3,4479595,SECOND_HALF,False,passSucceeded passSucceededFrom13 passSucceededTo13 passSucceededFrom13To13 sidewaysPassSucceeded shortPassSucceeded,passSucceeded sidewaysPassSucceeded shortPassSucceeded,0.0679311,0.824057,476370,,,0.0171685,0.825693
115400118,118575,5400000,0,476370,14,,,31424,筑波大学 - C3,4480641,SECOND_HALF,False,passReceived passReceivedFrom13,passReceived,0.0171685,0.825693,,,,,
115400120,118575,5400000,0,476370,14,,,31424,筑波大学 - C3,4481407,SECOND_HALF,False,passSucceeded passSucceededFrom13 passSucceededTo16 passSucceededFrom13To16 forwardPassSucceeded shortPassSucceeded,passSucceeded forwardPassSucceeded shortPassSucceeded,0.0108293,0.810298,476376,,,0.00765977,0.863667
115400121,118575,5400000,0,476376,19,,,31424,筑波大学 - C3,4482102,SECOND_HALF,False,passReceived passReceivedFrom16,passReceived,0.00765977,0.863667,,,,,
115400123,118575,5400000,0,476376,19,,,31424,筑波大学 - C3,4482510,SECOND_HALF,False,passFailed passFailedFrom16 passFailedTo16 passFailedFrom16To16 forwardPassFailed shortPassFailed,passFailed forwardPassFailed shortPassFailed,0.00449019,0.848272,,,,0.0187533,0.922169
115400124,118575,5400000,0,,,,,31424,筑波大学 - C3,4483347,SECOND_HALF,False,,,0.0187533,0.922169,,,,,
115405125,118575,5400000,0,476366,77,,,31425,筑波大学 サッカー同好会,4483640,SECOND_HALF,False,tackleSucceeded,tackleSucceeded,0.998036,0.0681441,,,,,
115405143,118575,5400000,0,476366,77,,,31425,筑波大学 サッカー同好会,4486080,SECOND_HALF,False,clearance,clearance,1.0,0.00761712,,,,,
115400133,118575,5400000,0,476376,19,,,31424,筑波大学 - C3,4486268,SECOND_HALF,False,possession,possession,0.00607498,0.937564,,,,,
115405145,118575,5400000,0,476366,77,,,31425,筑波大学 サッカー同好会,4487400,SECOND_HALF,False,tackleFailed,tackleFailed,1.0,0.0115093,,,,,
115400134,118575,5400000,0,476376,19,,,31424,筑波大学 - C3,4489312,SECOND_HALF,False,passSucceeded passSucceededFrom16 passSucceededTo13 passSucceededFrom16To13 backwardPassSucceeded shortPassSucceeded,passSucceeded backwardPassSucceeded shortPassSucceeded,0.0139989,0.885221,476381,,,0.0187533,0.803113
115400135,118575,5400000,0,476381,10,,,31424,筑波大学 - C3,4490679,SECOND_HALF,False,passReceived passReceivedFrom13,passReceived,0.0187533,0.803113,,,,,
115400150,118575,5400000,0,476381,10,,,31424,筑波大学 - C3,4491626,SECOND_HALF,False,passFailed passFailedFrom13 passFailedTo13 passFailedFrom13To13 sidewaysPassFailed mediumPassFailed,passFailed sidewaysPassFailed mediumPassFailed,0.0124141,0.807219,,,,0.236261,0.819345
115400151,118575,5400000,0,,,,,31424,筑波大学 - C3,4493080,SECOND_HALF,False,,,0.236261,0.819345,,,,,
115405157,118575,5400000,0,476356,14,,,31425,筑波大学 サッカー同好会,4493520,SECOND_HALF,False,intercept passFailed passFailedFrom6 passFailedTo9 passFailedFrom6To9 forwardPassFailed mediumPassFailed,passFailed forwardPassFailed mediumPassFailed intercept,0.808868,0.170543,,,,0.988439,0.347639
115400154,118575,5400000,0,476381,10,,,31424,筑波大学 - C3,4496520,SECOND_HALF,False,intercept passSucceeded passSucceededFrom10 passSucceededTo7 passSucceededFrom10To7 backwardPassSucceeded mediumPassSucceeded,passSucceeded backwardPassSucceeded mediumPassSucceeded intercept,-0.000711589,0.660467,476368,,,0.0751276,0.492036
115405158,118575,5400000,0,,,,,31425,筑波大学 サッカー同好会,4496600,SECOND_HALF,False,,,0.988439,0.347639,,,,,
115400157,118575,5400000,0,476368,40,,,31424,筑波大学 - C3,4498366,SECOND_HALF,False,passReceived passReceivedFrom7,passReceived,0.0751276,0.492036,,,,,
115400160,118575,5400000,0,476368,40,,,31424,筑波大学 - C3,4500801,SECOND_HALF,False,pause,pause,0.130302,0.489564,,,,,
115400170,118575,5400000,0,476368,40,,,31424,筑波大学 - C3,4541480,SECOND_HALF,False,ballReceived,ballReceived,0.149549,0.482015,,,,,
115400173,118575,5400000,0,476368,40,,,31424,筑波大学 - C3,4542666,SECOND_HALF,False,passSucceeded passSucceededFrom7 passSucceededTo8 passSucceededFrom7To8 sidewaysPassSucceeded shortPassSucceeded,passSucceeded sidewaysPassSucceeded shortPassSucceeded,0.185736,0.479716,476380,,,0.346792,0.497678
115400174,118575,5400000,0,476380,58,,,31424,筑波大学 - C3,4543720,SECOND_HALF,False,passReceived passReceivedFrom8,passReceived,0.346792,0.497678,,,,,
115400184,118575,5400000,0,476380,58,,,31424,筑波大学 - C3,4545200,SECOND_HALF,False,passSucceeded passSucceededFrom8 passSucceededTo12 passSucceededFrom8To12 sidewaysPassSucceeded longPassSucceeded,passSucceeded sidewaysPassSucceeded longPassSucceeded,0.391572,0.499931,476378,,,0.876579,0.512301
115400185,118575,5400000,0,476378,29,,,31424,筑波大学 - C3,4547567,SECOND_HALF,False,passReceived passReceivedFrom12,passReceived,0.876579,0.512301,,,,,
115400190,118575,5400000,0,476378,29,,,31424,筑波大学 - C3,4551677,SECOND_HALF,False,passSucceeded passSucceededFrom12 passSucceededTo8 passSucceededFrom12To8 backwardPassSucceeded mediumPassSucceeded,passSucceeded backwardPassSucceeded mediumPassSucceeded,0.835596,0.537114,476369,,,0.646911,0.393861
115400191,118575,5400000,0,476369,30,,,31424,筑波大学 - C3,4553638,SECOND_HALF,False,passReceived passReceivedFrom8,passReceived,0.646911,0.393861,,,,,
115400196,118575,5400000,0,476369,30,,,31424,筑波大学 - C3,4554749,SECOND_HALF,False,passSucceeded passSucceededFrom8 passSucceededTo7 passSucceededFrom8To7 sidewaysPassSucceeded mediumPassSucceeded,passSucceeded sidewaysPassSucceeded mediumPassSucceeded,0.599313,0.419,476368,,,0.300878,0.424678
115400197,118575,5400000,0,476368,40,,,31424,筑波大学 - C3,4556520,SECOND_HALF,False,passReceived passReceivedFrom7,passReceived,0.300878,0.424678,,,,,
115400203,118575,5400000,0,476368,40,,,31424,筑波大学 - C3,4558312,SECOND_HALF,False,passSucceeded passSucceededFrom7 passSucceededTo11 passSucceededFrom7To11 forwardPassSucceeded shortPassSucceeded,passSucceeded forwardPassSucceeded shortPassSucceeded,0.285067,0.471555,476380,,,0.388008,0.554738
115400204,118575,5400000,0,476380,58,,,31424,筑波大学 - C3,4559280,SECOND_HALF,False,passSucceeded passReceived passSucceededFrom11 passSucceededTo8 passSucceededFrom11To8 backwardPassSucceeded mediumPassSucceeded,passSucceeded backwardPassSucceeded mediumPassSucceeded passReceived,0.388008,0.554738,476369,,,0.437137,0.415156
115400205,118575,5400000,0,476369,30,,,31424,筑波大学 - C3,4561627,SECOND_HALF,False,passReceived passReceivedFrom8,passReceived,0.437137,0.415156,,,,,
115400213,118575,5400000,0,476369,30,,,31424,筑波大学 - C3,4565339,SECOND_HALF,False,passSucceeded passSucceededFrom8 passSucceededTo11 passSucceededFrom8To11 forwardPassSucceeded shortPassSucceeded,passSucceeded forwardPassSucceeded shortPassSucceeded,0.569747,0.471907,476380,,,0.473587,0.587581
115400214,118575,5400000,0,476380,58,,,31424,筑波大学 - C3,4566640,SECOND_HALF,False,passReceived passReceivedFrom11,passReceived,0.473587,0.587581,,,,,
115400216,118575,5400000,0,476380,58,,,31424,筑波大学 - C3,4567441,SECOND_HALF,False,passSucceeded passSucceededFrom11 passSucceededTo8 passSucceededFrom11To8 backwardPassSucceeded mediumPassSucceeded,passSucceeded backwardPassSucceeded mediumPassSucceeded,0.486265,0.568081,476369,,,0.592219,0.440287
115400217,118575,5400000,0,476369,30,,,31424,筑波大学 - C3,4568800,SECOND_HALF,False,passReceived passReceivedFrom8,passReceived,0.592219,0.440287,,,,,
115400222,118575,5400000,0,476369,30,,,31424,筑波大学 - C3,4569449,SECOND_HALF,False,passSucceeded passSucceededFrom8 passSucceededTo12 passSucceededFrom8To12 sidewaysPassSucceeded mediumPassSucceeded,passSucceeded sidewaysPassSucceeded mediumPassSucceeded,0.601229,0.440688,476379,,,0.882164,0.506435
115400223,118575,5400000,0,476379,6,,,31424,筑波大学 - C3,4571343,SECOND_HALF,False,passReceived passReceivedFrom12,passReceived,0.882164,0.506435,,,,,
115400232,118575,5400000,0,476379,6,,,31424,筑波大学 - C3,4572000,SECOND_HALF,False,passSucceeded passSucceededFrom12 passSucceededTo12 passSucceededFrom12To12 forwardPassSucceeded shortPassSucceeded,passSucceeded forwardPassSucceeded shortPassSucceeded,0.894974,0.523451,476378,,,0.985172,0.641798
115400234,118575,5400000,0,476378,29,,,31424,筑波大学 - C3,4573000,SECOND_HALF,False,passReceived passReceivedFrom12,passReceived,0.985172,0.641798,,,,,
115400242,118575,5400000,0,476378,29,,,31424,筑波大学 - C3,4574440,SECOND_HALF,False,dribbleToSpace,dribbleToSpace,0.966494,0.684093,,,,,
115405205,118575,5400000,0,476359,16,,,31425,筑波大学 サッカー同好会,4577200,SECOND_HALF,False,cutoff,cutoff,0.36253,0.246419,,,,,
115400244,118575,5400000,0,476380,58,,,31424,筑波大学 - C3,4578680,SECOND_HALF,False,possession,possession,0.654782,0.727964,,,,,
115405212,118575,5400000,0,476356,14,,,31425,筑波大学 サッカー同好会,4580640,SECOND_HALF,False,tackleFailed,tackleFailed,0.349031,0.274555,,,,,
115405218,118575,5400000,0,476354,29,,,31425,筑波大学 サッカー同好会,4581880,SECOND_HALF,False,tackleSucceeded,tackleSucceeded,0.390452,0.234616,,,,,
115405220,118575,5400000,0,476354,29,,,31425,筑波大学 サッカー同好会,4583040,SECOND_HALF,False,foulCommitted,foulCommitted,0.445574,0.230956,,,,,
115400257,118575,5400000,0,476380,58,,,31424,筑波大学 - C3,4583649,SECOND_HALF,False,foulConceded,foulConceded,0.529402,0.780863,,,,,
115405277,118575,5400000,0,476354,29,,,31425,筑波大学 サッカー同好会,4586160,SECOND_HALF,False,attackRouteStart freeKick passSucceeded passSucceededFrom5 passSucceededTo5 passSucceededFrom5To5 forwardPassSucceeded shortPassSucceeded,freeKick passSucceeded forwardPassSucceeded shortPassSucceeded,0.477755,0.230402,476359,,,0.476781,0.329354
115405278,118575,5400000,0,476359,16,,,31425,筑波大学 サッカー同好会,4587160,SECOND_HALF,False,passReceived passReceivedFrom5,passReceived,0.476781,0.329354,,,,,
115405252,118575,5400000,0,476359,16,,,31425,筑波大学 サッカー同好会,4588680,SECOND_HALF,False,passSucceeded keyPass passSucceededFrom8 passSucceededTo13 passSucceededFrom8To13 forwardPassSucceeded longPassSucceeded keyPassFrom0To1,passSucceeded forwardPassSucceeded longPassSucceeded keyPass,0.51068,0.366356,476360,,,0.192181,0.700287
115405253,118575,5400000,0,476360,18,,,31425,筑波大学 サッカー同好会,4591960,SECOND_HALF,False,dribbleToSpace passReceived passReceivedFrom13,dribbleToSpace passReceived,0.192181,0.700287,,,,,
115405256,118575,5400000,0,476360,18,,,31425,筑波大学 サッカー同好会,4594760,SECOND_HALF,False,dribbleSucceeded,dribbleSucceeded,0.237287,0.841221,,,,,
115405265,118575,5400000,0,476360,18,,,31425,筑波大学 サッカー同好会,4596960,SECOND_HALF,False,shotOnTarget footRight attackRouteEnd shotOnTargetInPenaltyArea shotOnTargetInGoalArea,shotOnTarget,0.39048,0.982078,,,,,
115400274,118575,5400000,0,476367,1,,,31424,筑波大学 - C3,4597160,SECOND_HALF,False,saveByPunching lowerBody,saveByPunching,0.575013,0.014882,,,,,
115405300,118575,5400000,0,476359,16,,,31425,筑波大学 サッカー同好会,4632240,SECOND_HALF,False,attackRouteStart cornerKick crossSucceeded keyPass keyPassFrom4To8,cornerKick keyPass crossSucceeded,0.0132474,0.997874,476355,,,0.504429,0.934531
115405301,118575,5400000,0,476355,31,,,31425,筑波大学 サッカー同好会,4633920,SECOND_HALF,False,shotBlocked footLeft attackRouteEnd crossReceived shotBlockedInPenaltyArea,shotBlocked crossReceived,0.504429,0.934531,,,,,
115400286,118575,5400000,0,476368,40,,,31424,筑波大学 - C3,4634200,SECOND_HALF,False,block,block,0.568674,0.0518303,,,,,
115400292,118575,5400000,0,476376,19,,,31424,筑波大学 - C3,4635215,SECOND_HALF,False,clearance,clearance,0.552826,0.0384879,,,,,
115405312,118575,5400000,0,476366,77,,,31425,筑波大学 サッカー同好会,4646200,SECOND_HALF,False,throwIn passSucceeded passSucceededFrom15 passSucceededTo9 passSucceededFrom15To9 backwardPassSucceeded mediumPassSucceeded,throwIn passSucceeded backwardPassSucceeded mediumPassSucceeded,0.995002,0.713958,476365,,,0.903351,0.466661
115405313,118575,5400000,0,476365,44,,,31425,筑波大学 サッカー同好会,4650000,SECOND_HALF,False,passReceived passReceivedFrom9,passReceived,0.903351,0.466661,,,,,
115405329,118575,5400000,0,476365,44,,,31425,筑波大学 サッカー同好会,4654160,SECOND_HALF,False,passSucceeded passSucceededFrom12 passSucceededTo12 passSucceededFrom12To12 forwardPassSucceeded shortPassSucceeded,passSucceeded forwardPassSucceeded shortPassSucceeded,0.781168,0.514749,476359,,,0.692915,0.586546
115405330,118575,5400000,0,476359,16,,,31425,筑波大学 サッカー同好会,4655040,SECOND_HALF,False,passFailed passReceived passFailedFrom12 passFailedTo12 passFailedFrom12To12 sidewaysPassFailed mediumPassFailed,passFailed sidewaysPassFailed mediumPassFailed passReceived,0.692915,0.586546,,,,1.0,0.610904
115405331,118575,5400000,0,,,,,31425,筑波大学 サッカー同好会,4657560,SECOND_HALF,False,,,1.0,0.610904,,,,,
115400312,118575,5400000,0,476370,14,,,31424,筑波大学 - C3,4662600,SECOND_HALF,False,throwIn passSucceeded passSucceededFrom7 passSucceededTo7 passSucceededFrom7To7 sidewaysPassSucceeded shortPassSucceeded,throwIn passSucceeded sidewaysPassSucceeded shortPassSucceeded,0.0,0.369997,476380,,,0.0728628,0.357753
115400313,118575,5400000,0,476380,58,,,31424,筑波大学 - C3,4664120,SECOND_HALF,False,passSucceeded passReceived passSucceededFrom7 passSucceededTo7 passSucceededFrom7To7 forwardPassSucceeded shortPassSucceeded,passSucceeded forwardPassSucceeded shortPassSucceeded passReceived,0.0728628,0.357753,476370,,,0.00765977,0.384365
115400314,118575,5400000,0,476370,14,,,31424,筑波大学 - C3,4665080,SECOND_HALF,False,passSucceeded passReceived passSucceededFrom7 passSucceededTo4 passSucceededFrom7To4 backwardPassSucceeded mediumPassSucceeded,passSucceeded backwardPassSucceeded mediumPassSucceeded passReceived,0.00765977,0.384365,476368,,,0.164554,0.210913
115400315,118575,5400000,0,476368,40,,,31424,筑波大学 - C3,4666600,SECOND_HALF,False,passReceived passReceivedFrom4,passReceived,0.164554,0.210913,,,,,
115400318,118575,5400000,0,476368,40,,,31424,筑波大学 - C3,4670200,SECOND_HALF,False,passSucceeded passSucceededFrom4 passSucceededTo5 passSucceededFrom4To5 sidewaysPassSucceeded shortPassSucceeded,passSucceeded sidewaysPassSucceeded shortPassSucceeded,0.271844,0.249933,476369,,,0.489372,0.253318
115400319,118575,5400000,0,476369,30,,,31424,筑波大学 - C3,4672121,SECOND_HALF,False,passReceived passReceivedFrom5,passReceived,0.489372,0.253318,,,,,
115400332,118575,5400000,0,476369,30,,,31424,筑波大学 - C3,4677117,SECOND_HALF,False,passSucceeded passSucceededFrom5 passSucceededTo9 passSucceededFrom5To9 sidewaysPassSucceeded mediumPassSucceeded,passSucceeded sidewaysPassSucceeded mediumPassSucceeded,0.588305,0.278323,476379,,,0.829471,0.339696
115400333,118575,5400000,0,476379,6,,,31424,筑波大学 - C3,4678650,SECOND_HALF,False,passSucceeded passReceived passSucceededFrom9 passSucceededTo5 passSucceededFrom9To5 backwardPassSucceeded mediumPassSucceeded,passSucceeded backwardPassSucceeded mediumPassSucceeded passReceived,0.829471,0.339696,476369,,,0.639778,0.255279
115400334,118575,5400000,0,476369,30,,,31424,筑波大学 - C3,4680040,SECOND_HALF,False,passReceived passReceivedFrom5,passReceived,0.639778,0.255279,,,,,
115400341,118575,5400000,0,476369,30,,,31424,筑波大学 - C3,4680781,SECOND_HALF,False,passSucceeded passSucceededFrom5 passSucceededTo2 passSucceededFrom5To2 backwardPassSucceeded shortPassSucceeded,passSucceeded backwardPassSucceeded shortPassSucceeded,0.628463,0.247996,476367,,,0.533809,0.141122
115400342,118575,5400000,0,476367,1,,,31424,筑波大学 - C3,4682346,SECOND_HALF,False,passReceived passReceivedFrom2,passReceived,0.533809,0.141122,,,,,
115400346,118575,5400000,0,476367,1,,,31424,筑波大学 - C3,4683540,SECOND_HALF,False,passSucceeded passSucceededFrom2 passSucceededTo4 passSucceededFrom2To4 sidewaysPassSucceeded mediumPassSucceeded,passSucceeded sidewaysPassSucceeded mediumPassSucceeded,0.505283,0.149333,476368,,,0.272738,0.190643
115400347,118575,5400000,0,476368,40,,,31424,筑波大学 - C3,4685080,SECOND_HALF,False,passReceived passReceivedFrom4,passReceived,0.272738,0.190643,,,,,
115400352,118575,5400000,0,476368,40,,,31424,筑波大学 - C3,4687492,SECOND_HALF,False,passSucceeded passSucceededFrom4 passSucceededTo5 passSucceededFrom4To5 sidewaysPassSucceeded mediumPassSucceeded,passSucceeded sidewaysPassSucceeded mediumPassSucceeded,0.282166,0.188724,476369,,,0.595748,0.24203
115400353,118575,5400000,0,476369,30,,,31424,筑波大学 - C3,4689680,SECOND_HALF,False,passReceived passReceivedFrom5,passReceived,0.595748,0.24203,,,,,
115400354,118575,5400000,0,476369,30,,,31424,筑波大学 - C3,4691640,SECOND_HALF,False,passSucceeded passSucceededFrom5 passSucceededTo6 passSucceededFrom5To6 sidewaysPassSucceeded mediumPassSucceeded,passSucceeded sidewaysPassSucceeded mediumPassSucceeded,0.617295,0.270352,476379,,,0.865586,0.303101
115400355,118575,5400000,0,476379,6,,,31424,筑波大学 - C3,4693241,SECOND_HALF,False,passReceived passReceivedFrom6,passReceived,0.865586,0.303101,,,,,
115400366,118575,5400000,0,476379,6,,,31424,筑波大学 - C3,4694194,SECOND_HALF,False,passSucceeded passSucceededFrom6 passSucceededTo12 passSucceededFrom6To12 forwardPassSucceeded mediumPassSucceeded,passSucceeded forwardPassSucceeded mediumPassSucceeded,0.882092,0.318836,476376,,,0.872764,0.601249
115400367,118575,5400000,0,476376,19,,,31424,筑波大学 - C3,4695800,SECOND_HALF,False,passFailed passReceived passFailedFrom12 passFailedTo9 passFailedFrom12To9 backwardPassFailed shortPassFailed,passFailed backwardPassFailed shortPassFailed passReceived,0.872764,0.601249,,,,1.0,0.488401
115400368,118575,5400000,0,,,,,31424,筑波大学 - C3,4698659,SECOND_HALF,False,,,1.0,0.488401,,,,,
115405353,118575,5400000,0,476360,18,,,31425,筑波大学 サッカー同好会,4705600,SECOND_HALF,False,throwIn passSucceeded passSucceededFrom10 passSucceededTo10 passSucceededFrom10To10 sidewaysPassSucceeded shortPassSucceeded,throwIn passSucceeded sidewaysPassSucceeded shortPassSucceeded,-0.00539935,0.548354,476356,,,0.110524,0.555399
115405354,118575,5400000,0,476356,14,,,31425,筑波大学 サッカー同好会,4706600,SECOND_HALF,False,passReceived passReceivedFrom10,passReceived,0.110524,0.555399,,,,,
115405355,118575,5400000,0,476356,14,,,31425,筑波大学 サッカー同好会,4708520,SECOND_HALF,False,controlUnderPressure,controlUnderPressure,0.157445,0.566743,,,,,
115405358,118575,5400000,0,476356,14,,,31425,筑波大学 サッカー同好会,4709982,SECOND_HALF,False,passSucceeded passSucceededFrom10 passSucceededTo7 passSucceededFrom10To7 backwardPassSucceeded mediumPassSucceeded,passSucceeded backwardPassSucceeded mediumPassSucceeded,0.192629,0.555827,476365,,,0.31135,0.419412
115405359,118575,5400000,0,476365,44,,,31425,筑波大学 サッカー同好会,4713347,SECOND_HALF,False,passSucceeded passReceived passSucceededFrom7 passSucceededTo8 passSucceededFrom7To8 sidewaysPassSucceeded mediumPassSucceeded,passSucceeded sidewaysPassSucceeded mediumPassSucceeded passReceived,0.31135,0.419412,476355,,,0.602097,0.401221
115405360,118575,5400000,0,476355,31,,,31425,筑波大学 サッカー同好会,4715120,SECOND_HALF,False,passReceived passReceivedFrom8,passReceived,0.602097,0.401221,,,,,
115405361,118575,5400000,0,476355,31,,,31425,筑波大学 サッカー同好会,4716000,SECOND_HALF,False,passSucceeded passSucceededFrom8 passSucceededTo8 passSucceededFrom8To8 sidewaysPassSucceeded shortPassSucceeded,passSucceeded sidewaysPassSucceeded shortPassSucceeded,0.593765,0.400551,476365,,,0.441965,0.408248
115405362,118575,5400000,0,476365,44,,,31425,筑波大学 サッカー同好会,4717440,SECOND_HALF,False,passReceived passReceivedFrom8,passReceived,0.441965,0.408248,,,,,
115405363,118575,5400000,0,476365,44,,,31425,筑波大学 サッカー同好会,4718901,SECOND_HALF,False,passSucceeded passSucceededFrom8 passSucceededTo10 passSucceededFrom8To10 forwardPassSucceeded shortPassSucceeded,passSucceeded forwardPassSucceeded shortPassSucceeded,0.423593,0.438062,476354,,,0.265492,0.514748
115405364,118575,5400000,0,476354,29,,,31425,筑波大学 サッカー同好会,4720280,SECOND_HALF,False,passReceived passReceivedFrom10,passReceived,0.265492,0.514748,,,,,
115405366,118575,5400000,0,476354,29,,,31425,筑波大学 サッカー同好会,4721240,SECOND_HALF,False,passSucceeded passSucceededFrom10 passSucceededTo11 passSucceededFrom10To11 forwardPassSucceeded shortPassSucceeded,passSucceeded forwardPassSucceeded shortPassSucceeded,0.27378,0.526166,476356,,,0.340949,0.612507
115405367,118575,5400000,0,476356,14,,,31425,筑波大学 サッカー同好会,4722240,SECOND_HALF,False,passReceived passReceivedFrom11,passReceived,0.340949,0.612507,,,,,
115405370,118575,5400000,0,476356,14,,,31425,筑波大学 サッカー同好会,4723840,SECOND_HALF,False,passSucceeded passSucceededFrom10 passSucceededTo13 passSucceededFrom10To13 sidewaysPassSucceeded shortPassSucceeded,passSucceeded sidewaysPassSucceeded shortPassSucceeded,0.225547,0.645335,476360,,,0.0726906,0.668866
115405371,118575,5400000,0,476360,18,,,31425,筑波大学 サッカー同好会,4724600,SECOND_HALF,False,passReceived passReceivedFrom13,passReceived,0.0726906,0.668866,,,,,
115405381,118575,5400000,0,476360,18,,,31425,筑波大学 サッカー同好会,4725880,SECOND_HALF,False,passSucceeded passSucceededFrom13 passSucceededTo13 passSucceededFrom13To13 forwardPassSucceeded shortPassSucceeded,passSucceeded forwardPassSucceeded shortPassSucceeded,0.0637208,0.691552,476356,,,0.0187376,0.824157
115405382,118575,5400000,0,476356,14,,,31425,筑波大学 サッカー同好会,4728160,SECOND_HALF,False,passReceived passReceivedFrom13,passReceived,0.0187376,0.824157,,,,,
115400381,118575,5400000,0,476378,29,,,31424,筑波大学 - C3,4729280,SECOND_HALF,False,cutoff,cutoff,0.99234,0.149438,,,,,
115405403,118575,5400000,0,476356,14,,,31425,筑波大学 サッカー同好会,4732912,SECOND_HALF,False,attackRouteStart throwIn passSucceeded keyPass passSucceededFrom16 passSucceededTo16 passSucceededFrom16To16 sidewaysPassSucceeded mediumPassSucceeded keyPassFrom4To7,throwIn passSucceeded sidewaysPassSucceeded mediumPassSucceeded keyPass,-0.0112952,0.861011,476363,,,0.249659,0.906818
115405405,118575,5400000,0,476363,32,,,31425,筑波大学 サッカー同好会,4735640,SECOND_HALF,False,shot footRight attackRouteEnd passReceived passReceivedFrom16 shotInPenaltyArea,shot passReceived,0.249659,0.906818,,,,,
115400392,118575,5400000,0,476367,1,,,31424,筑波大学 - C3,4752920,SECOND_HALF,False,goalKickSucceeded passSucceeded passSucceededFrom2 passSucceededTo2 passSucceededFrom2To2 sidewaysPassSucceeded shortPassSucceeded,goalKickSucceeded passSucceeded sidewaysPassSucceeded shortPassSucceeded,0.432382,0.050804,476369,,,0.584522,0.1052
115400393,118575,5400000,0,476369,30,,,31424,筑波大学 - C3,4754960,SECOND_HALF,False,passReceived passReceivedFrom2,passReceived,0.584522,0.1052,,,,,
115400394,118575,5400000,0,476369,30,,,31424,筑波大学 - C3,4756136,SECOND_HALF,False,passSucceeded passSucceededFrom2 passSucceededTo5 passSucceededFrom2To5 forwardPassSucceeded shortPassSucceeded,passSucceeded forwardPassSucceeded shortPassSucceeded,0.641574,0.146254,476380,,,0.567076,0.25098
115400395,118575,5400000,0,476380,58,,,31424,筑波大学 - C3,4757722,SECOND_HALF,False,passReceived passReceivedFrom5,passReceived,0.567076,0.25098,,,,,
115400398,118575,5400000,0,476380,58,,,31424,筑波大学 - C3,4758622,SECOND_HALF,False,passSucceeded passSucceededFrom5 passSucceededTo6 passSucceededFrom5To6 sidewaysPassSucceeded shortPassSucceeded,passSucceeded sidewaysPassSucceeded shortPassSucceeded,0.613595,0.229608,476379,,,0.807387,0.289769
115400400,118575,5400000,0,476379,6,,,31424,筑波大学 - C3,4759800,SECOND_HALF,False,passReceived passReceivedFrom6,passReceived,0.807387,0.289769,,,,,
115400408,118575,5400000,0,476379,6,,,31424,筑波大学 - C3,4760721,SECOND_HALF,False,passSucceeded passSucceededFrom6 passSucceededTo3 passSucceededFrom6To3 backwardPassSucceeded mediumPassSucceeded,passSucceeded backwardPassSucceeded mediumPassSucceeded,0.81022,0.293788,476369,,,0.676439,0.154465
115400409,118575,5400000,0,476369,30,,,31424,筑波大学 - C3,4762333,SECOND_HALF,False,passReceived passReceivedFrom3,passReceived,0.676439,0.154465,,,,,
115400412,118575,5400000,0,476369,30,,,31424,筑波大学 - C3,4767651,SECOND_HALF,False,dribbleToSpace,dribbleToSpace,0.612566,0.235814,,,,,
115400416,118575,5400000,0,476369,30,,,31424,筑波大学 - C3,4769360,SECOND_HALF,False,passFailed passFailedFrom5 passFailedTo11 passFailedFrom5To11 forwardPassFailed longPassFailed,passFailed forwardPassFailed longPassFailed,0.648496,0.318914,,,,0.525047,0.60888
115400417,118575,5400000,0,,,,,31424,筑波大学 - C3,4770840,SECOND_HALF,False,,,0.525047,0.60888,,,,,
115405413,118575,5400000,0,476355,31,,,31425,筑波大学 サッカー同好会,4771040,SECOND_HALF,False,clearance,clearance,0.487229,0.379853,,,,,
115400420,118575,5400000,0,476376,19,,,31424,筑波大学 - C3,4772800,SECOND_HALF,False,aerialDuelSucceeded possession,duelSucceeded aerialDuelSucceeded possession,0.511237,0.536621,,,,,
115405416,118575,5400000,0,476359,16,,,31425,筑波大学 サッカー同好会,4772880,SECOND_HALF,False,aerialDuelFailed,duelFailed aerialDuelFailed,0.49544,0.457376,,,,,
115400425,118575,5400000,0,476376,19,,,31424,筑波大学 - C3,4776627,SECOND_HALF,False,passSucceeded passSucceededFrom11 passSucceededTo7 passSucceededFrom11To7 backwardPassSucceeded mediumPassSucceeded,passSucceeded backwardPassSucceeded mediumPassSucceeded,0.335243,0.605273,476370,,,0.0659133,0.470332
115400427,118575,5400000,0,476370,14,,,31424,筑波大学 - C3,4779800,SECOND_HALF,False,passReceived passReceivedFrom7,passReceived,0.0659133,0.470332,,,,,
115400431,118575,5400000,0,476370,14,,,31424,筑波大学 - C3,4785107,SECOND_HALF,False,passSucceeded passSucceededFrom7 passSucceededTo4 passSucceededFrom7To4 backwardPassSucceeded shortPassSucceeded,passSucceeded backwardPassSucceeded shortPassSucceeded,0.191656,0.436363,476368,,,0.185075,0.326159
115400432,118575,5400000,0,476368,40,,,31424,筑波大学 - C3,4787120,SECOND_HALF,False,passReceived passReceivedFrom4,passReceived,0.185075,0.326159,,,,,
115400439,118575,5400000,0,476368,40,,,31424,筑波大学 - C3,4788960,SECOND_HALF,False,passSucceeded passSucceededFrom7 passSucceededTo8 passSucceededFrom7To8 sidewaysPassSucceeded mediumPassSucceeded,passSucceeded sidewaysPassSucceeded mediumPassSucceeded,0.222918,0.333646,476369,,,0.528248,0.335542
115400440,118575,5400000,0,476369,30,,,31424,筑波大学 - C3,4791038,SECOND_HALF,False,passReceived passReceivedFrom8,passReceived,0.528248,0.335542,,,,,
115400446,118575,5400000,0,476369,30,,,31424,筑波大学 - C3,4795822,SECOND_HALF,False,passSucceeded passSucceededFrom8 passSucceededTo7 passSucceededFrom8To7 sidewaysPassSucceeded mediumPassSucceeded,passSucceeded sidewaysPassSucceeded mediumPassSucceeded,0.597526,0.369846,476368,,,0.271351,0.348648
115400447,118575,5400000,0,476368,40,,,31424,筑波大学 - C3,4797920,SECOND_HALF,False,passReceived passReceivedFrom7,passReceived,0.271351,0.348648,,,,,
115400449,118575,5400000,0,476368,40,,,31424,筑波大学 - C3,4799631,SECOND_HALF,False,passSucceeded passSucceededFrom7 passSucceededTo8 passSucceededFrom7To8 sidewaysPassSucceeded mediumPassSucceeded,passSucceeded sidewaysPassSucceeded mediumPassSucceeded,0.296548,0.343329,476369,,,0.572309,0.351252
115400450,118575,5400000,0,476369,30,,,31424,筑波大学 - C3,4801253,SECOND_HALF,False,passReceived passReceivedFrom8,passReceived,0.572309,0.351252,,,,,
115400456,118575,5400000,0,476369,30,,,31424,筑波大学 - C3,4804816,SECOND_HALF,False,passFailed passFailedFrom9 passFailedTo12 passFailedFrom9To12 forwardPassFailed mediumPassFailed,passFailed forwardPassFailed mediumPassFailed,0.691963,0.458316,,,,0.670811,0.605253
115400457,118575,5400000,0,,,,,31424,筑波大学 - C3,4805920,SECOND_HALF,False,,,0.670811,0.605253,,,,,
115405431,118575,5400000,0,476354,29,,,31425,筑波大学 サッカー同好会,4806080,SECOND_HALF,False,intercept,intercept,0.338316,0.391788,,,,,
115405432,118575,5400000,0,476354,29,,,31425,筑波大学 サッカー同好会,4807204,SECOND_HALF,False,foulConceded,foulConceded,0.353872,0.420667,,,,,
115400463,118575,5400000,0,476376,19,,,31424,筑波大学 - C3,4807269,SECOND_HALF,False,foulCommitted,foulCommitted,0.642926,0.572152,,,,,
115400472,118575,5400000,0,476380,58,,,31424,筑波大学 - C3,4815160,SECOND_HALF,False,freeKick passSucceeded passSucceededFrom11 passSucceededTo12 passSucceededFrom11To12 sidewaysPassSucceeded mediumPassSucceeded,freeKick passSucceeded sidewaysPassSucceeded mediumPassSucceeded,0.644744,0.528053,476379,,,0.882278,0.569878
115400473,118575,5400000,0,476379,6,,,31424,筑波大学 - C3,4817029,SECOND_HALF,False,passReceived passReceivedFrom12,passReceived,0.882278,0.569878,,,,,
115400476,118575,5400000,0,476379,6,,,31424,筑波大学 - C3,4818672,SECOND_HALF,False,passSucceeded passSucceededFrom12 passSucceededTo9 passSucceededFrom12To9 backwardPassSucceeded mediumPassSucceeded,passSucceeded backwardPassSucceeded mediumPassSucceeded,0.885408,0.589785,476369,,,0.679394,0.439875
115400477,118575,5400000,0,476369,30,,,31424,筑波大学 - C3,4820754,SECOND_HALF,False,passReceived passReceivedFrom9,passReceived,0.679394,0.439875,,,,,
115400482,118575,5400000,0,476369,30,,,31424,筑波大学 - C3,4827311,SECOND_HALF,False,passSucceeded passSucceededFrom11 passSucceededTo8 passSucceededFrom11To8 sidewaysPassSucceeded mediumPassSucceeded,passSucceeded sidewaysPassSucceeded mediumPassSucceeded,0.628262,0.507276,476368,,,0.370715,0.469948
115400483,118575,5400000,0,476368,40,,,31424,筑波大学 - C3,4828800,SECOND_HALF,False,passReceived passReceivedFrom8,passReceived,0.370715,0.469948,,,,,
115400486,118575,5400000,0,476368,40,,,31424,筑波大学 - C3,4830120,SECOND_HALF,False,passSucceeded passSucceededFrom8 passSucceededTo10 passSucceededFrom8To10 sidewaysPassSucceeded mediumPassSucceeded,passSucceeded sidewaysPassSucceeded mediumPassSucceeded,0.367383,0.476431,476370,,,0.0580529,0.515894
115400487,118575,5400000,0,476370,14,,,31424,筑波大学 - C3,4832250,SECOND_HALF,False,passReceived passReceivedFrom10,passReceived,0.0580529,0.515894,,,,,
115400490,118575,5400000,0,476370,14,,,31424,筑波大学 - C3,4835960,SECOND_HALF,False,passSucceeded passSucceededFrom10 passSucceededTo7 passSucceededFrom10To7 backwardPassSucceeded shortPassSucceeded,passSucceeded backwardPassSucceeded shortPassSucceeded,0.148093,0.544465,476368,,,0.178559,0.433055
115400491,118575,5400000,0,476368,40,,,31424,筑波大学 - C3,4837480,SECOND_HALF,False,passReceived passReceivedFrom7,passReceived,0.178559,0.433055,,,,,
115400494,118575,5400000,0,476368,40,,,31424,筑波大学 - C3,4840027,SECOND_HALF,False,passSucceeded passSucceededFrom7 passSucceededTo13 passSucceededFrom7To13 forwardPassSucceeded longPassSucceeded,passSucceeded forwardPassSucceeded longPassSucceeded,0.245118,0.450317,476381,,,0.0373299,0.798548
115400495,118575,5400000,0,476381,10,,,31424,筑波大学 - C3,4842638,SECOND_HALF,False,passFailed passReceived passFailedFrom13 passFailedTo13 passFailedFrom13To13 sidewaysPassFailed shortPassFailed,passFailed sidewaysPassFailed shortPassFailed passReceived,0.0373299,0.798548,,,,0.200424,0.797041
115400496,118575,5400000,0,,,,,31424,筑波大学 - C3,4844472,SECOND_HALF,False,,,0.200424,0.797041,,,,,
115405438,118575,5400000,0,476355,31,,,31425,筑波大学 サッカー同好会,4844640,SECOND_HALF,False,intercept,intercept,0.849639,0.197012,,,,,
115405441,118575,5400000,0,476355,31,,,31425,筑波大学 サッカー同好会,4848920,SECOND_HALF,False,passFailed passFailedFrom6 passFailedTo15 passFailedFrom6To15 forwardPassFailed longPassFailed,passFailed forwardPassFailed longPassFailed,0.84161,0.316063,,,,0.693393,0.772028
115400499,118575,5400000,0,476369,30,,,31424,筑波大学 - C3,4853566,SECOND_HALF,False,intercept passSucceeded passSucceededFrom4 passSucceededTo2 passSucceededFrom4To2 backwardPassSucceeded mediumPassSucceeded,passSucceeded backwardPassSucceeded mediumPassSucceeded intercept,0.298035,0.231293,476367,,,0.508452,0.0785152
115405442,118575,5400000,0,,,,,31425,筑波大学 サッカー同好会,4853640,SECOND_HALF,False,,,0.693393,0.772028,,,,,
115400500,118575,5400000,0,476367,1,,,31424,筑波大学 - C3,4855310,SECOND_HALF,False,passReceived passReceivedFrom2,passReceived,0.508452,0.0785152,,,,,
115400504,118575,5400000,0,476367,1,,,31424,筑波大学 - C3,4856949,SECOND_HALF,False,passSucceeded passSucceededFrom2 passSucceededTo5 passSucceededFrom2To5 forwardPassSucceeded shortPassSucceeded,passSucceeded forwardPassSucceeded shortPassSucceeded,0.494189,0.0703045,476369,,,0.544902,0.168833
115400505,118575,5400000,0,476369,30,,,31424,筑波大学 - C3,4858954,SECOND_HALF,False,passReceived passReceivedFrom5,passReceived,0.544902,0.168833,,,,,
115400508,118575,5400000,0,476369,30,,,31424,筑波大学 - C3,4866386,SECOND_HALF,False,passSucceeded passSucceededFrom5 passSucceededTo4 passSucceededFrom5To4 sidewaysPassSucceeded mediumPassSucceeded,passSucceeded sidewaysPassSucceeded mediumPassSucceeded,0.543317,0.187308,476368,,,0.29926,0.16986
115400509,118575,5400000,0,476368,40,,,31424,筑波大学 - C3,4868838,SECOND_HALF,False,passReceived passReceivedFrom4,passReceived,0.29926,0.16986,,,,,
115400513,118575,5400000,0,476368,40,,,31424,筑波大学 - C3,4870038,SECOND_HALF,False,passSucceeded passSucceededFrom4 passSucceededTo5 passSucceededFrom4To5 forwardPassSucceeded shortPassSucceeded,passSucceeded forwardPassSucceeded shortPassSucceeded,0.298268,0.167743,476380,,,0.334559,0.270139
115400514,118575,5400000,0,476380,58,,,31424,筑波大学 - C3,4871040,SECOND_HALF,False,passReceived passReceivedFrom5,passReceived,0.334559,0.270139,,,,,
115400515,118575,5400000,0,476380,58,,,31424,筑波大学 - C3,4873305,SECOND_HALF,False,passSucceeded passSucceededFrom4 passSucceededTo4 passSucceededFrom4To4 sidewaysPassSucceeded mediumPassSucceeded,passSucceeded sidewaysPassSucceeded mediumPassSucceeded,0.270577,0.28751,476370,,,0.047385,0.232346
115400516,118575,5400000,0,476370,14,,,31424,筑波大学 - C3,4874960,SECOND_HALF,False,passReceived passReceivedFrom4,passReceived,0.047385,0.232346,,,,,
115400520,118575,5400000,0,476370,14,,,31424,筑波大学 - C3,4879811,SECOND_HALF,False,pause,pause,0.0608321,0.273446,,,,,
115400524,118575,5400000,0,476370,14,,,31424,筑波大学 - C3,4939360,SECOND_HALF,False,ballReceived,ballReceived,0.0595249,0.272128,,,,,
115400525,118575,5400000,0,476370,14,,,31424,筑波大学 - C3,4940411,SECOND_HALF,False,passSucceeded passSucceededFrom4 passSucceededTo5 passSucceededFrom4To5 sidewaysPassSucceeded mediumPassSucceeded,passSucceeded sidewaysPassSucceeded mediumPassSucceeded,0.0691254,0.260181,476369,,,0.447756,0.208513
115400526,118575,5400000,0,476369,30,,,31424,筑波大学 - C3,4942880,SECOND_HALF,False,passReceived passReceivedFrom5,passReceived,0.447756,0.208513,,,,,
115400528,118575,5400000,0,476369,30,,,31424,筑波大学 - C3,4944720,SECOND_HALF,False,passSucceeded passSucceededFrom5 passSucceededTo8 passSucceededFrom5To8 forwardPassSucceeded shortPassSucceeded,passSucceeded forwardPassSucceeded shortPassSucceeded,0.452935,0.241517,476380,,,0.448656,0.339683
115400529,118575,5400000,0,476380,58,,,31424,筑波大学 - C3,4945840,SECOND_HALF,False,passReceived passReceivedFrom8,passReceived,0.448656,0.339683,,,,,
115400532,118575,5400000,0,476380,58,,,31424,筑波大学 - C3,4947080,SECOND_HALF,False,dribbleToSpace,dribbleToSpace,0.527351,0.343304,,,,,
115400539,118575,5400000,0,476380,58,,,31424,筑波大学 - C3,4949978,SECOND_HALF,False,passSucceeded passSucceededFrom8 passSucceededTo13 passSucceededFrom8To13 forwardPassSucceeded longPassSucceeded,passSucceeded forwardPassSucceeded longPassSucceeded,0.58518,0.481334,476381,,,0.243809,0.77048
115400540,118575,5400000,0,476381,10,,,31424,筑波大学 - C3,4952080,SECOND_HALF,False,passReceived passReceivedFrom13,passReceived,0.243809,0.77048,,,,,
115405484,118575,5400000,0,476355,31,,,31425,筑波大学 サッカー同好会,4958280,SECOND_HALF,False,tackleSucceeded,tackleSucceeded,0.650019,0.0641696,,,,,
115405495,118575,5400000,0,476355,31,,,31425,筑波大学 サッカー同好会,4960840,SECOND_HALF,False,passSucceeded passSucceededFrom2 passSucceededTo4 passSucceededFrom2To4 forwardPassSucceeded mediumPassSucceeded,passSucceeded forwardPassSucceeded mediumPassSucceeded,0.637069,0.122313,476360,,,0.293505,0.280426
115405496,118575,5400000,0,476360,18,,,31425,筑波大学 サッカー同好会,4962800,SECOND_HALF,False,passReceived passReceivedFrom4,passReceived,0.293505,0.280426,,,,,
115405503,118575,5400000,0,476360,18,,,31425,筑波大学 サッカー同好会,4964160,SECOND_HALF,False,passFailed passFailedFrom5 passFailedTo10 passFailedFrom5To10 forwardPassFailed longPassFailed,passFailed forwardPassFailed longPassFailed,0.366751,0.264145,,,,0.25015,0.58254
115405504,118575,5400000,0,,,,,31425,筑波大学 サッカー同好会,4967767,SECOND_HALF,False,,,0.25015,0.58254,,,,,
115400546,118575,5400000,0,476369,30,,,31424,筑波大学 - C3,4968070,SECOND_HALF,False,intercept passSucceeded passSucceededFrom9 passSucceededTo5 passSucceededFrom9To5 backwardPassSucceeded mediumPassSucceeded,passSucceeded backwardPassSucceeded mediumPassSucceeded intercept,0.752783,0.414989,476367,,,0.561683,0.195695
115400547,118575,5400000,0,476367,1,,,31424,筑波大学 - C3,4970856,SECOND_HALF,False,passReceived passReceivedFrom5,passReceived,0.561683,0.195695,,,,,
115400552,118575,5400000,0,476367,1,,,31424,筑波大学 - C3,4971850,SECOND_HALF,False,passSucceeded passSucceededFrom5 passSucceededTo5 passSucceededFrom5To5 forwardPassSucceeded shortPassSucceeded,passSucceeded forwardPassSucceeded shortPassSucceeded,0.541279,0.186335,476368,,,0.381673,0.271134
115400553,118575,5400000,0,476368,40,,,31424,筑波大学 - C3,4974247,SECOND_HALF,False,passReceived passReceivedFrom5,passReceived,0.381673,0.271134,,,,,
115400555,118575,5400000,0,476368,40,,,31424,筑波大学 - C3,4976960,SECOND_HALF,False,passSucceeded passSucceededFrom5 passSucceededTo7 passSucceededFrom5To7 sidewaysPassSucceeded mediumPassSucceeded,passSucceeded sidewaysPassSucceeded mediumPassSucceeded,0.384662,0.297813,476370,,,0.137546,0.374435
115400556,118575,5400000,0,476370,14,,,31424,筑波大学 - C3,4978640,SECOND_HALF,False,passReceived passReceivedFrom7,passReceived,0.137546,0.374435,,,,,
115400560,118575,5400000,0,476370,14,,,31424,筑波大学 - C3,4986991,SECOND_HALF,False,passSucceeded passSucceededFrom7 passSucceededTo8 passSucceededFrom7To8 sidewaysPassSucceeded mediumPassSucceeded,passSucceeded sidewaysPassSucceeded mediumPassSucceeded,0.202394,0.385421,476369,,,0.537258,0.346291
115400561,118575,5400000,0,476369,30,,,31424,筑波大学 - C3,4989120,SECOND_HALF,False,passReceived passReceivedFrom8,passReceived,0.537258,0.346291,,,,,
115400563,118575,5400000,0,476369,30,,,31424,筑波大学 - C3,4990113,SECOND_HALF,False,passSucceeded passSucceededFrom8 passSucceededTo9 passSucceededFrom8To9 sidewaysPassSucceeded mediumPassSucceeded,passSucceeded sidewaysPassSucceeded mediumPassSucceeded,0.554946,0.352941,476378,,,0.859173,0.422992
115400564,118575,5400000,0,476378,29,,,31424,筑波大学 - C3,4991920,SECOND_HALF,False,passReceived passReceivedFrom9,passReceived,0.859173,0.422992,,,,,
115400565,118575,5400000,0,476378,29,,,31424,筑波大学 - C3,4993465,SECOND_HALF,False,passSucceeded passSucceededFrom9 passSucceededTo12 passSucceededFrom9To12 forwardPassSucceeded shortPassSucceeded,passSucceeded forwardPassSucceeded shortPassSucceeded,0.870705,0.426704,476375,,,0.995314,0.539389
115400566,118575,5400000,0,476375,55,,,31424,筑波大学 - C3,4994680,SECOND_HALF,False,passReceived passReceivedFrom12,passReceived,0.995314,0.539389,,,,,
115400576,118575,5400000,0,476375,55,,,31424,筑波大学 - C3,4997760,SECOND_HALF,False,passSucceeded passSucceededFrom9 passSucceededTo6 passSucceededFrom9To6 backwardPassSucceeded mediumPassSucceeded,passSucceeded backwardPassSucceeded mediumPassSucceeded,0.874391,0.498623,476369,,,0.802234,0.319149
115400577,118575,5400000,0,476369,30,,,31424,筑波大学 - C3,4999560,SECOND_HALF,False,passReceived passReceivedFrom6,passReceived,0.802234,0.319149,,,,,
115400582,118575,5400000,0,476369,30,,,31424,筑波大学 - C3,5000680,SECOND_HALF,False,passSucceeded passSucceededFrom6 passSucceededTo8 passSucceededFrom6To8 sidewaysPassSucceeded mediumPassSucceeded,passSucceeded sidewaysPassSucceeded mediumPassSucceeded,0.752558,0.319579,476368,,,0.366232,0.346109
115400583,118575,5400000,0,476368,40,,,31424,筑波大学 - C3,5003000,SECOND_HALF,False,passReceived passReceivedFrom8,passReceived,0.366232,0.346109,,,,,
115400587,118575,5400000,0,476368,40,,,31424,筑波大学 - C3,5005040,SECOND_HALF,False,passSucceeded passSucceededFrom8 passSucceededTo8 passSucceededFrom8To8 forwardPassSucceeded shortPassSucceeded,passSucceeded forwardPassSucceeded shortPassSucceeded,0.337164,0.391755,476380,,,0.369932,0.483618
115400588,118575,5400000,0,476380,58,,,31424,筑波大学 - C3,5006080,SECOND_HALF,False,passSucceeded passReceived passSucceededFrom8 passSucceededTo7 passSucceededFrom8To7 backwardPassSucceeded shortPassSucceeded,passSucceeded backwardPassSucceeded shortPassSucceeded passReceived,0.369932,0.483618,476368,,,0.260052,0.440094
115400589,118575,5400000,0,476368,40,,,31424,筑波大学 - C3,5007240,SECOND_HALF,False,passReceived passReceivedFrom7,passReceived,0.260052,0.440094,,,,,
115400592,118575,5400000,0,476368,40,,,31424,筑波大学 - C3,5008097,SECOND_HALF,False,passSucceeded passSucceededFrom7 passSucceededTo8 passSucceededFrom7To8 sidewaysPassSucceeded mediumPassSucceeded,passSucceeded sidewaysPassSucceeded mediumPassSucceeded,0.248486,0.440224,476369,,,0.558897,0.401814
115400593,118575,5400000,0,476369,30,,,31424,筑波大学 - C3,5010369,SECOND_HALF,False,passReceived passReceivedFrom8,passReceived,0.558897,0.401814,,,,,
115400597,118575,5400000,0,476369,30,,,31424,筑波大学 - C3,5015480,SECOND_HALF,False,passSucceeded passSucceededFrom11 passSucceededTo8 passSucceededFrom11To8 sidewaysPassSucceeded mediumPassSucceeded,passSucceeded sidewaysPassSucceeded mediumPassSucceeded,0.607152,0.506852,476368,,,0.373745,0.487
115400598,118575,5400000,0,476368,40,,,31424,筑波大学 - C3,5017360,SECOND_HALF,False,passReceived passReceivedFrom8,passReceived,0.373745,0.487,,,,,
115400602,118575,5400000,0,476368,40,,,31424,筑波大学 - C3,5019640,SECOND_HALF,False,passSucceeded passSucceededFrom10 passSucceededTo16 passSucceededFrom10To16 forwardPassSucceeded longPassSucceeded,passSucceeded forwardPassSucceeded longPassSucceeded,0.296425,0.57273,476376,,,0.0567881,0.901642
115400603,118575,5400000,0,476376,19,,,31424,筑波大学 - C3,5023640,SECOND_HALF,False,passReceived passReceivedFrom16,passReceived,0.0567881,0.901642,,,,,
115405525,118575,5400000,0,476366,77,,,31425,筑波大学 サッカー同好会,5027360,SECOND_HALF,False,tackleFailed,tackleFailed,0.914938,0.115987,,,,,
115400615,118575,5400000,0,476376,19,,,31424,筑波大学 - C3,5028603,SECOND_HALF,False,passSucceeded passSucceededFrom13 passSucceededTo13 passSucceededFrom13To13 backwardPassSucceeded shortPassSucceeded,passSucceeded backwardPassSucceeded shortPassSucceeded,0.0694664,0.826719,476368,,,0.0187533,0.691242
115400616,118575,5400000,0,476368,40,,,31424,筑波大学 - C3,5030240,SECOND_HALF,False,passReceived passReceivedFrom13,passReceived,0.0187533,0.691242,,,,,
115400617,118575,5400000,0,476368,40,,,31424,筑波大学 - C3,5031792,SECOND_HALF,False,passSucceeded passSucceededFrom13 passSucceededTo13 passSucceededFrom13To13 sidewaysPassSucceeded mediumPassSucceeded,passSucceeded sidewaysPassSucceeded mediumPassSucceeded,0.0047316,0.698987,476380,,,0.280341,0.705764
115400618,118575,5400000,0,476380,58,,,31424,筑波大学 - C3,5033320,SECOND_HALF,False,passReceived passReceivedFrom13,passReceived,0.280341,0.705764,,,,,
115400625,118575,5400000,0,476380,58,,,31424,筑波大学 - C3,5034720,SECOND_HALF,False,passFailed passFailedFrom14 passFailedTo18 passFailedFrom14To18 forwardPassFailed longPassFailed,passFailed forwardPassFailed longPassFailed,0.34068,0.708775,,,,0.922376,1.0
115400626,118575,5400000,0,,,,,31424,筑波大学 - C3,5038421,SECOND_HALF,False,,,0.922376,1.0,,,,,
115405540,118575,5400000,0,476352,12,,,31425,筑波大学 サッカー同好会,5057480,SECOND_HALF,False,goalKickFailed passFailed passFailedFrom2 passFailedTo7 passFailedFrom2To7 forwardPassFailed longPassFailed,goalKickFailed passFailed forwardPassFailed longPassFailed,0.39524,0.0333122,,,,0.0716118,0.408003
115400637,118575,5400000,0,476375,55,,,31424,筑波大学 - C3,5060240,SECOND_HALF,False,intercept passFailed passFailedFrom12 passFailedTo15 passFailedFrom12To15 forwardPassFailed shortPassFailed,passFailed forwardPassFailed shortPassFailed intercept,0.927123,0.594199,,,,0.90826,0.71266
115405541,118575,5400000,0,,,,,31425,筑波大学 サッカー同好会,5060280,SECOND_HALF,False,,,0.0716118,0.408003,,,,,
115400638,118575,5400000,0,,,,,31424,筑波大学 - C3,5062205,SECOND_HALF,False,,,0.90826,0.71266,,,,,
115405552,118575,5400000,0,476364,55,,,31425,筑波大学 サッカー同好会,5062520,SECOND_HALF,False,intercept passSucceeded passSucceededFrom4 passSucceededTo7 passSucceededFrom4To7 forwardPassSucceeded shortPassSucceeded,passSucceeded forwardPassSucceeded shortPassSucceeded intercept,0.0965545,0.273916,476354,,,0.178163,0.338205
115405553,118575,5400000,0,476354,29,,,31425,筑波大学 サッカー同好会,5063920,SECOND_HALF,False,clearance passReceived passReceivedFrom7,clearance passReceived,0.178163,0.338205,,,,,
115400651,118575,5400000,0,476378,29,,,31424,筑波大学 - C3,5066520,SECOND_HALF,False,possession passSucceeded passSucceededFrom12 passSucceededTo12 passSucceededFrom12To12 forwardPassSucceeded shortPassSucceeded,passSucceeded forwardPassSucceeded shortPassSucceeded possession,0.906977,0.507848,476375,,,0.883676,0.612008
115400652,118575,5400000,0,476375,55,,,31424,筑波大学 - C3,5068080,SECOND_HALF,False,passSucceeded passReceived passSucceededFrom12 passSucceededTo12 passSucceededFrom12To12 forwardPassSucceeded shortPassSucceeded,passSucceeded forwardPassSucceeded shortPassSucceeded passReceived,0.883676,0.612008,476382,,,0.805785,0.656537
115400653,118575,5400000,0,476382,3,,,31424,筑波大学 - C3,5069680,SECOND_HALF,False,passReceived passReceivedFrom12,passReceived,0.805785,0.656537,,,,,
115400659,118575,5400000,0,476382,3,,,31424,筑波大学 - C3,5070160,SECOND_HALF,False,passSucceeded passSucceededFrom12 passSucceededTo15 passSucceededFrom12To15 forwardPassSucceeded shortPassSucceeded,passSucceeded forwardPassSucceeded shortPassSucceeded,0.79366,0.663367,476376,,,0.688666,0.719927
115400660,118575,5400000,0,476376,19,,,31424,筑波大学 - C3,5071106,SECOND_HALF,False,passReceived passReceivedFrom15,passReceived,0.688666,0.719927,,,,,
115400664,118575,5400000,0,476376,19,,,31424,筑波大学 - C3,5071600,SECOND_HALF,False,passFailed passFailedFrom15 passFailedTo14 passFailedFrom15To14 forwardPassFailed shortPassFailed,passFailed forwardPassFailed shortPassFailed,0.675897,0.720934,,,,0.608331,0.801135
115400665,118575,5400000,0,,,,,31424,筑波大学 - C3,5073120,SECOND_HALF,False,,,0.608331,0.801135,,,,,
115405559,118575,5400000,0,476365,44,,,31425,筑波大学 サッカー同好会,5073320,SECOND_HALF,False,intercept,intercept,0.402465,0.193698,,,,,
115405571,118575,5400000,0,476381,10,,,31424,筑波大学 - C3,5073680,SECOND_HALF,False,tackleFailed,tackleFailed,0.58773,0.811637,,,,,
115405565,118575,5400000,0,476365,44,,,31425,筑波大学 サッカー同好会,5075480,SECOND_HALF,False,clearance,clearance,0.489978,0.151121,,,,,
115400672,118575,5400000,0,476370,14,,,31424,筑波大学 - C3,5079600,SECOND_HALF,False,possession,possession,0.0365098,0.500908,,,,,
115400686,118575,5400000,0,476370,14,,,31424,筑波大学 - C3,5081942,SECOND_HALF,False,dribbleToSpace,dribbleToSpace,0.0605962,0.456872,,,,,
115400689,118575,5400000,0,476370,14,,,31424,筑波大学 - C3,5089349,SECOND_HALF,False,passSucceeded passSucceededFrom10 passSucceededTo7 passSucceededFrom10To7 backwardPassSucceeded shortPassSucceeded,passSucceeded backwardPassSucceeded shortPassSucceeded,0.194622,0.577106,476368,,,0.266326,0.47509
115400690,118575,5400000,0,476368,40,,,31424,筑波大学 - C3,5090760,SECOND_HALF,False,passReceived passReceivedFrom7,passReceived,0.266326,0.47509,,,,,
115400694,118575,5400000,0,476368,40,,,31424,筑波大学 - C3,5091735,SECOND_HALF,False,passSucceeded passSucceededFrom7 passSucceededTo8 passSucceededFrom7To8 sidewaysPassSucceeded shortPassSucceeded,passSucceeded sidewaysPassSucceeded shortPassSucceeded,0.291583,0.479998,476369,,,0.50012,0.498451
115400695,118575,5400000,0,476369,30,,,31424,筑波大学 - C3,5093742,SECOND_HALF,False,passReceived passReceivedFrom8,passReceived,0.50012,0.498451,,,,,
115400706,118575,5400000,0,476369,30,,,31424,筑波大学 - C3,5094867,SECOND_HALF,False,passSucceeded passSucceededFrom11 passSucceededTo13 passSucceededFrom11To13 forwardPassSucceeded longPassSucceeded,passSucceeded forwardPassSucceeded longPassSucceeded,0.514973,0.516756,476381,,,0.260473,0.822301
115400707,118575,5400000,0,476381,10,,,31424,筑波大学 - C3,5096520,SECOND_HALF,False,ballMissed passReceived passReceivedFrom13,ballMissed passReceived,0.260473,0.822301,,,,,
115405595,118575,5400000,0,476352,12,,,31425,筑波大学 サッカー同好会,5099280,SECOND_HALF,False,possession,possession,0.718646,-0.00451566,,,,,
115405602,118575,5400000,0,476352,12,,,31425,筑波大学 サッカー同好会,5107640,SECOND_HALF,False,passFailed passFailedFrom3 passFailedTo11 passFailedFrom3To11 forwardPassFailed longPassFailed,passFailed forwardPassFailed longPassFailed,0.761311,0.124844,,,,0.662386,0.57472
115405603,118575,5400000,0,,,,,31425,筑波大学 サッカー同好会,5110553,SECOND_HALF,False,,,0.662386,0.57472,,,,,
115400718,118575,5400000,0,476368,40,,,31424,筑波大学 - C3,5110560,SECOND_HALF,False,intercept passSucceeded passSucceededFrom7 passSucceededTo7 passSucceededFrom7To7 forwardPassSucceeded shortPassSucceeded,passSucceeded forwardPassSucceeded shortPassSucceeded intercept,0.318614,0.424556,476380,,,0.286921,0.492175
115400719,118575,5400000,0,476380,58,,,31424,筑波大学 - C3,5111560,SECOND_HALF,False,passFailed passReceived passFailedFrom7 passFailedTo11 passFailedFrom7To11 sidewaysPassFailed mediumPassFailed,passFailed sidewaysPassFailed mediumPassFailed passReceived,0.286921,0.492175,,,,0.521141,0.511598
115400720,118575,5400000,0,,,,,31424,筑波大学 - C3,5113299,SECOND_HALF,False,,,0.521141,0.511598,,,,,
115405633,118575,5400000,0,476360,18,,,31425,筑波大学 サッカー同好会,5113800,SECOND_HALF,False,attackRouteStart intercept,intercept,0.494196,0.493668,,,,,
115405613,118575,5400000,0,476360,18,,,31425,筑波大学 サッカー同好会,5114840,SECOND_HALF,False,dribbleToSpace,dribbleToSpace,0.551106,0.507559,,,,,
115400732,118575,5400000,0,476378,29,,,31424,筑波大学 - C3,5121360,SECOND_HALF,False,tackleFailed,tackleFailed,0.516984,0.191889,,,,,
115405619,118575,5400000,0,476360,18,,,31425,筑波大学 サッカー同好会,5121520,SECOND_HALF,False,shotBlocked footRight shotBlockedOutOfPenaltyArea,shotBlocked,0.496949,0.809106,,,,,
115400738,118575,5400000,0,476369,30,,,31424,筑波大学 - C3,5121960,SECOND_HALF,False,block,block,0.48785,0.172939,,,,,
115405629,118575,5400000,0,476356,14,,,31425,筑波大学 サッカー同好会,5123600,SECOND_HALF,False,possession shot footRight attackRouteEnd shotInPenaltyArea,shot possession,0.677199,0.947317,,,,,
115400758,118575,5400000,0,476367,1,,,31424,筑波大学 - C3,5198602,SECOND_HALF,False,goalKickSucceeded passSucceeded passSucceededFrom2 passSucceededTo2 passSucceededFrom2To2 forwardPassSucceeded shortPassSucceeded,goalKickSucceeded passSucceeded forwardPassSucceeded shortPassSucceeded,0.483096,0.0466986,476369,,,0.590861,0.095963
115400759,118575,5400000,0,476369,30,,,31424,筑波大学 - C3,5200802,SECOND_HALF,False,passReceived passReceivedFrom2,passReceived,0.590861,0.095963,,,,,
115400765,118575,5400000,0,476369,30,,,31424,筑波大学 - C3,5205000,SECOND_HALF,False,passSucceeded passSucceededFrom2 passSucceededTo6 passSucceededFrom2To6 sidewaysPassSucceeded shortPassSucceeded,passSucceeded sidewaysPassSucceeded shortPassSucceeded,0.646329,0.142148,476378,,,0.836503,0.181149
115400766,118575,5400000,0,476378,29,,,31424,筑波大学 - C3,5206767,SECOND_HALF,False,passReceived passReceivedFrom6,passReceived,0.836503,0.181149,,,,,
115400770,118575,5400000,0,476378,29,,,31424,筑波大学 - C3,5210955,SECOND_HALF,False,passSucceeded passSucceededFrom6 passSucceededTo3 passSucceededFrom6To3 backwardPassSucceeded shortPassSucceeded,passSucceeded backwardPassSucceeded shortPassSucceeded,0.809864,0.235883,476369,,,0.701796,0.142148
115400771,118575,5400000,0,476369,30,,,31424,筑波大学 - C3,5212187,SECOND_HALF,False,passReceived passReceivedFrom3,passReceived,0.701796,0.142148,,,,,
115400777,118575,5400000,0,476369,30,,,31424,筑波大学 - C3,5218960,SECOND_HALF,False,passSucceeded passSucceededFrom5 passSucceededTo2 passSucceededFrom5To2 backwardPassSucceeded shortPassSucceeded,passSucceeded backwardPassSucceeded shortPassSucceeded,0.648809,0.193135,476367,,,0.505283,0.128806
115400778,118575,5400000,0,476367,1,,,31424,筑波大学 - C3,5220675,SECOND_HALF,False,passReceived passReceivedFrom2,passReceived,0.505283,0.128806,,,,,
115400782,118575,5400000,0,476367,1,,,31424,筑波大学 - C3,5223625,SECOND_HALF,False,passSucceeded passSucceededFrom2 passSucceededTo4 passSucceededFrom2To4 sidewaysPassSucceeded shortPassSucceeded,passSucceeded sidewaysPassSucceeded shortPassSucceeded,0.494189,0.165754,476368,,,0.315108,0.232467
115400783,118575,5400000,0,476368,40,,,31424,筑波大学 - C3,5225419,SECOND_HALF,False,passReceived passReceivedFrom4,passReceived,0.315108,0.232467,,,,,
115400789,118575,5400000,0,476368,40,,,31424,筑波大学 - C3,5228248,SECOND_HALF,False,passSucceeded passSucceededFrom4 passSucceededTo5 passSucceededFrom4To5 sidewaysPassSucceeded mediumPassSucceeded,passSucceeded sidewaysPassSucceeded mediumPassSucceeded,0.285529,0.251473,476369,,,0.648094,0.272888
115400790,118575,5400000,0,476369,30,,,31424,筑波大学 - C3,5230626,SECOND_HALF,False,passReceived passReceivedFrom5,passReceived,0.648094,0.272888,,,,,
115400800,118575,5400000,0,476369,30,,,31424,筑波大学 - C3,5232240,SECOND_HALF,False,passFailed passFailedFrom6 passFailedTo9 passFailedFrom6To9 forwardPassFailed mediumPassFailed,passFailed forwardPassFailed mediumPassFailed,0.712614,0.298065,476379,,,0.687438,0.472596
115400801,118575,5400000,0,476379,6,,,31424,筑波大学 - C3,5232960,SECOND_HALF,False,hit,hit,0.687438,0.472596,,,,,
115405651,118575,5400000,0,476364,55,,,31425,筑波大学 サッカー同好会,5234920,SECOND_HALF,False,foulConceded,foulConceded,0.249886,0.357049,,,,,
115400805,118575,5400000,0,476382,3,,,31424,筑波大学 - C3,5235011,SECOND_HALF,False,foulCommitted,foulCommitted,0.739552,0.637676,,,,,
115400814,118575,5400000,0,476375,55,,,31424,筑波大学 - C3,5258000,SECOND_HALF,False,freeKick passFailed passFailedFrom12 passFailedTo17 passFailedFrom12To17 forwardPassFailed longPassFailed,freeKick passFailed forwardPassFailed longPassFailed,0.785238,0.612552,,,,0.413951,0.935895
115400815,118575,5400000,0,,,,,31424,筑波大学 - C3,5260480,SECOND_HALF,False,,,0.413951,0.935895,,,,,
115405659,118575,5400000,0,476359,16,,,31425,筑波大学 サッカー同好会,5260640,SECOND_HALF,False,clearance,clearance,0.59125,0.0597768,,,,,
115405660,118575,5400000,0,476362,9,,,31425,筑波大学 サッカー同好会,5263200,SECOND_HALF,False,possession,possession,0.780032,0.0707266,,,,,
115405661,118575,5400000,0,476362,9,,,31425,筑波大学 サッカー同好会,5263760,SECOND_HALF,False,clearance,clearance,0.818681,0.065212,,,,,
115400817,118575,5400000,0,476370,14,,,31424,筑波大学 - C3,5266440,SECOND_HALF,False,possession,possession,0.0900978,0.652622,,,,,
115400827,118575,5400000,0,476370,14,,,31424,筑波大学 - C3,5267280,SECOND_HALF,False,passSucceeded passSucceededFrom10 passSucceededTo13 passSucceededFrom10To13 forwardPassSucceeded shortPassSucceeded,passSucceeded forwardPassSucceeded shortPassSucceeded,0.0701881,0.642745,476382,,,0.018695,0.755801
115400828,118575,5400000,0,476382,3,,,31424,筑波大学 - C3,5268512,SECOND_HALF,False,passReceived passReceivedFrom13,passReceived,0.018695,0.755801,,,,,
115400833,118575,5400000,0,476382,3,,,31424,筑波大学 - C3,5269508,SECOND_HALF,False,passFailed passFailedFrom13 passFailedTo13 passFailedFrom13To13 sidewaysPassFailed shortPassFailed,passFailed sidewaysPassFailed shortPassFailed,0.00796948,0.756927,,,,0.086196,0.771065
115400834,118575,5400000,0,,,,,31424,筑波大学 - C3,5270457,SECOND_HALF,False,,,0.086196,0.771065,,,,,
115405674,118575,5400000,0,476359,16,,,31425,筑波大学 サッカー同好会,5270480,SECOND_HALF,False,intercept passSucceeded passSucceededFrom6 passSucceededTo6 passSucceededFrom6To6 sidewaysPassSucceeded shortPassSucceeded,passSucceeded sidewaysPassSucceeded shortPassSucceeded intercept,0.93147,0.216186,476362,,,0.986264,0.216541
115405675,118575,5400000,0,476362,9,,,31425,筑波大学 サッカー同好会,5271080,SECOND_HALF,False,passFailed passReceived passFailedFrom6 passFailedTo6 passFailedFrom6To6 forwardPassFailed shortPassFailed,passFailed forwardPassFailed shortPassFailed passReceived,0.986264,0.216541,,,,0.955081,0.2687
115400839,118575,5400000,0,476382,3,,,31424,筑波大学 - C3,5271820,SECOND_HALF,False,intercept,intercept,0.0329433,0.736237,,,,,
115405676,118575,5400000,0,,,,,31425,筑波大学 サッカー同好会,5271840,SECOND_HALF,False,,,0.955081,0.2687,,,,,
115405685,118575,5400000,0,476363,32,,,31425,筑波大学 サッカー同好会,5272840,SECOND_HALF,False,tackleFailed,tackleFailed,0.921042,0.280188,,,,,
115400840,118575,5400000,0,476382,3,,,31424,筑波大学 - C3,5273056,SECOND_HALF,False,controlUnderPressure,controlUnderPressure,0.066862,0.727097,,,,,
115400848,118575,5400000,0,476382,3,,,31424,筑波大学 - C3,5274560,SECOND_HALF,False,passFailed passFailedFrom13 passFailedTo13 passFailedFrom13To13 forwardPassFailed shortPassFailed,passFailed forwardPassFailed shortPassFailed,0.0139989,0.712795,,,,0.00132062,0.72819
115400849,118575,5400000,0,,,,,31424,筑波大学 - C3,5274606,SECOND_HALF,False,,,0.00132062,0.72819,,,,,
115495797,118575,5400000,0,476359,16,,,31425,筑波大学 サッカー同好会,5274880,SECOND_HALF,False,intercept,intercept,1.01207,0.264315,,,,,
115405695,118575,5400000,0,476359,16,,,31425,筑波大学 サッカー同好会,5279080,SECOND_HALF,False,foulCommitted,foulCommitted,0.987859,0.373511,,,,,
115400855,118575,5400000,0,476382,3,,,31424,筑波大学 - C3,5279776,SECOND_HALF,False,foulConceded,foulConceded,0.0139989,0.612213,,,,,
115405727,118575,5400000,0,476355,31,,,31425,筑波大学 サッカー同好会,5303880,SECOND_HALF,False,freeKick passFailed passFailedFrom9 passFailedTo15 passFailedFrom9To15 forwardPassFailed longPassFailed,freeKick passFailed forwardPassFailed longPassFailed,0.977878,0.367714,476359,,,0.890307,0.826056
115400867,118575,5400000,0,476368,40,,,31424,筑波大学 - C3,5307560,SECOND_HALF,False,aerialDuelSucceeded intercept,duelSucceeded aerialDuelSucceeded intercept,0.125843,0.168606,,,,,
115405728,118575,5400000,0,476359,16,,,31425,筑波大学 サッカー同好会,5307640,SECOND_HALF,False,aerialDuelFailed,duelFailed aerialDuelFailed,0.890307,0.826056,,,,,
115400886,118575,5400000,0,476368,40,,,31424,筑波大学 - C3,5309719,SECOND_HALF,False,passSucceeded passSucceededFrom1 passSucceededTo2 passSucceededFrom1To2 sidewaysPassSucceeded shortPassSucceeded,passSucceeded sidewaysPassSucceeded shortPassSucceeded,0.158214,0.109306,476369,,,0.349974,0.0887786
115400887,118575,5400000,0,476369,30,,,31424,筑波大学 - C3,5310709,SECOND_HALF,False,passSucceeded passReceived passSucceededFrom2 passSucceededTo4 passSucceededFrom2To4 sidewaysPassSucceeded mediumPassSucceeded,passSucceeded sidewaysPassSucceeded mediumPassSucceeded passReceived,0.349974,0.0887786,476380,,,0.0171685,0.190387
115400888,118575,5400000,0,476380,58,,,31424,筑波大学 - C3,5312195,SECOND_HALF,False,passSucceeded passReceived passSucceededFrom4 passSucceededTo4 passSucceededFrom4To4 forwardPassSucceeded shortPassSucceeded,passSucceeded forwardPassSucceeded shortPassSucceeded passReceived,0.0171685,0.190387,476370,,,0.164554,0.272494
115405738,118575,5400000,0,476354,29,,,31425,筑波大学 サッカー同好会,5314920,SECOND_HALF,False,tackleFailed,tackleFailed,0.853183,0.726446,,,,,
115400889,118575,5400000,0,476370,14,,,31424,筑波大学 - C3,5315017,SECOND_HALF,False,passReceived passReceivedFrom4,passReceived,0.164554,0.272494,,,,,
115400896,118575,5400000,0,476370,14,,,31424,筑波大学 - C3,5316956,SECOND_HALF,False,dribbleToSpace,dribbleToSpace,0.149455,0.296915,,,,,
115400901,118575,5400000,0,476370,14,,,31424,筑波大学 - C3,5321987,SECOND_HALF,False,passSucceeded passSucceededFrom8 passSucceededTo9 passSucceededFrom8To9 sidewaysPassSucceeded mediumPassSucceeded,passSucceeded sidewaysPassSucceeded mediumPassSucceeded,0.41178,0.481868,476378,,,0.758124,0.477951
115400902,118575,5400000,0,476378,29,,,31424,筑波大学 - C3,5324643,SECOND_HALF,False,passReceived passReceivedFrom9,passReceived,0.758124,0.477951,,,,,
115405848,118575,5400000,0,476360,18,,,31425,筑波大学 サッカー同好会,5325120,SECOND_HALF,False,foulCommitted,foulCommitted,0.239812,0.523481,,,,,
115400910,118575,5400000,0,476378,29,,,31424,筑波大学 - C3,5325240,SECOND_HALF,False,foulConceded,foulConceded,0.768462,0.468397,,,,,
115405861,118575,5400000,0,476365,44,,,31425,筑波大学 サッカー同好会,5357000,SECOND_HALF,False,freeKick crossFailed,freeKick crossFailed,0.134685,0.559518,,,,0.487276,0.913567
115405862,118575,5400000,0,,,,,31425,筑波大学 サッカー同好会,5359640,SECOND_HALF,False,,,0.487276,0.913567,,,,,
115400929,118575,5400000,0,476367,1,,,31424,筑波大学 - C3,5359760,SECOND_HALF,False,aerialClearanceSucceeded intercept,intercept aerialClearanceSucceeded,0.489435,0.092884,,,,,
115400936,118575,5400000,0,476367,1,,,31424,筑波大学 - C3,5366555,SECOND_HALF,False,passSucceeded passSucceededFrom2 passSucceededTo2 passSucceededFrom2To2 sidewaysPassSucceeded shortPassSucceeded,passSucceeded sidewaysPassSucceeded shortPassSucceeded,0.511622,0.125727,476368,,,0.388008,0.146254
115400937,118575,5400000,0,476368,40,,,31424,筑波大学 - C3,5367971,SECOND_HALF,False,passReceived passReceivedFrom2,passReceived,0.388008,0.146254,,,,,
115400939,118575,5400000,0,476368,40,,,31424,筑波大学 - C3,5368751,SECOND_HALF,False,passSucceeded passSucceededFrom2 passSucceededTo4 passSucceededFrom2To4 sidewaysPassSucceeded mediumPassSucceeded,passSucceeded sidewaysPassSucceeded mediumPassSucceeded,0.368991,0.144201,476370,,,0.079247,0.181742
115400940,118575,5400000,0,476370,14,,,31424,筑波大学 - C3,5370968,SECOND_HALF,False,passReceived passReceivedFrom4,passReceived,0.079247,0.181742,,,,,
115400944,118575,5400000,0,476370,14,,,31424,筑波大学 - C3,5372538,SECOND_HALF,False,passSucceeded passSucceededFrom4 passSucceededTo1 passSucceededFrom4To1 backwardPassSucceeded shortPassSucceeded,passSucceeded backwardPassSucceeded shortPassSucceeded,0.0959214,0.188429,476368,,,0.221606,0.0826206
115400945,118575,5400000,0,476368,40,,,31424,筑波大学 - C3,5374261,SECOND_HALF,False,passReceived passReceivedFrom1,passReceived,0.221606,0.0826206,,,,,
115400946,118575,5400000,0,476368,40,,,31424,筑波大学 - C3,5375657,SECOND_HALF,False,passSucceeded passSucceededFrom1 passSucceededTo4 passSucceededFrom1To4 forwardPassSucceeded shortPassSucceeded,passSucceeded forwardPassSucceeded shortPassSucceeded,0.22953,0.0836469,476380,,,0.269717,0.182451
115400947,118575,5400000,0,476380,58,,,31424,筑波大学 - C3,5377120,SECOND_HALF,False,passReceived passReceivedFrom4,passReceived,0.269717,0.182451,,,,,
115400954,118575,5400000,0,476380,58,,,31424,筑波大学 - C3,5378593,SECOND_HALF,False,passSucceeded passSucceededFrom4 passSucceededTo5 passSucceededFrom4To5 sidewaysPassSucceeded mediumPassSucceeded,passSucceeded sidewaysPassSucceeded mediumPassSucceeded,0.313365,0.197142,476369,,,0.646329,0.168833
115400955,118575,5400000,0,476369,30,,,31424,筑波大学 - C3,5380045,SECOND_HALF,False,passReceived passReceivedFrom5,passReceived,0.646329,0.168833,,,,,
115400956,118575,5400000,0,476369,30,,,31424,筑波大学 - C3,5382600,SECOND_HALF,False,passSucceeded passSucceededFrom5 passSucceededTo2 passSucceededFrom5To2 backwardPassSucceeded shortPassSucceeded,passSucceeded backwardPassSucceeded shortPassSucceeded,0.640304,0.188141,476367,,,0.511622,0.0949367
115400957,118575,5400000,0,476367,1,,,31424,筑波大学 - C3,5384350,SECOND_HALF,False,passReceived passReceivedFrom2,passReceived,0.511622,0.0949367,,,,,
115400963,118575,5400000,0,476367,1,,,31424,筑波大学 - C3,5386655,SECOND_HALF,False,passSucceeded passSucceededFrom2 passSucceededTo2 passSucceededFrom2To2 forwardPassSucceeded shortPassSucceeded,passSucceeded forwardPassSucceeded shortPassSucceeded,0.448804,0.109407,476367,,,0.475172,0.141122
115400964,118575,5400000,0,476367,1,,,31424,筑波大学 - C3,5386670,SECOND_HALF,False,passSucceeded passReceived passSucceededFrom2 passSucceededTo4 passSucceededFrom2To4 sidewaysPassSucceeded shortPassSucceeded,passSucceeded sidewaysPassSucceeded shortPassSucceeded passReceived,0.475172,0.141122,476368,,,0.311939,0.170886
115400965,118575,5400000,0,476368,40,,,31424,筑波大学 - C3,5388150,SECOND_HALF,False,passReceived passReceivedFrom4,passReceived,0.311939,0.170886,,,,,
115401013,118575,5400000,0,476368,40,,,31424,筑波大学 - C3,5389550,SECOND_HALF,False,attackRouteStart passSucceeded passSucceededFrom5 passSucceededTo6 passSucceededFrom5To6 sidewaysPassSucceeded mediumPassSucceeded,passSucceeded sidewaysPassSucceeded mediumPassSucceeded,0.37533,0.170886,476369,,,0.673239,0.186695
115401014,118575,5400000,0,476369,30,,,31424,筑波大学 - C3,5391451,SECOND_HALF,False,passReceived passReceivedFrom6,passReceived,0.673239,0.186695,,,,,
115400979,118575,5400000,0,476369,30,,,31424,筑波大学 - C3,5392080,SECOND_HALF,False,dribbleToSpace,dribbleToSpace,0.690891,0.195459,,,,,
115400981,118575,5400000,0,476369,30,,,31424,筑波大学 - C3,5394440,SECOND_HALF,False,passSucceeded passSucceededFrom6 passSucceededTo8 passSucceededFrom6To8 forwardPassSucceeded shortPassSucceeded,passSucceeded forwardPassSucceeded shortPassSucceeded,0.733586,0.299759,476379,,,0.643915,0.396903
115400982,118575,5400000,0,476379,6,,,31424,筑波大学 - C3,5395960,SECOND_HALF,False,passReceived passReceivedFrom8,passReceived,0.643915,0.396903,,,,,
115401007,118575,5400000,0,476379,6,,,31424,筑波大学 - C3,5396560,SECOND_HALF,False,passSucceeded keyPass passSucceededFrom8 passSucceededTo14 passSucceededFrom8To14 forwardPassSucceeded longPassSucceeded keyPassFrom0To5,passSucceeded forwardPassSucceeded longPassSucceeded keyPass,0.64875,0.426196,476382,,,0.383738,0.772318
115401008,118575,5400000,0,476382,3,,,31424,筑波大学 - C3,5400520,SECOND_HALF,False,shotOnTarget footRight attackRouteEnd passReceived passReceivedFrom14 shotOnTargetOutOfPenaltyArea,shotOnTarget passReceived,0.383738,0.772318,,,,,
115405887,118575,5400000,0,476352,12,,,31425,筑波大学 サッカー同好会,5402120,SECOND_HALF,False,saveByCatching hands,saveByCatching,0.488028,0.0132598,,,,,
115405912,118575,5400000,0,476352,12,,,31425,筑波大学 サッカー同好会,5404840,SECOND_HALF,False,passFailed passFailedFrom2 passFailedTo7 passFailedFrom2To7 forwardPassFailed longPassFailed,passFailed forwardPassFailed longPassFailed,0.402998,0.0834364,,,,0.00210743,0.480486
115405913,118575,5400000,0,,,,,31425,筑波大学 サッカー同好会,5408302,SECOND_HALF,False,,,0.00210743,0.480486,,,,,
115401020,118575,5400000,0,476378,29,,,31424,筑波大学 - C3,5418050,SECOND_HALF,False,throwIn passSucceeded passSucceededFrom12 passSucceededTo9 passSucceededFrom12To9 backwardPassSucceeded mediumPassSucceeded,throwIn passSucceeded backwardPassSucceeded mediumPassSucceeded,1.0,0.500925,476369,,,0.921077,0.341347
115401021,118575,5400000,0,476369,30,,,31424,筑波大学 - C3,5420858,SECOND_HALF,False,passReceived passReceivedFrom9,passReceived,0.921077,0.341347,,,,,
115401022,118575,5400000,0,476369,30,,,31424,筑波大学 - C3,5421702,SECOND_HALF,False,passSucceeded passSucceededFrom9 passSucceededTo5 passSucceededFrom9To5 sidewaysPassSucceeded longPassSucceeded,passSucceeded sidewaysPassSucceeded longPassSucceeded,0.87697,0.343045,476368,,,0.433767,0.309111
115401023,118575,5400000,0,476368,40,,,31424,筑波大学 - C3,5423800,SECOND_HALF,False,passReceived passReceivedFrom5,passReceived,0.433767,0.309111,,,,,
115401026,118575,5400000,0,476368,40,,,31424,筑波大学 - C3,5425016,SECOND_HALF,False,dribbleToSpace,dribbleToSpace,0.396362,0.325253,,,,,
115401028,118575,5400000,0,476368,40,,,31424,筑波大学 - C3,5429200,SECOND_HALF,False,passSucceeded passSucceededFrom7 passSucceededTo13 passSucceededFrom7To13 forwardPassSucceeded longPassSucceeded,passSucceeded forwardPassSucceeded longPassSucceeded,0.306897,0.463678,476381,,,0.0,0.744482
115401029,118575,5400000,0,476381,10,,,31424,筑波大学 - C3,5431760,SECOND_HALF,False,ballMissed passReceived passReceivedFrom13,ballMissed passReceived,0.0,0.744482,,,,,
115405925,118575,5400000,0,476366,77,,,31425,筑波大学 サッカー同好会,5438360,SECOND_HALF,False,throwIn passSucceeded passSucceededFrom6 passSucceededTo6 passSucceededFrom6To6 forwardPassSucceeded mediumPassSucceeded,throwIn passSucceeded forwardPassSucceeded mediumPassSucceeded,1.04892,0.221234,476359,,,0.873748,0.324324
115405926,118575,5400000,0,476359,16,,,31425,筑波大学 サッカー同好会,5439560,SECOND_HALF,False,passReceived passReceivedFrom6,passReceived,0.873748,0.324324,,,,,
115405931,118575,5400000,0,476359,16,,,31425,筑波大学 サッカー同好会,5442568,SECOND_HALF,False,passFailed passFailedFrom9 passFailedTo12 passFailedFrom9To12 forwardPassFailed mediumPassFailed,passFailed forwardPassFailed mediumPassFailed,0.91003,0.343225,,,,0.967259,0.578607
115401040,118575,5400000,0,476368,40,,,31424,筑波大学 - C3,5444752,SECOND_HALF,False,cutoff,cutoff,0.0361859,0.449025,,,,,
115405932,118575,5400000,0,,,,,31425,筑波大学 サッカー同好会,5445120,SECOND_HALF,False,,,0.967259,0.578607,,,,,
115405966,118575,5400000,0,476359,16,,,31425,筑波大学 サッカー同好会,5451680,SECOND_HALF,False,attackRouteStart throwIn passSucceeded passSucceededFrom12 passSucceededTo12 passSucceededFrom12To12 sidewaysPassSucceeded shortPassSucceeded,throwIn passSucceeded sidewaysPassSucceeded shortPassSucceeded,0.98431,0.565467,476354,,,0.83114,0.539493
115405967,118575,5400000,0,476354,29,,,31425,筑波大学 サッカー同好会,5454000,SECOND_HALF,False,passReceived passReceivedFrom12,passReceived,0.83114,0.539493,,,,,
115405957,118575,5400000,0,476354,29,,,31425,筑波大学 サッカー同好会,5455240,SECOND_HALF,False,passSucceeded keyPass passSucceededFrom12 passSucceededTo16 passSucceededFrom12To16 forwardPassSucceeded longPassSucceeded keyPassFrom2To7,passSucceeded forwardPassSucceeded longPassSucceeded keyPass,0.736201,0.541463,476360,,,0.318263,0.847202
115405958,118575,5400000,0,476360,18,,,31425,筑波大学 サッカー同好会,5458760,SECOND_HALF,False,passReceived passReceivedFrom16,passReceived,0.318263,0.847202,,,,,
115405954,118575,5400000,0,476360,18,,,31425,筑波大学 サッカー同好会,5459960,SECOND_HALF,False,shot footRight attackRouteEnd shotInPenaltyArea,shot,0.341256,0.863338,,,,,
115401053,118575,5400000,0,476367,1,,,31424,筑波大学 - C3,5469363,SECOND_HALF,False,goalKickSucceeded passSucceeded passSucceededFrom2 passSucceededTo2 passSucceededFrom2To2 forwardPassSucceeded shortPassSucceeded,goalKickSucceeded passSucceeded forwardPassSucceeded shortPassSucceeded,0.544902,0.0138556,476368,,,0.419704,0.0661991
115401054,118575,5400000,0,476368,40,,,31424,筑波大学 - C3,5471328,SECOND_HALF,False,passReceived passReceivedFrom2,passReceived,0.419704,0.0661991,,,,,
115401056,118575,5400000,0,476368,40,,,31424,筑波大学 - C3,5477301,SECOND_HALF,False,passSucceeded passSucceededFrom2 passSucceededTo2 passSucceededFrom2To2 sidewaysPassSucceeded shortPassSucceeded,passSucceeded sidewaysPassSucceeded shortPassSucceeded,0.441891,0.153438,476369,,,0.589276,0.129832
115401057,118575,5400000,0,476369,30,,,31424,筑波大学 - C3,5478768,SECOND_HALF,False,passReceived passReceivedFrom2,passReceived,0.589276,0.129832,,,,,
115401062,118575,5400000,0,476369,30,,,31424,筑波大学 - C3,5480217,SECOND_HALF,False,passSucceeded passSucceededFrom2 passSucceededTo8 passSucceededFrom2To8 forwardPassSucceeded mediumPassSucceeded,passSucceeded forwardPassSucceeded mediumPassSucceeded,0.63365,0.128806,476379,,,0.661334,0.339511
115401063,118575,5400000,0,476379,6,,,31424,筑波大学 - C3,5481840,SECOND_HALF,False,passReceived passReceivedFrom8,passReceived,0.661334,0.339511,,,,,
115401064,118575,5400000,0,476379,6,,,31424,筑波大学 - C3,5482686,SECOND_HALF,False,passSucceeded passSucceededFrom9 passSucceededTo9 passSucceededFrom9To9 sidewaysPassSucceeded mediumPassSucceeded,passSucceeded sidewaysPassSucceeded mediumPassSucceeded,0.676145,0.359769,476378,,,0.925492,0.435896
115401065,118575,5400000,0,476378,29,,,31424,筑波大学 - C3,5484970,SECOND_HALF,False,passReceived passReceivedFrom9,passReceived,0.925492,0.435896,,,,,
115406055,118575,5400000,0,476378,29,,,31424,筑波大学 - C3,5486000,SECOND_HALF,False,passSucceeded passSucceededFrom9 passSucceededTo12 passSucceededFrom9To12 forwardPassSucceeded mediumPassSucceeded,passSucceeded forwardPassSucceeded mediumPassSucceeded,0.937573,0.470867,476375,,,0.84462,0.630251
115406056,118575,5400000,0,476375,55,,,31424,筑波大学 - C3,5486960,SECOND_HALF,False,passFailed passReceived passFailedFrom12 passFailedTo14 passFailedFrom12To14 sidewaysPassFailed shortPassFailed,passFailed sidewaysPassFailed shortPassFailed passReceived,0.84462,0.630251,476376,,,0.649967,0.675889
115406057,118575,5400000,0,476376,19,,,31424,筑波大学 - C3,5486960,SECOND_HALF,False,offside,offside,0.649967,0.675889,,,,,
115406068,118575,5400000,0,476365,44,,,31425,筑波大学 サッカー同好会,5498000,SECOND_HALF,False,freeKick passSucceeded passSucceededFrom5 passSucceededTo7 passSucceededFrom5To7 forwardPassSucceeded mediumPassSucceeded,freeKick passSucceeded forwardPassSucceeded mediumPassSucceeded,0.394537,0.244215,476354,,,0.225876,0.35277
115406069,118575,5400000,0,476354,29,,,31425,筑波大学 サッカー同好会,5499480,SECOND_HALF,False,passReceived passReceivedFrom7,passReceived,0.225876,0.35277,,,,,
115406095,118575,5400000,0,476354,29,,,31425,筑波大学 サッカー同好会,5500800,SECOND_HALF,False,passSucceeded passSucceededFrom7 passSucceededTo5 passSucceededFrom7To5 backwardPassSucceeded shortPassSucceeded,passSucceeded backwardPassSucceeded shortPassSucceeded,0.278594,0.356161,476365,,,0.369488,0.271868
115406096,118575,5400000,0,476365,44,,,31425,筑波大学 サッカー同好会,5501840,SECOND_HALF,False,passReceived passReceivedFrom5,passReceived,0.369488,0.271868,,,,,
115406107,118575,5400000,0,476365,44,,,31425,筑波大学 サッカー同好会,5502680,SECOND_HALF,False,passSucceeded passSucceededFrom5 passSucceededTo7 passSucceededFrom5To7 forwardPassSucceeded mediumPassSucceeded,passSucceeded forwardPassSucceeded mediumPassSucceeded,0.351109,0.280422,476364,,,0.00998703,0.450766
115406108,118575,5400000,0,476364,55,,,31425,筑波大学 サッカー同好会,5504800,SECOND_HALF,False,passReceived passReceivedFrom7,passReceived,0.00998703,0.450766,,,,,
115406109,118575,5400000,0,476364,55,,,31425,筑波大学 サッカー同好会,5505724,SECOND_HALF,False,passSucceeded passSucceededFrom7 passSucceededTo7 passSucceededFrom7To7 sidewaysPassSucceeded shortPassSucceeded,passSucceeded sidewaysPassSucceeded shortPassSucceeded,0.00813315,0.452566,476359,,,0.161196,0.422384
115406110,118575,5400000,0,476359,16,,,31425,筑波大学 サッカー同好会,5507241,SECOND_HALF,False,passReceived passReceivedFrom7,passReceived,0.161196,0.422384,,,,,
115406116,118575,5400000,0,476359,16,,,31425,筑波大学 サッカー同好会,5508720,SECOND_HALF,False,passSucceeded passSucceededFrom7 passSucceededTo7 passSucceededFrom7To7 backwardPassSucceeded shortPassSucceeded,passSucceeded backwardPassSucceeded shortPassSucceeded,0.15695,0.430057,476365,,,0.274381,0.346407
115406117,118575,5400000,0,476365,44,,,31425,筑波大学 サッカー同好会,5510040,SECOND_HALF,False,passReceived passReceivedFrom7,passReceived,0.274381,0.346407,,,,,
115406118,118575,5400000,0,476365,44,,,31425,筑波大学 サッカー同好会,5511640,SECOND_HALF,False,passSucceeded passSucceededFrom5 passSucceededTo6 passSucceededFrom5To6 sidewaysPassSucceeded mediumPassSucceeded,passSucceeded sidewaysPassSucceeded mediumPassSucceeded,0.380902,0.313045,476355,,,0.674148,0.278634
115406119,118575,5400000,0,476355,31,,,31425,筑波大学 サッカー同好会,5513611,SECOND_HALF,False,passReceived passReceivedFrom6,passReceived,0.674148,0.278634,,,,,
115406133,118575,5400000,0,476355,31,,,31425,筑波大学 サッカー同好会,5515600,SECOND_HALF,False,dribbleToSpace,dribbleToSpace,0.719964,0.279466,,,,,
115401096,118575,5400000,0,476380,58,,,31424,筑波大学 - C3,5519720,SECOND_HALF,False,tackleFailed,tackleFailed,0.198302,0.530769,,,,,
115406159,118575,5400000,0,476355,31,,,31425,筑波大学 サッカー同好会,5522720,SECOND_HALF,False,passSucceeded passSucceededFrom9 passSucceededTo12 passSucceededFrom9To12 forwardPassSucceeded shortPassSucceeded,passSucceeded forwardPassSucceeded shortPassSucceeded,0.808303,0.468103,476363,,,0.805211,0.536168
115406160,118575,5400000,0,476363,32,,,31425,筑波大学 サッカー同好会,5523480,SECOND_HALF,False,passReceived passReceivedFrom12,passReceived,0.805211,0.536168,,,,,
115406164,118575,5400000,0,476363,32,,,31425,筑波大学 サッカー同好会,5524720,SECOND_HALF,False,passSucceeded passSucceededFrom12 passSucceededTo15 passSucceededFrom12To15 forwardPassSucceeded mediumPassSucceeded,passSucceeded forwardPassSucceeded mediumPassSucceeded,0.826109,0.54658,476362,,,1.02955,0.77505
115406165,118575,5400000,0,476362,9,,,31425,筑波大学 サッカー同好会,5528000,SECOND_HALF,False,passReceived passReceivedFrom15,passReceived,1.02955,0.77505,,,,,
115406174,118575,5400000,0,476362,9,,,31425,筑波大学 サッカー同好会,5533082,SECOND_HALF,False,dribbleFailed,dribbleFailed,0.910474,0.916392,,,,,
115401103,118575,5400000,0,476370,14,,,31424,筑波大学 - C3,5533840,SECOND_HALF,False,cutoff,cutoff,0.174522,0.0908365,,,,,
115401106,118575,5400000,0,476368,40,,,31424,筑波大学 - C3,5535697,SECOND_HALF,False,foulCommitted,foulCommitted,0.214544,0.0196466,,,,,
115406183,118575,5400000,0,476362,9,,,31425,筑波大学 サッカー同好会,5536360,SECOND_HALF,False,foulConceded,foulConceded,0.774054,0.981183,,,,,
115401112,118575,5400000,0,476368,40,,,31424,筑波大学 - C3,5559550,SECOND_HALF,False,freeKick passSucceeded passSucceededFrom2 passSucceededTo2 passSucceededFrom2To2 sidewaysPassSucceeded shortPassSucceeded,freeKick passSucceeded sidewaysPassSucceeded shortPassSucceeded,0.356313,0.095963,476367,,,0.486265,0.0764625
115401113,118575,5400000,0,476367,1,,,31424,筑波大学 - C3,5561568,SECOND_HALF,False,passReceived passReceivedFrom2,passReceived,0.486265,0.0764625,,,,,
115401117,118575,5400000,0,476367,1,,,31424,筑波大学 - C3,5562473,SECOND_HALF,False,passSucceeded passSucceededFrom2 passSucceededTo5 passSucceededFrom2To5 forwardPassSucceeded shortPassSucceeded,passSucceeded forwardPassSucceeded shortPassSucceeded,0.486265,0.0764625,476369,,,0.607918,0.180177
115401118,118575,5400000,0,476369,30,,,31424,筑波大学 - C3,5564270,SECOND_HALF,False,passReceived passReceivedFrom5,passReceived,0.607918,0.180177,,,,,
115401123,118575,5400000,0,476369,30,,,31424,筑波大学 - C3,5569160,SECOND_HALF,False,passSucceeded passSucceededFrom5 passSucceededTo4 passSucceededFrom5To4 sidewaysPassSucceeded mediumPassSucceeded,passSucceeded sidewaysPassSucceeded mediumPassSucceeded,0.594817,0.214139,476368,,,0.320477,0.198868
115401124,118575,5400000,0,476368,40,,,31424,筑波大学 - C3,5571112,SECOND_HALF,False,passReceived passReceivedFrom4,passReceived,0.320477,0.198868,,,,,
115401132,118575,5400000,0,476368,40,,,31424,筑波大学 - C3,5572827,SECOND_HALF,False,passFailed passFailedFrom4 passFailedTo7 passFailedFrom4To7 forwardPassFailed mediumPassFailed,passFailed forwardPassFailed mediumPassFailed,0.294452,0.236296,476381,,,0.236959,0.434227
115406257,118575,5400000,0,476366,77,,,31425,筑波大学 サッカー同好会,5574280,SECOND_HALF,False,attackRouteStart groundDuelSucceeded tackleSucceeded,duelSucceeded groundDuelSucceeded tackleSucceeded,0.766822,0.572743,,,,,
115401133,118575,5400000,0,476381,10,,,31424,筑波大学 - C3,5574320,SECOND_HALF,False,groundDuelFailed,duelFailed groundDuelFailed,0.236959,0.434227,,,,,
115406219,118575,5400000,0,476366,77,,,31425,筑波大学 サッカー同好会,5575680,SECOND_HALF,False,dribbleToSpace,dribbleToSpace,0.742808,0.635914,,,,,
115401138,118575,5400000,0,476381,10,,,31424,筑波大学 - C3,5578242,SECOND_HALF,False,tackleFailed,tackleFailed,0.376882,0.217495,,,,,
115406226,118575,5400000,0,476366,77,,,31425,筑波大学 サッカー同好会,5579280,SECOND_HALF,False,passFailed passFailedFrom14 passFailedTo18 passFailedFrom14To18 sidewaysPassFailed mediumPassFailed,passFailed sidewaysPassFailed mediumPassFailed,0.612965,0.803002,,,,0.850142,0.846105
115401144,118575,5400000,0,476370,14,,,31424,筑波大学 - C3,5581966,SECOND_HALF,False,intercept,intercept,0.155146,0.150522,,,,,
115406227,118575,5400000,0,,,,,31425,筑波大学 サッカー同好会,5582155,SECOND_HALF,False,,,0.850142,0.846105,,,,,
115401151,118575,5400000,0,476370,14,,,31424,筑波大学 - C3,5585330,SECOND_HALF,False,passFailed passFailedFrom1 passFailedTo4 passFailedFrom1To4 forwardPassFailed shortPassFailed,passFailed forwardPassFailed shortPassFailed,0.0520338,0.165754,,,,0.112256,0.300205
115401152,118575,5400000,0,,,,,31424,筑波大学 - C3,5586694,SECOND_HALF,False,,,0.112256,0.300205,,,,,
115406244,118575,5400000,0,476359,16,,,31425,筑波大学 サッカー同好会,5587160,SECOND_HALF,False,intercept dribbleToSpace,dribbleToSpace intercept,0.900121,0.697647,,,,,
115406253,118575,5400000,0,476359,16,,,31425,筑波大学 サッカー同好会,5591080,SECOND_HALF,False,shot footLeft attackRouteEnd shotOutOfPenaltyArea,shot,0.650408,0.740823,,,,,
115401159,118575,5400000,0,476367,1,,,31424,筑波大学 - C3,5605940,SECOND_HALF,False,goalKickSucceeded passSucceeded passSucceededFrom2 passSucceededTo2 passSucceededFrom2To2 forwardPassSucceeded mediumPassSucceeded,goalKickSucceeded passSucceeded forwardPassSucceeded mediumPassSucceeded,0.562335,0.0107766,476368,,,0.381669,0.132911
115401160,118575,5400000,0,476368,40,,,31424,筑波大学 - C3,5607963,SECOND_HALF,False,passReceived passReceivedFrom2,passReceived,0.381669,0.132911,,,,,
115401166,118575,5400000,0,476368,40,,,31424,筑波大学 - C3,5609634,SECOND_HALF,False,passSucceeded passSucceededFrom2 passSucceededTo3 passSucceededFrom2To3 sidewaysPassSucceeded mediumPassSucceeded,passSucceeded sidewaysPassSucceeded mediumPassSucceeded,0.397517,0.109306,476369,,,0.697042,0.145228
115401168,118575,5400000,0,476369,30,,,31424,筑波大学 - C3,5611304,SECOND_HALF,False,passReceived passReceivedFrom3,passReceived,0.697042,0.145228,,,,,
115401170,118575,5400000,0,476369,30,,,31424,筑波大学 - C3,5612447,SECOND_HALF,False,passSucceeded passSucceededFrom3 passSucceededTo2 passSucceededFrom3To2 backwardPassSucceeded mediumPassSucceeded,passSucceeded backwardPassSucceeded mediumPassSucceeded,0.701796,0.145228,476367,,,0.52113,0.0518303
115401171,118575,5400000,0,476367,1,,,31424,筑波大学 - C3,5613937,SECOND_HALF,False,passReceived passReceivedFrom2,passReceived,0.52113,0.0518303,,,,,
115401175,118575,5400000,0,476367,1,,,31424,筑波大学 - C3,5616911,SECOND_HALF,False,passSucceeded passSucceededFrom2 passSucceededTo3 passSucceededFrom2To3 sidewaysPassSucceeded mediumPassSucceeded,passSucceeded sidewaysPassSucceeded mediumPassSucceeded,0.500528,0.0785152,476369,,,0.70972,0.131885
115401176,118575,5400000,0,476369,30,,,31424,筑波大学 - C3,5618119,SECOND_HALF,False,passReceived passReceivedFrom3,passReceived,0.70972,0.131885,,,,,
115401177,118575,5400000,0,476369,30,,,31424,筑波大学 - C3,5618914,SECOND_HALF,False,passSucceeded passSucceededFrom3 passSucceededTo5 passSucceededFrom3To5 forwardPassSucceeded mediumPassSucceeded,passSucceeded forwardPassSucceeded mediumPassSucceeded,0.736661,0.152412,476382,,,0.575926,0.328287
115401178,118575,5400000,0,476382,3,,,31424,筑波大学 - C3,5621111,SECOND_HALF,False,passSucceeded passReceived passSucceededFrom5 passSucceededTo5 passSucceededFrom5To5 sidewaysPassSucceeded shortPassSucceeded,passSucceeded sidewaysPassSucceeded shortPassSucceeded passReceived,0.575926,0.328287,476380,,,0.443053,0.283374
115401179,118575,5400000,0,476380,58,,,31424,筑波大学 - C3,5622824,SECOND_HALF,False,passSucceeded passReceived passSucceededFrom5 passSucceededTo7 passSucceededFrom5To7 forwardPassSucceeded longPassSucceeded,passSucceeded forwardPassSucceeded longPassSucceeded passReceived,0.443053,0.283374,476370,,,0.0313115,0.497016
115401180,118575,5400000,0,476370,14,,,31424,筑波大学 - C3,5626692,SECOND_HALF,False,passReceived passReceivedFrom7,passReceived,0.0313115,0.497016,,,,,
115401185,118575,5400000,0,476370,14,,,31424,筑波大学 - C3,5627546,SECOND_HALF,False,passFailed passFailedFrom10 passFailedTo13 passFailedFrom10To13 forwardPassFailed mediumPassFailed,passFailed forwardPassFailed mediumPassFailed,0.0248962,0.520249,,,,0.0170757,0.800642
115401186,118575,5400000,0,,,,,31424,筑波大学 - C3,5630800,SECOND_HALF,False,,,0.0170757,0.800642,,,,,
115406281,118575,5400000,0,476355,31,,,31425,筑波大学 サッカー同好会,5630920,SECOND_HALF,False,clearance,clearance,0.960646,0.187384,,,,,
